seq_num,folder,frame_num,crop_index,arrival_timestamp,interarrival_delay
149,MVI_20011,25,0,1782339348.3771524,0.0
150,MVI_20011,25,1,1782339348.4026113,0.025458812713623047
151,MVI_20011,25,2,1782339348.4425995,0.03998827934265137
152,MVI_20011,25,3,1782339348.4829986,0.04039907455444336
153,MVI_20011,25,4,1782339348.5226533,0.03965473175048828
154,MVI_20011,25,5,1782339348.5626168,0.039963483810424805
155,MVI_20011,25,6,1782339348.6026084,0.03999161720275879
156,MVI_20011,26,0,1782339348.6505942,0.04798579216003418
157,MVI_20011,26,1,1782339348.6825757,0.031981468200683594
158,MVI_20011,26,2,1782339348.7225394,0.039963722229003906
159,MVI_20011,26,3,1782339348.7626054,0.04006600379943848
160,MVI_20011,26,4,1782339348.8025954,0.03998994827270508
161,MVI_20011,26,5,1782339348.8425405,0.039945125579833984
162,MVI_20011,26,6,1782339348.8825483,0.040007829666137695
163,MVI_20011,27,0,1782339348.9306517,0.04810333251953125
164,MVI_20011,27,1,1782339348.9625735,0.0319218635559082
165,MVI_20011,27,2,1782339349.002573,0.03999948501586914
166,MVI_20011,27,3,1782339349.0426376,0.04006457328796387
167,MVI_20011,27,4,1782339349.0825593,0.03992176055908203
168,MVI_20011,27,5,1782339349.1226354,0.04007601737976074
169,MVI_20011,27,6,1782339349.1627831,0.04014778137207031
170,MVI_20011,28,0,1782339349.210509,0.04772591590881348
171,MVI_20011,28,1,1782339349.2425401,0.03203105926513672
172,MVI_20011,28,2,1782339349.2826662,0.04012608528137207
173,MVI_20011,28,3,1782339349.3227265,0.04006028175354004
174,MVI_20011,28,4,1782339349.3626382,0.039911746978759766
175,MVI_20011,28,5,1782339349.4029872,0.04034900665283203
176,MVI_20011,28,6,1782339349.4426599,0.0396726131439209
177,MVI_20011,29,0,1782339349.4906113,0.047951459884643555
178,MVI_20011,29,1,1782339349.522602,0.031990766525268555
179,MVI_20011,29,2,1782339349.5625677,0.03996562957763672
180,MVI_20011,29,3,1782339349.6027443,0.0401766300201416
181,MVI_20011,29,4,1782339349.642667,0.03992271423339844
182,MVI_20011,29,5,1782339349.6825964,0.03992938995361328
183,MVI_20011,29,6,1782339349.7225075,0.03991103172302246
184,MVI_20011,30,0,1782339349.7713532,0.048845767974853516
185,MVI_20011,30,1,1782339349.802568,0.03121471405029297
186,MVI_20011,30,2,1782339349.8424268,0.03985881805419922
187,MVI_20011,30,3,1782339349.8824143,0.03998756408691406
188,MVI_20011,30,4,1782339349.9225097,0.04009532928466797
189,MVI_20011,30,5,1782339349.9625993,0.04008960723876953
190,MVI_20011,30,6,1782339350.0027251,0.04012584686279297
191,MVI_20011,31,0,1782339350.0519578,0.04923272132873535
192,MVI_20011,31,1,1782339350.0825548,0.03059697151184082
193,MVI_20011,31,2,1782339350.1225946,0.040039777755737305
194,MVI_20011,31,3,1782339350.1627216,0.04012703895568848
195,MVI_20011,31,4,1782339350.2026634,0.03994178771972656
196,MVI_20011,31,5,1782339350.2426243,0.03996086120605469
197,MVI_20011,31,6,1782339350.2826042,0.03997993469238281
198,MVI_20011,32,0,1782339350.3321726,0.04956841468811035
199,MVI_20011,32,1,1782339350.3626363,0.030463695526123047
200,MVI_20011,32,2,1782339350.4026084,0.03997206687927246
201,MVI_20011,32,3,1782339350.442554,0.03994560241699219
202,MVI_20011,32,4,1782339350.482552,0.03999805450439453
203,MVI_20011,32,5,1782339350.5225344,0.03998231887817383
204,MVI_20011,32,6,1782339350.5625546,0.04002022743225098
205,MVI_20011,33,0,1782339350.6109703,0.0484156608581543
206,MVI_20011,33,1,1782339350.6427996,0.0318293571472168
207,MVI_20011,33,2,1782339350.6825879,0.039788246154785156
208,MVI_20011,33,3,1782339350.7224362,0.03984832763671875
209,MVI_20011,33,4,1782339350.7627332,0.04029703140258789
210,MVI_20011,33,5,1782339350.8029046,0.04017138481140137
211,MVI_20011,33,6,1782339350.84262,0.03971529006958008
212,MVI_20011,34,0,1782339350.8908217,0.048201799392700195
213,MVI_20011,34,1,1782339350.9224,0.03157830238342285
214,MVI_20011,34,2,1782339350.9625812,0.04018115997314453
215,MVI_20011,34,3,1782339351.0024748,0.03989362716674805
216,MVI_20011,34,4,1782339351.0424306,0.039955854415893555
217,MVI_20011,34,5,1782339351.0825975,0.04016685485839844
218,MVI_20011,34,6,1782339351.122525,0.03992748260498047
219,MVI_20011,34,7,1782339351.1626043,0.040079355239868164
220,MVI_20011,35,0,1782339351.210478,0.047873735427856445
221,MVI_20011,35,1,1782339351.2429712,0.03249311447143555
222,MVI_20011,35,2,1782339351.2828226,0.03985142707824707
223,MVI_20011,35,3,1782339351.3227978,0.03997516632080078
224,MVI_20011,35,4,1782339351.3626692,0.0398714542388916
225,MVI_20011,35,5,1782339351.402752,0.040082693099975586
226,MVI_20011,35,6,1782339351.4428067,0.0400547981262207
227,MVI_20011,35,7,1782339351.4828722,0.04006552696228027
228,MVI_20011,36,0,1782339351.530778,0.047905683517456055
229,MVI_20011,36,1,1782339351.562467,0.03168916702270508
230,MVI_20011,36,2,1782339351.6026523,0.04018521308898926
231,MVI_20011,36,3,1782339351.6427648,0.04011249542236328
232,MVI_20011,36,4,1782339351.6828797,0.0401148796081543
233,MVI_20011,36,5,1782339351.7228708,0.039991140365600586
234,MVI_20011,36,6,1782339351.762828,0.039957284927368164
235,MVI_20011,36,7,1782339351.8026388,0.0398106575012207
236,MVI_20011,37,0,1782339351.8510587,0.048419952392578125
237,MVI_20011,37,1,1782339351.8826437,0.031584978103637695
238,MVI_20011,37,2,1782339351.922543,0.039899349212646484
239,MVI_20011,37,3,1782339351.9625473,0.04000425338745117
240,MVI_20011,37,4,1782339352.0028372,0.040289878845214844
241,MVI_20011,37,5,1782339352.0425682,0.03973102569580078
242,MVI_20011,37,6,1782339352.0827312,0.04016304016113281
243,MVI_20011,37,7,1782339352.1230633,0.04033207893371582
244,MVI_20011,37,8,1782339352.1625953,0.03953194618225098
245,MVI_20011,37,9,1782339352.2025805,0.03998517990112305
246,MVI_20011,38,0,1782339352.2517018,0.04912137985229492
247,MVI_20011,38,1,1782339352.2826133,0.03091144561767578
248,MVI_20011,38,2,1782339352.3226244,0.04001116752624512
249,MVI_20011,38,3,1782339352.362732,0.04010748863220215
250,MVI_20011,38,4,1782339352.4027448,0.04001283645629883
251,MVI_20011,38,5,1782339352.443175,0.040430307388305664
252,MVI_20011,38,6,1782339352.482919,0.039743900299072266
253,MVI_20011,38,7,1782339352.5239825,0.041063547134399414
254,MVI_20011,38,8,1782339352.564061,0.04007840156555176
255,MVI_20011,38,9,1782339352.602873,0.03881216049194336
256,MVI_20011,39,0,1782339352.6560972,0.05322408676147461
257,MVI_20011,39,1,1782339352.6834366,0.027339458465576172
258,MVI_20011,39,2,1782339352.7234383,0.040001630783081055
259,MVI_20011,39,3,1782339352.763262,0.03982377052307129
260,MVI_20011,39,4,1782339352.8033328,0.04007077217102051
261,MVI_20011,39,5,1782339352.8432086,0.03987574577331543
262,MVI_20011,39,6,1782339352.8832123,0.04000377655029297
263,MVI_20011,39,7,1782339352.9228923,0.03968000411987305
264,MVI_20011,39,8,1782339352.9628465,0.039954185485839844
265,MVI_20011,39,9,1782339353.003092,0.04024553298950195
266,MVI_20011,40,0,1782339353.0543165,0.051224470138549805
267,MVI_20011,40,1,1782339353.0826488,0.028332233428955078
268,MVI_20011,40,2,1782339353.1231477,0.040498971939086914
269,MVI_20011,40,3,1782339353.1626384,0.039490699768066406
270,MVI_20011,40,4,1782339353.2028763,0.0402379035949707
271,MVI_20011,40,5,1782339353.2436724,0.04079604148864746
272,MVI_20011,40,6,1782339353.2829013,0.03922891616821289
273,MVI_20011,40,7,1782339353.3230844,0.040183067321777344
274,MVI_20011,40,8,1782339353.3628986,0.03981423377990723
275,MVI_20011,40,9,1782339353.4031959,0.04029726982116699
276,MVI_20011,41,0,1782339353.4536362,0.050440311431884766
277,MVI_20011,41,1,1782339353.4830453,0.029409170150756836
278,MVI_20011,41,2,1782339353.523345,0.04029965400695801
279,MVI_20011,41,3,1782339353.5627391,0.03939414024353027
280,MVI_20011,41,4,1782339353.6030643,0.040325164794921875
281,MVI_20011,41,5,1782339353.6431231,0.04005885124206543
282,MVI_20011,41,6,1782339353.6833227,0.04019951820373535
283,MVI_20011,41,7,1782339353.7229438,0.03962111473083496
284,MVI_20011,41,8,1782339353.7625847,0.03964090347290039
285,MVI_20011,41,9,1782339353.8028948,0.04031014442443848
286,MVI_20011,42,0,1782339353.854985,0.05209016799926758
287,MVI_20011,42,1,1782339353.8829284,0.02794337272644043
288,MVI_20011,42,2,1782339353.9231281,0.04019975662231445
289,MVI_20011,42,3,1782339353.962898,0.039769887924194336
290,MVI_20011,42,4,1782339354.0032153,0.04031729698181152
291,MVI_20011,42,5,1782339354.043454,0.04023861885070801
292,MVI_20011,42,6,1782339354.082624,0.039170026779174805
293,MVI_20011,42,7,1782339354.1231935,0.04056954383850098
294,MVI_20011,42,8,1782339354.1625552,0.03936171531677246
295,MVI_20011,42,9,1782339354.2031214,0.040566205978393555
296,MVI_20011,43,0,1782339354.2508502,0.047728776931762695
297,MVI_20011,43,1,1782339354.2827442,0.03189396858215332
298,MVI_20011,43,2,1782339354.3233337,0.04058957099914551
299,MVI_20011,43,3,1782339354.3629422,0.03960847854614258
300,MVI_20011,43,4,1782339354.4030764,0.04013419151306152
301,MVI_20011,43,5,1782339354.4431734,0.04009699821472168
302,MVI_20011,43,6,1782339354.4828186,0.03964519500732422
303,MVI_20011,43,7,1782339354.523338,0.04051947593688965
304,MVI_20011,43,8,1782339354.5630355,0.03969740867614746
305,MVI_20011,43,9,1782339354.6031835,0.040148019790649414
306,MVI_20011,44,0,1782339354.6551287,0.05194520950317383
307,MVI_20011,44,1,1782339354.6832855,0.028156757354736328
308,MVI_20011,44,2,1782339354.724048,0.04076242446899414
309,MVI_20011,44,3,1782339354.7631981,0.039150238037109375
310,MVI_20011,44,4,1782339354.8031883,0.03999018669128418
311,MVI_20011,44,5,1782339354.8433278,0.04013943672180176
312,MVI_20011,44,6,1782339354.8827262,0.0393984317779541
313,MVI_20011,44,7,1782339354.9234412,0.04071497917175293
314,MVI_20011,44,8,1782339354.9630723,0.03963112831115723
315,MVI_20011,44,9,1782339355.0032344,0.040162086486816406
316,MVI_20011,45,0,1782339355.0555346,0.052300214767456055
317,MVI_20011,45,1,1782339355.0830789,0.027544260025024414
318,MVI_20011,45,2,1782339355.1232998,0.04022097587585449
319,MVI_20011,45,3,1782339355.163234,0.03993415832519531
320,MVI_20011,45,4,1782339355.2030895,0.0398554801940918
321,MVI_20011,45,5,1782339355.243217,0.04012751579284668
322,MVI_20011,45,6,1782339355.2828412,0.03962421417236328
323,MVI_20011,45,7,1782339355.3234975,0.040656328201293945
324,MVI_20011,45,8,1782339355.3631122,0.03961467742919922
325,MVI_20011,45,9,1782339355.4031296,0.04001736640930176
326,MVI_20011,46,0,1782339355.4542859,0.05115628242492676
327,MVI_20011,46,1,1782339355.4830027,0.0287168025970459
328,MVI_20011,46,2,1782339355.5230548,0.040052175521850586
329,MVI_20011,46,3,1782339355.5628872,0.039832353591918945
330,MVI_20011,46,4,1782339355.6032495,0.04036235809326172
331,MVI_20011,46,5,1782339355.64305,0.039800405502319336
332,MVI_20011,46,6,1782339355.6831713,0.04012131690979004
333,MVI_20011,46,7,1782339355.7238398,0.040668487548828125
334,MVI_20011,46,8,1782339355.7635326,0.03969287872314453
335,MVI_20011,46,9,1782339355.8029077,0.03937506675720215
336,MVI_20011,47,0,1782339355.8520358,0.049128055572509766
337,MVI_20011,47,1,1782339355.8830395,0.031003713607788086
338,MVI_20011,47,2,1782339355.9233935,0.040354013442993164
339,MVI_20011,47,3,1782339355.9631083,0.039714813232421875
340,MVI_20011,47,4,1782339356.0032396,0.040131330490112305
341,MVI_20011,47,5,1782339356.0434964,0.04025673866271973
342,MVI_20011,47,6,1782339356.0830812,0.03958487510681152
343,MVI_20011,47,7,1782339356.1232336,0.04015231132507324
344,MVI_20011,47,8,1782339356.1628401,0.039606571197509766
345,MVI_20011,47,9,1782339356.2031693,0.0403292179107666
346,MVI_20011,48,0,1782339356.2561276,0.05295825004577637
347,MVI_20011,48,1,1782339356.2832408,0.02711319923400879
348,MVI_20011,48,2,1782339356.323472,0.04023122787475586
349,MVI_20011,48,3,1782339356.3633494,0.03987741470336914
350,MVI_20011,48,4,1782339356.403122,0.03977251052856445
351,MVI_20011,48,5,1782339356.442912,0.03979015350341797
352,MVI_20011,48,6,1782339356.4829178,0.04000568389892578
353,MVI_20011,48,7,1782339356.5234704,0.040552616119384766
354,MVI_20011,48,8,1782339356.563288,0.03981757164001465
355,MVI_20011,48,9,1782339356.6031783,0.039890289306640625
356,MVI_20011,49,0,1782339356.6554017,0.05222344398498535
357,MVI_20011,49,1,1782339356.6829906,0.027588844299316406
358,MVI_20011,49,2,1782339356.7232761,0.040285587310791016
359,MVI_20011,49,3,1782339356.7632248,0.03994870185852051
360,MVI_20011,49,4,1782339356.8030035,0.039778709411621094
361,MVI_20011,49,5,1782339356.843095,0.040091514587402344
362,MVI_20011,49,6,1782339356.8829522,0.03985714912414551
363,MVI_20011,49,7,1782339356.9232345,0.040282249450683594
364,MVI_20011,49,8,1782339356.9633753,0.04014086723327637
365,MVI_20011,49,9,1782339357.0031543,0.039778947830200195
366,MVI_20011,50,0,1782339357.0547905,0.0516362190246582
367,MVI_20011,50,1,1782339357.0826263,0.027835845947265625
368,MVI_20011,50,2,1782339357.1231782,0.04055190086364746
369,MVI_20011,50,3,1782339357.1632574,0.04007911682128906
370,MVI_20011,50,4,1782339357.2031004,0.039843082427978516
371,MVI_20011,50,5,1782339357.2431808,0.04008030891418457
372,MVI_20011,50,6,1782339357.2837489,0.04056811332702637
373,MVI_20011,50,7,1782339357.323473,0.039724111557006836
374,MVI_20011,50,8,1782339357.3638651,0.040392160415649414
375,MVI_20011,50,9,1782339357.4031506,0.03928542137145996
376,MVI_20032,1,0,1782339357.466381,0.06323051452636719
377,MVI_20032,1,1,1782339357.4827824,0.016401290893554688
378,MVI_20032,1,2,1782339357.5232291,0.04044675827026367
379,MVI_20032,1,3,1782339357.563371,0.04014182090759277
380,MVI_20032,2,0,1782339357.6131687,0.049797773361206055
381,MVI_20032,2,1,1782339357.6431375,0.029968738555908203
382,MVI_20032,2,2,1782339357.6842985,0.04116106033325195
383,MVI_20032,2,3,1782339357.723297,0.03899860382080078
384,MVI_20032,3,0,1782339357.7700942,0.04679703712463379
385,MVI_20032,3,1,1782339357.803054,0.032959938049316406
386,MVI_20032,3,2,1782339357.8434396,0.04038548469543457
387,MVI_20032,3,3,1782339357.8832204,0.03978085517883301
388,MVI_20032,4,0,1782339357.9345982,0.05137777328491211
389,MVI_20032,4,1,1782339357.9630904,0.028492212295532227
390,MVI_20032,4,2,1782339358.003176,0.040085554122924805
391,MVI_20032,4,3,1782339358.0431795,0.04000353813171387
392,MVI_20032,5,0,1782339358.0899425,0.046762943267822266
393,MVI_20032,5,1,1782339358.1230745,0.033132076263427734
394,MVI_20032,5,2,1782339358.1633813,0.040306806564331055
395,MVI_20032,5,3,1782339358.2032013,0.039819955825805664
396,MVI_20032,6,0,1782339358.2541635,0.050962209701538086
397,MVI_20032,6,1,1782339358.2831564,0.028992891311645508
398,MVI_20032,6,2,1782339358.323236,0.040079593658447266
399,MVI_20032,6,3,1782339358.36304,0.03980398178100586
400,MVI_20032,7,0,1782339358.4104753,0.04743528366088867
401,MVI_20032,7,1,1782339358.4430811,0.032605886459350586
402,MVI_20032,7,2,1782339358.4833326,0.04025149345397949
403,MVI_20032,7,3,1782339358.5232975,0.039964914321899414
404,MVI_20032,8,0,1782339358.5737877,0.05049014091491699
405,MVI_20032,8,1,1782339358.6031573,0.029369592666625977
406,MVI_20032,8,2,1782339358.6432498,0.04009246826171875
407,MVI_20032,8,3,1782339358.683125,0.03987526893615723
408,MVI_20032,9,0,1782339358.7307408,0.047615766525268555
409,MVI_20032,9,1,1782339358.763027,0.03228616714477539
410,MVI_20032,9,2,1782339358.803231,0.04020404815673828
411,MVI_20032,9,3,1782339358.8432333,0.04000234603881836
412,MVI_20032,10,0,1782339358.893715,0.050481557846069336
413,MVI_20032,10,1,1782339358.9228196,0.02910470962524414
414,MVI_20032,10,2,1782339358.9629805,0.0401608943939209
415,MVI_20032,10,3,1782339359.0029087,0.03992819786071777
416,MVI_20032,11,0,1782339359.0510318,0.04812312126159668
417,MVI_20032,11,1,1782339359.0831206,0.0320887565612793
418,MVI_20032,11,2,1782339359.1230626,0.039942026138305664
419,MVI_20032,11,3,1782339359.1632826,0.040220022201538086
420,MVI_20032,12,0,1782339359.2144988,0.05121612548828125
421,MVI_20032,12,1,1782339359.2430139,0.028515100479125977
422,MVI_20032,12,2,1782339359.28316,0.0401461124420166
423,MVI_20032,12,3,1782339359.323125,0.039964914321899414
424,MVI_20032,13,0,1782339359.3705873,0.04746246337890625
425,MVI_20032,13,1,1782339359.4031374,0.03255009651184082
426,MVI_20032,13,2,1782339359.4432378,0.0401003360748291
427,MVI_20032,13,3,1782339359.4831843,0.039946556091308594
428,MVI_20032,14,0,1782339359.5329664,0.04978203773498535
429,MVI_20032,14,1,1782339359.5632892,0.030322790145874023
430,MVI_20032,14,2,1782339359.603071,0.039781808853149414
431,MVI_20032,14,3,1782339359.6429732,0.0399022102355957
432,MVI_20032,15,0,1782339359.6903882,0.04741501808166504
433,MVI_20032,15,1,1782339359.722881,0.032492876052856445
434,MVI_20032,15,2,1782339359.7632914,0.04041028022766113
435,MVI_20032,15,3,1782339359.8031867,0.03989529609680176
436,MVI_20032,16,0,1782339359.8538005,0.0506138801574707
437,MVI_20032,16,1,1782339359.8825853,0.028784751892089844
438,MVI_20032,16,2,1782339359.9231753,0.04059004783630371
439,MVI_20032,16,3,1782339359.963055,0.039879560470581055
440,MVI_20032,17,0,1782339360.00933,0.04627513885498047
441,MVI_20032,17,1,1782339360.0430992,0.03376913070678711
442,MVI_20032,17,2,1782339360.0827484,0.039649248123168945
443,MVI_20032,17,3,1782339360.1232512,0.04050278663635254
444,MVI_20032,18,0,1782339360.1734827,0.0502314567565918
445,MVI_20032,18,1,1782339360.203239,0.02975630760192871
446,MVI_20032,18,2,1782339360.2433708,0.04013180732727051
447,MVI_20032,18,3,1782339360.282982,0.0396113395690918
448,MVI_20032,19,0,1782339360.330545,0.04756283760070801
449,MVI_20032,19,1,1782339360.3633714,0.03282642364501953
450,MVI_20032,19,2,1782339360.4031265,0.03975510597229004
451,MVI_20032,19,3,1782339360.4429936,0.03986716270446777
452,MVI_20032,20,0,1782339360.494052,0.051058292388916016
453,MVI_20032,20,1,1782339360.5229912,0.028939247131347656
454,MVI_20032,20,2,1782339360.563899,0.040907859802246094
455,MVI_20032,20,3,1782339360.6031008,0.03920173645019531
456,MVI_20032,21,0,1782339360.6501176,0.04701685905456543
457,MVI_20032,21,1,1782339360.6830897,0.032972097396850586
458,MVI_20032,21,2,1782339360.7231767,0.040086984634399414
459,MVI_20032,21,3,1782339360.7631326,0.039955854415893555
460,MVI_20032,22,0,1782339360.8128953,0.049762725830078125
461,MVI_20032,22,1,1782339360.8432605,0.0303652286529541
462,MVI_20032,22,2,1782339360.8831897,0.03992915153503418
463,MVI_20032,22,3,1782339360.923317,0.04012727737426758
464,MVI_20032,23,0,1782339360.970607,0.04729008674621582
465,MVI_20032,23,1,1782339361.0033028,0.032695770263671875
466,MVI_20032,23,2,1782339361.0432138,0.03991103172302246
467,MVI_20032,23,3,1782339361.0829504,0.03973650932312012
468,MVI_20032,24,0,1782339361.1331482,0.05019783973693848
469,MVI_20032,24,1,1782339361.1635346,0.03038644790649414
470,MVI_20032,24,2,1782339361.2034779,0.03994321823120117
471,MVI_20032,24,3,1782339361.2432728,0.039794921875
472,MVI_20032,25,0,1782339361.2930472,0.0497744083404541
473,MVI_20032,25,1,1782339361.3228261,0.02977895736694336
474,MVI_20032,25,2,1782339361.3637624,0.04093623161315918
475,MVI_20032,25,3,1782339361.4033136,0.0395512580871582
476,MVI_20032,26,0,1782339361.45225,0.04893636703491211
477,MVI_20032,26,1,1782339361.4835348,0.03128480911254883
478,MVI_20032,26,2,1782339361.5231597,0.039624929428100586
479,MVI_20032,26,3,1782339361.563561,0.04040122032165527
480,MVI_20032,27,0,1782339361.6099613,0.04640030860900879
481,MVI_20032,27,1,1782339361.6430516,0.03309035301208496
482,MVI_20032,27,2,1782339361.6831868,0.04013514518737793
483,MVI_20032,27,3,1782339361.7231233,0.03993654251098633
484,MVI_20032,28,0,1782339361.7739022,0.050778865814208984
485,MVI_20032,28,1,1782339361.8029792,0.02907705307006836
486,MVI_20032,28,2,1782339361.8432589,0.04027962684631348
487,MVI_20032,28,3,1782339361.882976,0.03971719741821289
488,MVI_20032,29,0,1782339361.9301248,0.047148704528808594
489,MVI_20032,29,1,1782339361.9631126,0.03298783302307129
490,MVI_20032,29,2,1782339362.0030541,0.03994154930114746
491,MVI_20032,29,3,1782339362.0431736,0.04011940956115723
492,MVI_20032,30,0,1782339362.092587,0.049413442611694336
493,MVI_20032,30,1,1782339362.1228194,0.03023242950439453
494,MVI_20032,30,2,1782339362.1634312,0.04061174392700195
495,MVI_20032,30,3,1782339362.2029068,0.03947567939758301
496,MVI_20032,31,0,1782339362.2519722,0.049065351486206055
497,MVI_20032,31,1,1782339362.2831938,0.031221628189086914
498,MVI_20032,31,2,1782339362.3231118,0.039917945861816406
499,MVI_20032,31,3,1782339362.363214,0.040102243423461914
500,MVI_20032,32,0,1782339362.4128542,0.04964017868041992
501,MVI_20032,32,1,1782339362.4429445,0.03009033203125
502,MVI_20032,32,2,1782339362.4831588,0.04021430015563965
503,MVI_20032,32,3,1782339362.5229805,0.039821624755859375
504,MVI_20032,33,0,1782339362.570612,0.04763150215148926
505,MVI_20032,33,1,1782339362.6027532,0.03214120864868164
506,MVI_20032,33,2,1782339362.6430829,0.040329694747924805
507,MVI_20032,33,3,1782339362.6832495,0.040166616439819336
508,MVI_20032,34,0,1782339362.733418,0.050168514251708984
509,MVI_20032,34,1,1782339362.7632055,0.029787540435791016
510,MVI_20032,34,2,1782339362.802785,0.03957939147949219
511,MVI_20032,34,3,1782339362.842793,0.0400080680847168
512,MVI_20032,35,0,1782339362.8898354,0.0470423698425293
513,MVI_20032,35,1,1782339362.9228692,0.03303384780883789
514,MVI_20032,35,2,1782339362.963234,0.040364742279052734
515,MVI_20032,35,3,1782339363.0031626,0.03992867469787598
516,MVI_20032,36,0,1782339363.0533056,0.05014300346374512
517,MVI_20032,36,1,1782339363.082912,0.029606342315673828
518,MVI_20032,36,2,1782339363.122693,0.03978109359741211
519,MVI_20032,36,3,1782339363.1627471,0.0400540828704834
520,MVI_20032,37,0,1782339363.2138891,0.051141977310180664
521,MVI_20032,37,1,1782339363.2431278,0.02923870086669922
522,MVI_20032,37,2,1782339363.2830403,0.03991246223449707
523,MVI_20032,37,3,1782339363.3232577,0.04021739959716797
524,MVI_20032,38,0,1782339363.3699138,0.046656131744384766
525,MVI_20032,38,1,1782339363.4033458,0.0334320068359375
526,MVI_20032,38,2,1782339363.443278,0.0399322509765625
527,MVI_20032,38,3,1782339363.4828117,0.03953361511230469
528,MVI_20032,39,0,1782339363.5338225,0.051010847091674805
529,MVI_20032,39,1,1782339363.5631828,0.029360294342041016
530,MVI_20032,39,2,1782339363.6031845,0.040001630783081055
531,MVI_20032,39,3,1782339363.6432292,0.04004478454589844
532,MVI_20032,40,0,1782339363.6938765,0.05064725875854492
533,MVI_20032,40,1,1782339363.7228363,0.02895975112915039
534,MVI_20032,40,2,1782339363.7632751,0.04043889045715332
535,MVI_20032,40,3,1782339363.8032665,0.03999137878417969
536,MVI_20032,41,0,1782339363.8508098,0.04754328727722168
537,MVI_20032,41,1,1782339363.88274,0.03193020820617676
538,MVI_20032,41,2,1782339363.9231715,0.04043149948120117
539,MVI_20032,41,3,1782339363.9631457,0.039974212646484375
540,MVI_20032,42,0,1782339364.0100071,0.04686141014099121
541,MVI_20032,42,1,1782339364.0429292,0.03292202949523926
542,MVI_20032,42,2,1782339364.0828922,0.0399630069732666
543,MVI_20032,42,3,1782339364.1229956,0.04010343551635742
544,MVI_20032,43,0,1782339364.1701581,0.047162532806396484
545,MVI_20032,43,1,1782339364.202903,0.0327448844909668
546,MVI_20032,43,2,1782339364.2429483,0.04004526138305664
547,MVI_20032,43,3,1782339364.2828543,0.03990602493286133
548,MVI_20032,44,0,1782339364.3313725,0.04851818084716797
549,MVI_20032,44,1,1782339364.3632555,0.03188300132751465
550,MVI_20032,44,2,1782339364.4031885,0.039932966232299805
551,MVI_20032,44,3,1782339364.4432576,0.0400691032409668
552,MVI_20032,45,0,1782339364.4953213,0.052063703536987305
553,MVI_20032,45,1,1782339364.5226946,0.027373313903808594
554,MVI_20032,45,2,1782339364.562893,0.040198326110839844
555,MVI_20032,45,3,1782339364.6028795,0.039986610412597656
556,MVI_20032,46,0,1782339364.6502647,0.047385215759277344
557,MVI_20032,46,1,1782339364.6832821,0.03301739692687988
558,MVI_20032,46,2,1782339364.7229683,0.03968620300292969
559,MVI_20032,46,3,1782339364.763115,0.040146589279174805
560,MVI_20032,47,0,1782339364.810617,0.04750204086303711
561,MVI_20032,47,1,1782339364.8429615,0.03234457969665527
562,MVI_20032,47,2,1782339364.8830283,0.04006671905517578
563,MVI_20032,47,3,1782339364.9229643,0.039936065673828125
564,MVI_20032,48,0,1782339364.972576,0.049611568450927734
565,MVI_20032,48,1,1782339365.0029716,0.0303957462310791
566,MVI_20032,48,2,1782339365.0426548,0.03968310356140137
567,MVI_20032,48,3,1782339365.0829887,0.04033398628234863
568,MVI_20032,49,0,1782339365.1339936,0.051004886627197266
569,MVI_20032,49,1,1782339365.1630876,0.02909398078918457
570,MVI_20032,49,2,1782339365.2029693,0.03988170623779297
571,MVI_20032,49,3,1782339365.2429729,0.04000353813171387
572,MVI_20032,50,0,1782339365.2904305,0.04745769500732422
573,MVI_20032,50,1,1782339365.3231163,0.03268575668334961
574,MVI_20032,50,2,1782339365.3631928,0.040076494216918945
575,MVI_20032,50,3,1782339365.403362,0.04016923904418945
576,MVI_20033,1,0,1782339365.492122,0.0887598991394043
577,MVI_20033,1,1,1782339365.4922032,8.130073547363281e-05
578,MVI_20033,1,2,1782339365.5227566,0.030553340911865234
579,MVI_20033,1,3,1782339365.5631816,0.04042506217956543
580,MVI_20033,2,0,1782339365.6098905,0.04670882225036621
581,MVI_20033,2,1,1782339365.6430564,0.033165931701660156
582,MVI_20033,2,2,1782339365.6830156,0.03995919227600098
583,MVI_20033,2,3,1782339365.723274,0.04025840759277344
584,MVI_20033,3,0,1782339365.7709422,0.0476682186126709
585,MVI_20033,3,1,1782339365.8029943,0.032052040100097656
586,MVI_20033,3,2,1782339365.8430562,0.04006195068359375
587,MVI_20033,3,3,1782339365.8828533,0.039797067642211914
588,MVI_20033,4,0,1782339365.9310176,0.04816436767578125
589,MVI_20033,4,1,1782339365.962938,0.031920433044433594
590,MVI_20033,4,2,1782339366.002917,0.039978981018066406
591,MVI_20033,4,3,1782339366.0431194,0.04020237922668457
592,MVI_20033,5,0,1782339366.089876,0.04675650596618652
593,MVI_20033,5,1,1782339366.123146,0.03327012062072754
594,MVI_20033,5,2,1782339366.1632786,0.04013252258300781
595,MVI_20033,5,3,1782339366.2031536,0.039875030517578125
596,MVI_20033,6,0,1782339366.2504141,0.04726052284240723
597,MVI_20033,6,1,1782339366.2832446,0.03283047676086426
598,MVI_20033,6,2,1782339366.3235083,0.04026365280151367
599,MVI_20033,6,3,1782339366.362998,0.03948974609375
600,MVI_20033,7,0,1782339366.4108584,0.04786038398742676
601,MVI_20033,7,1,1782339366.4430075,0.03214907646179199
602,MVI_20033,7,2,1782339366.482944,0.03993654251098633
603,MVI_20033,7,3,1782339366.5234365,0.04049253463745117
604,MVI_20033,7,4,1782339366.5630257,0.03958916664123535
605,MVI_20033,8,0,1782339366.6127293,0.04970359802246094
606,MVI_20033,8,1,1782339366.6430144,0.030285120010375977
607,MVI_20033,8,2,1782339366.6833472,0.040332794189453125
608,MVI_20033,8,3,1782339366.7229867,0.03963947296142578
609,MVI_20033,8,4,1782339366.7631826,0.04019594192504883
610,MVI_20033,9,0,1782339366.8101869,0.04700422286987305
611,MVI_20033,9,1,1782339366.8432198,0.033032894134521484
612,MVI_20033,9,2,1782339366.8828576,0.03963780403137207
613,MVI_20033,9,3,1782339366.9232097,0.04035210609436035
614,MVI_20033,9,4,1782339366.9631593,0.039949655532836914
615,MVI_20033,10,0,1782339367.015252,0.052092790603637695
616,MVI_20033,10,1,1782339367.042767,0.027514934539794922
617,MVI_20033,10,2,1782339367.0833945,0.040627479553222656
618,MVI_20033,10,3,1782339367.1233468,0.03995227813720703
619,MVI_20033,10,4,1782339367.1631513,0.03980445861816406
620,MVI_20033,11,0,1782339367.2108052,0.047653913497924805
621,MVI_20033,11,1,1782339367.243237,0.032431840896606445
622,MVI_20033,11,2,1782339367.2828581,0.03962111473083496
623,MVI_20033,11,3,1782339367.3232775,0.04041934013366699
624,MVI_20033,11,4,1782339367.3631194,0.03984189033508301
625,MVI_20033,12,0,1782339367.4148054,0.05168604850769043
626,MVI_20033,12,1,1782339367.443308,0.028502702713012695
627,MVI_20033,12,2,1782339367.4829555,0.03964734077453613
628,MVI_20033,12,3,1782339367.5230918,0.04013633728027344
629,MVI_20033,12,4,1782339367.5628445,0.03975272178649902
630,MVI_20033,13,0,1782339367.6145852,0.05174064636230469
631,MVI_20033,13,1,1782339367.6438892,0.029304027557373047
632,MVI_20033,13,2,1782339367.6831808,0.0392916202545166
633,MVI_20033,13,3,1782339367.7232223,0.040041446685791016
634,MVI_20033,13,4,1782339367.7631853,0.0399630069732666
635,MVI_20033,14,0,1782339367.8159716,0.05278635025024414
636,MVI_20033,14,1,1782339367.8426673,0.026695728302001953
637,MVI_20033,14,2,1782339367.8831842,0.04051685333251953
638,MVI_20033,14,3,1782339367.9228933,0.03970909118652344
639,MVI_20033,14,4,1782339367.9628596,0.03996634483337402
640,MVI_20033,15,0,1782339368.013653,0.05079340934753418
641,MVI_20033,15,1,1782339368.0432165,0.029563426971435547
642,MVI_20033,15,2,1782339368.083143,0.03992652893066406
643,MVI_20033,15,3,1782339368.1231544,0.04001140594482422
644,MVI_20033,15,4,1782339368.1626542,0.039499759674072266
645,MVI_20033,16,0,1782339368.211047,0.04839277267456055
646,MVI_20033,16,1,1782339368.243403,0.03235602378845215
647,MVI_20033,16,2,1782339368.282927,0.039524078369140625
648,MVI_20033,16,3,1782339368.323157,0.04023003578186035
649,MVI_20033,16,4,1782339368.3634605,0.04030346870422363
650,MVI_20033,17,0,1782339368.4158876,0.052427053451538086
651,MVI_20033,17,1,1782339368.44263,0.02674245834350586
652,MVI_20033,17,2,1782339368.4830983,0.04046821594238281
653,MVI_20033,17,3,1782339368.5232685,0.04017019271850586
654,MVI_20033,17,4,1782339368.5631692,0.039900779724121094
655,MVI_20033,18,0,1782339368.6141632,0.050993919372558594
656,MVI_20033,18,1,1782339368.6428902,0.028727054595947266
657,MVI_20033,18,2,1782339368.683487,0.040596723556518555
658,MVI_20033,18,3,1782339368.7230985,0.0396115779876709
659,MVI_20033,18,4,1782339368.763932,0.040833473205566406
660,MVI_20033,19,0,1782339368.8113081,0.047376155853271484
661,MVI_20033,19,1,1782339368.843385,0.03207683563232422
662,MVI_20033,19,2,1782339368.8834817,0.04009675979614258
663,MVI_20033,19,3,1782339368.9231439,0.03966212272644043
664,MVI_20033,19,4,1782339368.9627986,0.03965473175048828
665,MVI_20033,20,0,1782339369.0103078,0.047509193420410156
666,MVI_20033,20,1,1782339369.0434186,0.033110857009887695
667,MVI_20033,20,2,1782339369.0833788,0.03996014595031738
668,MVI_20033,20,3,1782339369.1230383,0.03965950012207031
669,MVI_20033,20,4,1782339369.163024,0.03998565673828125
670,MVI_20033,21,0,1782339369.215063,0.052039146423339844
671,MVI_20033,21,1,1782339369.2436314,0.028568267822265625
672,MVI_20033,21,2,1782339369.2829823,0.03935098648071289
673,MVI_20033,21,3,1782339369.323513,0.04053068161010742
674,MVI_20033,21,4,1782339369.3629181,0.039405107498168945
675,MVI_20033,22,0,1782339369.413641,0.05072283744812012
676,MVI_20033,22,1,1782339369.4430208,0.029379844665527344
677,MVI_20033,22,2,1782339369.4832964,0.04027557373046875
678,MVI_20033,22,3,1782339369.523633,0.04033660888671875
679,MVI_20033,22,4,1782339369.5639095,0.040276527404785156
680,MVI_20033,23,0,1782339369.6134787,0.049569129943847656
681,MVI_20033,23,1,1782339369.6432748,0.029796123504638672
682,MVI_20033,23,2,1782339369.6831522,0.03987741470336914
683,MVI_20033,23,3,1782339369.7230473,0.039895057678222656
684,MVI_20033,23,4,1782339369.7628503,0.03980302810668945
685,MVI_20033,24,0,1782339369.8155332,0.05268287658691406
686,MVI_20033,24,1,1782339369.8438096,0.028276443481445312
687,MVI_20033,24,2,1782339369.8828943,0.039084672927856445
688,MVI_20033,24,3,1782339369.9229288,0.04003453254699707
689,MVI_20033,24,4,1782339369.9632442,0.04031538963317871
690,MVI_20033,25,0,1782339370.0133538,0.0501096248626709
691,MVI_20033,25,1,1782339370.0428298,0.029475927352905273
692,MVI_20033,25,2,1782339370.082736,0.03990626335144043
693,MVI_20033,25,3,1782339370.1227536,0.04001760482788086
694,MVI_20033,25,4,1782339370.1628718,0.04011821746826172
695,MVI_20033,26,0,1782339370.2117383,0.04886651039123535
696,MVI_20033,26,1,1782339370.2431102,0.0313718318939209
697,MVI_20033,26,2,1782339370.2832794,0.04016923904418945
698,MVI_20033,26,3,1782339370.3232281,0.03994870185852051
699,MVI_20033,26,4,1782339370.3631482,0.03992009162902832
700,MVI_20033,27,0,1782339370.4148283,0.05168008804321289
701,MVI_20033,27,1,1782339370.4436376,0.028809309005737305
702,MVI_20033,27,2,1782339370.4831738,0.039536237716674805
703,MVI_20033,27,3,1782339370.5242429,0.04106903076171875
704,MVI_20033,27,4,1782339370.5628853,0.03864240646362305
705,MVI_20033,28,0,1782339370.616198,0.05331277847290039
706,MVI_20033,28,1,1782339370.642992,0.026793956756591797
707,MVI_20033,28,2,1782339370.6829607,0.03996872901916504
708,MVI_20033,28,3,1782339370.723172,0.04021120071411133
709,MVI_20033,28,4,1782339370.762857,0.03968501091003418
710,MVI_20033,29,0,1782339370.8139663,0.05110931396484375
711,MVI_20033,29,1,1782339370.8430204,0.02905416488647461
712,MVI_20033,29,2,1782339370.8830523,0.04003190994262695
713,MVI_20033,29,3,1782339370.9231284,0.04007601737976074
714,MVI_20033,29,4,1782339370.963015,0.0398867130279541
715,MVI_20033,30,0,1782339371.0147684,0.05175328254699707
716,MVI_20033,30,1,1782339371.0427585,0.027990102767944336
717,MVI_20033,30,2,1782339371.0829666,0.04020810127258301
718,MVI_20033,30,3,1782339371.123071,0.04010438919067383
719,MVI_20033,30,4,1782339371.16298,0.03990912437438965
720,MVI_20033,31,0,1782339371.2116938,0.04871368408203125
721,MVI_20033,31,1,1782339371.24305,0.0313563346862793
722,MVI_20033,31,2,1782339371.283307,0.04025697708129883
723,MVI_20033,31,3,1782339371.3230472,0.03974008560180664
724,MVI_20033,31,4,1782339371.362852,0.039804935455322266
725,MVI_20033,32,0,1782339371.4129336,0.050081491470336914
726,MVI_20033,32,1,1782339371.442814,0.029880523681640625
727,MVI_20033,32,2,1782339371.4832256,0.04041147232055664
728,MVI_20033,32,3,1782339371.5228212,0.039595603942871094
729,MVI_20033,32,4,1782339371.562811,0.03998970985412598
730,MVI_20033,33,0,1782339371.6152692,0.05245828628540039
731,MVI_20033,33,1,1782339371.6429267,0.027657508850097656
732,MVI_20033,33,2,1782339371.6831887,0.04026198387145996
733,MVI_20033,33,3,1782339371.723486,0.04029726982116699
734,MVI_20033,33,4,1782339371.7631972,0.03971123695373535
735,MVI_20033,34,0,1782339371.8145945,0.05139732360839844
736,MVI_20033,34,1,1782339371.8439374,0.0293428897857666
737,MVI_20033,34,2,1782339371.8834748,0.03953742980957031
738,MVI_20033,34,3,1782339371.9235036,0.04002881050109863
739,MVI_20033,34,4,1782339371.963123,0.03961944580078125
740,MVI_20033,35,0,1782339372.014469,0.0513458251953125
741,MVI_20033,35,1,1782339372.0430918,0.028622865676879883
742,MVI_20033,35,2,1782339372.0832367,0.040144920349121094
743,MVI_20033,35,3,1782339372.1232505,0.040013790130615234
744,MVI_20033,35,4,1782339372.1628788,0.03962826728820801
745,MVI_20033,36,0,1782339372.2133095,0.0504307746887207
746,MVI_20033,36,1,1782339372.2434587,0.030149221420288086
747,MVI_20033,36,2,1782339372.2829716,0.03951287269592285
748,MVI_20033,36,3,1782339372.3226361,0.039664506912231445
749,MVI_20033,36,4,1782339372.3632624,0.04062628746032715
750,MVI_20033,37,0,1782339372.4142125,0.050950050354003906
751,MVI_20033,37,1,1782339372.4430397,0.028827190399169922
752,MVI_20033,37,2,1782339372.483052,0.040012359619140625
753,MVI_20033,37,3,1782339372.523013,0.03996109962463379
754,MVI_20033,37,4,1782339372.563336,0.04032278060913086
755,MVI_20033,38,0,1782339372.6120687,0.048732757568359375
756,MVI_20033,38,1,1782339372.643135,0.031066417694091797
757,MVI_20033,38,2,1782339372.6830363,0.0399012565612793
758,MVI_20033,38,3,1782339372.723002,0.03996562957763672
759,MVI_20033,38,4,1782339372.7628276,0.0398256778717041
760,MVI_20033,39,0,1782339372.813941,0.05111336708068848
761,MVI_20033,39,1,1782339372.8433363,0.029395341873168945
762,MVI_20033,39,2,1782339372.882721,0.03938460350036621
763,MVI_20033,39,3,1782339372.9234624,0.0407414436340332
764,MVI_20033,39,4,1782339372.9632888,0.039826393127441406
765,MVI_20033,40,0,1782339373.013025,0.04973626136779785
766,MVI_20033,40,1,1782339373.0436916,0.030666589736938477
767,MVI_20033,40,2,1782339373.0834835,0.03979182243347168
768,MVI_20033,40,3,1782339373.1228564,0.039372920989990234
769,MVI_20033,40,4,1782339373.163072,0.04021573066711426
770,MVI_20033,41,0,1782339373.2138484,0.05077624320983887
771,MVI_20033,41,1,1782339373.2435942,0.029745817184448242
772,MVI_20033,41,2,1782339373.2833025,0.03970837593078613
773,MVI_20033,41,3,1782339373.3232327,0.039930105209350586
774,MVI_20033,41,4,1782339373.362795,0.03956246376037598
775,MVI_20033,42,0,1782339373.4118671,0.0490720272064209
776,MVI_20033,42,1,1782339373.4432075,0.03134036064147949
777,MVI_20033,42,2,1782339373.4834516,0.040244102478027344
778,MVI_20033,42,3,1782339373.5230997,0.03964805603027344
779,MVI_20033,42,4,1782339373.56324,0.040140390396118164
780,MVI_20033,43,0,1782339373.61536,0.05211997032165527
781,MVI_20033,43,1,1782339373.6430016,0.02764153480529785
782,MVI_20033,43,2,1782339373.683164,0.04016232490539551
783,MVI_20033,43,3,1782339373.723358,0.040194034576416016
784,MVI_20033,43,4,1782339373.763294,0.039936065673828125
785,MVI_20033,44,0,1782339373.8123064,0.04901242256164551
786,MVI_20033,44,1,1782339373.8434691,0.031162738800048828
787,MVI_20033,44,2,1782339373.8831701,0.039700984954833984
788,MVI_20033,44,3,1782339373.9232006,0.040030479431152344
789,MVI_20033,44,4,1782339373.9627452,0.03954458236694336
790,MVI_20033,45,0,1782339374.0107749,0.04802966117858887
791,MVI_20033,45,1,1782339374.04273,0.03195524215698242
792,MVI_20033,45,2,1782339374.0828454,0.0401153564453125
793,MVI_20033,45,3,1782339374.123198,0.040352582931518555
794,MVI_20033,45,4,1782339374.1632218,0.0400238037109375
795,MVI_20033,46,0,1782339374.212313,0.04909110069274902
796,MVI_20033,46,1,1782339374.2430947,0.03078174591064453
797,MVI_20033,46,2,1782339374.2826996,0.039604902267456055
798,MVI_20033,46,3,1782339374.3228104,0.04011082649230957
799,MVI_20033,46,4,1782339374.3636408,0.040830373764038086
800,MVI_20033,47,0,1782339374.414616,0.05097532272338867
801,MVI_20033,47,1,1782339374.4428937,0.02827763557434082
802,MVI_20033,47,2,1782339374.4832935,0.040399789810180664
803,MVI_20033,47,3,1782339374.5230882,0.0397946834564209
804,MVI_20033,47,4,1782339374.562902,0.03981375694274902
805,MVI_20033,48,0,1782339374.6131983,0.05029630661010742
806,MVI_20033,48,1,1782339374.6431675,0.029969215393066406
807,MVI_20033,48,2,1782339374.6830273,0.039859771728515625
808,MVI_20033,48,3,1782339374.7232304,0.040203094482421875
809,MVI_20033,48,4,1782339374.7639205,0.04069018363952637
810,MVI_20033,49,0,1782339374.814237,0.050316572189331055
811,MVI_20033,49,1,1782339374.8432713,0.029034137725830078
812,MVI_20033,49,2,1782339374.8829522,0.03968095779418945
813,MVI_20033,49,3,1782339374.9232774,0.040325164794921875
814,MVI_20033,49,4,1782339374.9629514,0.03967404365539551
815,MVI_20033,49,5,1782339375.0033143,0.04036283493041992
816,MVI_20033,49,6,1782339375.043298,0.03998374938964844
817,MVI_20033,50,0,1782339375.0941954,0.05089735984802246
818,MVI_20033,50,1,1782339375.1226397,0.028444290161132812
819,MVI_20033,50,2,1782339375.1636314,0.040991783142089844
820,MVI_20033,50,3,1782339375.203368,0.03973650932312012
821,MVI_20033,50,4,1782339375.242894,0.03952598571777344
822,MVI_20033,50,5,1782339375.2826562,0.039762258529663086
823,MVI_20033,50,6,1782339375.3228726,0.04021644592285156
824,MVI_20034,1,0,1782339375.4762268,0.15335416793823242
825,MVI_20034,1,1,1782339375.476372,0.00014519691467285156
826,MVI_20034,1,2,1782339375.4765134,0.00014138221740722656
827,MVI_20034,1,3,1782339375.482488,0.005974531173706055
828,MVI_20034,1,4,1782339375.5226722,0.04018425941467285
829,MVI_20034,2,0,1782339375.573407,0.050734758377075195
830,MVI_20034,2,1,1782339375.602995,0.029587984085083008
831,MVI_20034,2,2,1782339375.6431384,0.040143489837646484
832,MVI_20034,2,3,1782339375.6827807,0.039642333984375
833,MVI_20034,2,4,1782339375.7232642,0.04048347473144531
834,MVI_20034,3,0,1782339375.7711775,0.047913312911987305
835,MVI_20034,3,1,1782339375.8029232,0.03174567222595215
836,MVI_20034,3,2,1782339375.8429744,0.04005122184753418
837,MVI_20034,3,3,1782339375.882792,0.03981757164001465
838,MVI_20034,3,4,1782339375.9232023,0.04041028022766113
839,MVI_20034,4,0,1782339375.9735022,0.050299882888793945
840,MVI_20034,4,1,1782339376.0032952,0.02979302406311035
841,MVI_20034,4,2,1782339376.0431402,0.03984498977661133
842,MVI_20034,4,3,1782339376.0829716,0.03983139991760254
843,MVI_20034,4,4,1782339376.123176,0.040204524993896484
844,MVI_20034,5,0,1782339376.1717386,0.04856252670288086
845,MVI_20034,5,1,1782339376.202907,0.031168460845947266
846,MVI_20034,5,2,1782339376.242885,0.03997802734375
847,MVI_20034,5,3,1782339376.2830205,0.04013538360595703
848,MVI_20034,5,4,1782339376.3230302,0.04000973701477051
849,MVI_20034,6,0,1782339376.3737254,0.050695180892944336
850,MVI_20034,6,1,1782339376.4029708,0.029245376586914062
851,MVI_20034,6,2,1782339376.443206,0.040235280990600586
852,MVI_20034,6,3,1782339376.4831185,0.03991246223449707
853,MVI_20034,6,4,1782339376.5231273,0.0400087833404541
854,MVI_20034,7,0,1782339376.572316,0.04918861389160156
855,MVI_20034,7,1,1782339376.6032016,0.030885696411132812
856,MVI_20034,7,2,1782339376.6430593,0.03985762596130371
857,MVI_20034,7,3,1782339376.6831276,0.04006838798522949
858,MVI_20034,7,4,1782339376.7232292,0.04010152816772461
859,MVI_20034,8,0,1782339376.7747302,0.05150103569030762
860,MVI_20034,8,1,1782339376.8027751,0.028044939041137695
861,MVI_20034,8,2,1782339376.8429487,0.04017353057861328
862,MVI_20034,8,3,1782339376.8834033,0.04045462608337402
863,MVI_20034,8,4,1782339376.9232516,0.03984832763671875
864,MVI_20034,9,0,1782339376.9721622,0.04891061782836914
865,MVI_20034,9,1,1782339377.0031404,0.03097820281982422
866,MVI_20034,9,2,1782339377.043256,0.0401155948638916
867,MVI_20034,9,3,1782339377.0827136,0.03945755958557129
868,MVI_20034,9,4,1782339377.1240113,0.04129767417907715
869,MVI_20034,10,0,1782339377.1704779,0.04646658897399902
870,MVI_20034,10,1,1782339377.2028697,0.03239178657531738
871,MVI_20034,10,2,1782339377.2434933,0.04062366485595703
872,MVI_20034,10,3,1782339377.2831926,0.03969931602478027
873,MVI_20034,10,4,1782339377.3232186,0.040025949478149414
874,MVI_20034,11,0,1782339377.373465,0.050246477127075195
875,MVI_20034,11,1,1782339377.4032292,0.029764175415039062
876,MVI_20034,11,2,1782339377.4431071,0.039877891540527344
877,MVI_20034,11,3,1782339377.4829326,0.039825439453125
878,MVI_20034,11,4,1782339377.5233026,0.04036998748779297
879,MVI_20034,12,0,1782339377.5712945,0.04799199104309082
880,MVI_20034,12,1,1782339377.602883,0.03158855438232422
881,MVI_20034,12,2,1782339377.6433096,0.04042649269104004
882,MVI_20034,12,3,1782339377.6827219,0.03941226005554199
883,MVI_20034,12,4,1782339377.7228868,0.040164947509765625
884,MVI_20034,13,0,1782339377.774513,0.05162620544433594
885,MVI_20034,13,1,1782339377.8029306,0.028417587280273438
886,MVI_20034,13,2,1782339377.8428652,0.039934635162353516
887,MVI_20034,13,3,1782339377.8831131,0.04024791717529297
888,MVI_20034,13,4,1782339377.9228063,0.03969311714172363
889,MVI_20034,14,0,1782339377.9745514,0.05174517631530762
890,MVI_20034,14,1,1782339378.0030246,0.0284731388092041
891,MVI_20034,14,2,1782339378.0429628,0.03993821144104004
892,MVI_20034,14,3,1782339378.0831537,0.040190935134887695
893,MVI_20034,14,4,1782339378.1227603,0.039606571197509766
894,MVI_20034,15,0,1782339378.1733332,0.050572872161865234
895,MVI_20034,15,1,1782339378.2031028,0.0297696590423584
896,MVI_20034,15,2,1782339378.2431507,0.04004788398742676
897,MVI_20034,15,3,1782339378.2829359,0.039785146713256836
898,MVI_20034,15,4,1782339378.3226697,0.03973388671875
899,MVI_20034,16,0,1782339378.3727682,0.050098419189453125
900,MVI_20034,16,1,1782339378.4035635,0.03079533576965332
901,MVI_20034,16,2,1782339378.4431818,0.03961825370788574
902,MVI_20034,16,3,1782339378.4832258,0.04004406929016113
903,MVI_20034,16,4,1782339378.5228028,0.03957700729370117
904,MVI_20034,17,0,1782339378.5739346,0.0511317253112793
905,MVI_20034,17,1,1782339378.6032417,0.029307126998901367
906,MVI_20034,17,2,1782339378.643194,0.03995227813720703
907,MVI_20034,17,3,1782339378.6831698,0.039975881576538086
908,MVI_20034,17,4,1782339378.7227352,0.039565324783325195
909,MVI_20034,18,0,1782339378.7716074,0.04887223243713379
910,MVI_20034,18,1,1782339378.8029072,0.03129982948303223
911,MVI_20034,18,2,1782339378.8439977,0.04109048843383789
912,MVI_20034,18,3,1782339378.8830163,0.03901863098144531
913,MVI_20034,18,4,1782339378.9228725,0.0398561954498291
914,MVI_20034,19,0,1782339378.9758792,0.053006649017333984
915,MVI_20034,19,1,1782339379.002811,0.0269317626953125
916,MVI_20034,19,2,1782339379.0429106,0.0400996208190918
917,MVI_20034,19,3,1782339379.0830615,0.04015088081359863
918,MVI_20034,19,4,1782339379.122842,0.039780616760253906
919,MVI_20034,19,5,1782339379.1628625,0.04002046585083008
920,MVI_20034,20,0,1782339379.2111268,0.048264265060424805
921,MVI_20034,20,1,1782339379.243061,0.031934261322021484
922,MVI_20034,20,2,1782339379.2832692,0.04020810127258301
923,MVI_20034,20,3,1782339379.3228955,0.039626359939575195
924,MVI_20034,20,4,1782339379.3628345,0.039938926696777344
925,MVI_20034,20,5,1782339379.403154,0.04031944274902344
926,MVI_20034,21,0,1782339379.4509702,0.04781627655029297
927,MVI_20034,21,1,1782339379.483149,0.03217887878417969
928,MVI_20034,21,2,1782339379.522869,0.03972005844116211
929,MVI_20034,21,3,1782339379.562639,0.039769887924194336
930,MVI_20034,21,4,1782339379.6027467,0.04010772705078125
931,MVI_20034,21,5,1782339379.6431162,0.040369510650634766
932,MVI_20034,22,0,1782339379.6911197,0.048003435134887695
933,MVI_20034,22,1,1782339379.7229152,0.031795501708984375
934,MVI_20034,22,2,1782339379.763137,0.0402219295501709
935,MVI_20034,22,3,1782339379.8028805,0.03974342346191406
936,MVI_20034,22,4,1782339379.8428934,0.04001283645629883
937,MVI_20034,22,5,1782339379.8832307,0.040337324142456055
938,MVI_20034,23,0,1782339379.9362586,0.05302786827087402
939,MVI_20034,23,1,1782339379.962809,0.0265505313873291
940,MVI_20034,23,2,1782339380.003201,0.04039192199707031
941,MVI_20034,23,3,1782339380.0429118,0.03971076011657715
942,MVI_20034,23,4,1782339380.0826268,0.03971505165100098
943,MVI_20034,23,5,1782339380.1229072,0.04028034210205078
944,MVI_20034,24,0,1782339380.1718788,0.04897165298461914
945,MVI_20034,24,1,1782339380.203093,0.031214237213134766
946,MVI_20034,24,2,1782339380.2437727,0.0406796932220459
947,MVI_20034,24,3,1782339380.28319,0.039417266845703125
948,MVI_20034,24,4,1782339380.3225892,0.039399147033691406
949,MVI_20034,24,5,1782339380.362823,0.04023385047912598
950,MVI_20034,25,0,1782339380.4106572,0.047834157943725586
951,MVI_20034,25,1,1782339380.442845,0.03218793869018555
952,MVI_20034,25,2,1782339380.4827921,0.0399470329284668
953,MVI_20034,25,3,1782339380.5229273,0.04013514518737793
954,MVI_20034,25,4,1782339380.5627577,0.03983044624328613
955,MVI_20034,25,5,1782339380.602672,0.03991436958312988
956,MVI_20034,26,0,1782339380.6506526,0.047980546951293945
957,MVI_20034,26,1,1782339380.6827157,0.03206300735473633
958,MVI_20034,26,2,1782339380.7227345,0.04001879692077637
959,MVI_20034,26,3,1782339380.7628982,0.04016375541687012
960,MVI_20034,26,4,1782339380.8028016,0.03990340232849121
961,MVI_20034,26,5,1782339380.8426268,0.0398252010345459
962,MVI_20034,27,0,1782339380.892883,0.05025625228881836
963,MVI_20034,27,1,1782339380.9229395,0.030056476593017578
964,MVI_20034,27,2,1782339380.963128,0.04018855094909668
965,MVI_20034,27,3,1782339381.002652,0.03952383995056152
966,MVI_20034,27,4,1782339381.043049,0.04039716720581055
967,MVI_20034,27,5,1782339381.0833578,0.04030871391296387
968,MVI_20034,28,0,1782339381.1333404,0.049982547760009766
969,MVI_20034,28,1,1782339381.1631267,0.029786348342895508
970,MVI_20034,28,2,1782339381.2030652,0.03993844985961914
971,MVI_20034,28,3,1782339381.2428565,0.03979134559631348
972,MVI_20034,28,4,1782339381.2831075,0.04025101661682129
973,MVI_20034,28,5,1782339381.3229663,0.03985881805419922
974,MVI_20034,29,0,1782339381.3719816,0.04901528358459473
975,MVI_20034,29,1,1782339381.4026997,0.030718088150024414
976,MVI_20034,29,2,1782339381.443042,0.04034233093261719
977,MVI_20034,29,3,1782339381.4831746,0.04013252258300781
978,MVI_20034,29,4,1782339381.5227883,0.03961372375488281
979,MVI_20034,29,5,1782339381.5630918,0.04030346870422363
980,MVI_20034,30,0,1782339381.6106012,0.04750943183898926
981,MVI_20034,30,1,1782339381.6429336,0.032332420349121094
982,MVI_20034,30,2,1782339381.682946,0.040012359619140625
983,MVI_20034,30,3,1782339381.723232,0.04028606414794922
984,MVI_20034,30,4,1782339381.763164,0.0399320125579834
985,MVI_20034,30,5,1782339381.8029025,0.03973841667175293
986,MVI_20034,31,0,1782339381.8513417,0.04843926429748535
987,MVI_20034,31,1,1782339381.882962,0.03162026405334473
988,MVI_20034,31,2,1782339381.9227998,0.03983783721923828
989,MVI_20034,31,3,1782339381.9628758,0.04007601737976074
990,MVI_20034,31,4,1782339382.0026646,0.03978872299194336
991,MVI_20034,31,5,1782339382.042787,0.04012250900268555
992,MVI_20034,32,0,1782339382.0904405,0.0476534366607666
993,MVI_20034,32,1,1782339382.1229188,0.03247833251953125
994,MVI_20034,32,2,1782339382.1632652,0.040346384048461914
995,MVI_20034,32,3,1782339382.2028975,0.039632320404052734
996,MVI_20034,32,4,1782339382.2426121,0.03971457481384277
997,MVI_20034,33,0,1782339382.2905076,0.04789543151855469
998,MVI_20034,33,1,1782339382.3227437,0.03223609924316406
999,MVI_20034,33,2,1782339382.3627722,0.04002857208251953
1000,MVI_20034,33,3,1782339382.403037,0.04026484489440918
1001,MVI_20034,33,4,1782339382.443539,0.04050183296203613
1002,MVI_20034,34,0,1782339382.492094,0.04855513572692871
1003,MVI_20034,34,1,1782339382.5231175,0.031023502349853516
1004,MVI_20034,34,2,1782339382.5632212,0.04010367393493652
1005,MVI_20034,34,3,1782339382.6030166,0.0397953987121582
1006,MVI_20034,34,4,1782339382.6428888,0.039872169494628906
1007,MVI_20034,35,0,1782339382.6920896,0.04920077323913574
1008,MVI_20034,35,1,1782339382.7226357,0.030546188354492188
1009,MVI_20034,35,2,1782339382.7628114,0.040175676345825195
1010,MVI_20034,35,3,1782339382.8027391,0.03992772102355957
1011,MVI_20034,35,4,1782339382.8428893,0.04015016555786133
1012,MVI_20034,36,0,1782339382.890839,0.047949790954589844
1013,MVI_20034,36,1,1782339382.9227426,0.03190350532531738
1014,MVI_20034,36,2,1782339382.963355,0.04061245918273926
1015,MVI_20034,36,3,1782339383.0027266,0.039371490478515625
1016,MVI_20034,36,4,1782339383.0431323,0.0404057502746582
1017,MVI_20034,37,0,1782339383.0907228,0.04759049415588379
1018,MVI_20034,37,1,1782339383.122931,0.03220820426940918
1019,MVI_20034,37,2,1782339383.1629314,0.04000043869018555
1020,MVI_20034,37,3,1782339383.202858,0.03992652893066406
1021,MVI_20034,37,4,1782339383.242627,0.03976893424987793
1022,MVI_20034,38,0,1782339383.2945268,0.05189990997314453
1023,MVI_20034,38,1,1782339383.3230042,0.02847743034362793
1024,MVI_20034,38,2,1782339383.3627245,0.03972029685974121
1025,MVI_20034,38,3,1782339383.4027905,0.04006600379943848
1026,MVI_20034,38,4,1782339383.4426448,0.03985428810119629
1027,MVI_20034,39,0,1782339383.4893188,0.04667401313781738
1028,MVI_20034,39,1,1782339383.5228446,0.033525705337524414
1029,MVI_20034,39,2,1782339383.5627825,0.03993797302246094
1030,MVI_20034,39,3,1782339383.603117,0.040334463119506836
1031,MVI_20034,39,4,1782339383.6428208,0.0397038459777832
1032,MVI_20034,40,0,1782339383.6913362,0.04851531982421875
1033,MVI_20034,40,1,1782339383.7229955,0.03165936470031738
1034,MVI_20034,40,2,1782339383.7631385,0.04014301300048828
1035,MVI_20034,40,3,1782339383.8028986,0.03976011276245117
1036,MVI_20034,40,4,1782339383.8429441,0.04004549980163574
1037,MVI_20034,41,0,1782339383.8915803,0.04863619804382324
1038,MVI_20034,41,1,1782339383.922855,0.03127455711364746
1039,MVI_20034,41,2,1782339383.9630868,0.040231943130493164
1040,MVI_20034,41,3,1782339384.003017,0.039930105209350586
1041,MVI_20034,41,4,1782339384.0426548,0.03963780403137207
1042,MVI_20034,42,0,1782339384.0903878,0.04773306846618652
1043,MVI_20034,42,1,1782339384.1231325,0.032744646072387695
1044,MVI_20034,42,2,1782339384.1631012,0.03996872901916504
1045,MVI_20034,42,3,1782339384.2030356,0.039934396743774414
1046,MVI_20034,42,4,1782339384.2426665,0.039630889892578125
1047,MVI_20034,43,0,1782339384.292715,0.0500485897064209
1048,MVI_20034,43,1,1782339384.322919,0.030203819274902344
1049,MVI_20034,43,2,1782339384.3631146,0.04019570350646973
1050,MVI_20034,43,3,1782339384.4029696,0.039855003356933594
1051,MVI_20034,43,4,1782339384.4429755,0.04000592231750488
1052,MVI_20034,44,0,1782339384.4911883,0.04821276664733887
1053,MVI_20034,44,1,1782339384.522836,0.031647682189941406
1054,MVI_20034,44,2,1782339384.562871,0.04003500938415527
1055,MVI_20034,44,3,1782339384.603141,0.040270090103149414
1056,MVI_20034,44,4,1782339384.6431909,0.04004979133605957
1057,MVI_20034,45,0,1782339384.6929572,0.04976630210876465
1058,MVI_20034,45,1,1782339384.7228854,0.029928207397460938
1059,MVI_20034,45,2,1782339384.7628965,0.04001116752624512
1060,MVI_20034,45,3,1782339384.8032596,0.04036307334899902
1061,MVI_20034,45,4,1782339384.8430827,0.039823055267333984
1062,MVI_20034,46,0,1782339384.890391,0.04730844497680664
1063,MVI_20034,46,1,1782339384.9232354,0.03284430503845215
1064,MVI_20034,46,2,1782339384.962857,0.039621591567993164
1065,MVI_20034,46,3,1782339385.003781,0.040924072265625
1066,MVI_20034,46,4,1782339385.042915,0.03913402557373047
1067,MVI_20034,47,0,1782339385.089826,0.046911001205444336
1068,MVI_20034,47,1,1782339385.1228414,0.03301525115966797
1069,MVI_20034,47,2,1782339385.1630347,0.04019331932067871
1070,MVI_20034,47,3,1782339385.2032244,0.04018974304199219
1071,MVI_20034,47,4,1782339385.2429092,0.03968477249145508
1072,MVI_20034,48,0,1782339385.2910743,0.048165082931518555
1073,MVI_20034,48,1,1782339385.3227148,0.03164052963256836
1074,MVI_20034,48,2,1782339385.3629167,0.04020190238952637
1075,MVI_20034,48,3,1782339385.4027011,0.03978443145751953
1076,MVI_20034,48,4,1782339385.4433076,0.04060649871826172
1077,MVI_20034,49,0,1782339385.4904895,0.04718184471130371
1078,MVI_20034,49,1,1782339385.5232186,0.032729148864746094
1079,MVI_20034,49,2,1782339385.5626054,0.039386749267578125
1080,MVI_20034,49,3,1782339385.6028483,0.040242910385131836
1081,MVI_20034,49,4,1782339385.6428516,0.040003299713134766
1082,MVI_20034,50,0,1782339385.6912189,0.04836726188659668
1083,MVI_20034,50,1,1782339385.7227511,0.03153228759765625
1084,MVI_20034,50,2,1782339385.7628183,0.040067195892333984
1085,MVI_20034,50,3,1782339385.8026342,0.03981590270996094
1086,MVI_20034,50,4,1782339385.842899,0.04026484489440918
1087,MVI_20035,1,0,1782339386.0023327,0.15943360328674316
1088,MVI_20035,1,1,1782339386.0024242,9.1552734375e-05
1089,MVI_20035,1,2,1782339386.0025332,0.00010895729064941406
1090,MVI_20035,1,3,1782339386.0026305,9.72747802734375e-05
1091,MVI_20035,1,4,1782339386.04281,0.04017949104309082
1092,MVI_20035,1,5,1782339386.08271,0.03990006446838379
1093,MVI_20035,1,6,1782339386.1231077,0.04039764404296875
1094,MVI_20035,1,7,1782339386.1628609,0.03975319862365723
1095,MVI_20035,1,8,1782339386.2025914,0.03973054885864258
1096,MVI_20035,1,9,1782339386.2428055,0.04021406173706055
1097,MVI_20035,1,10,1782339386.283363,0.0405576229095459
1098,MVI_20035,1,11,1782339386.3227112,0.03934812545776367
1099,MVI_20035,2,0,1782339386.3749595,0.052248239517211914
1100,MVI_20035,2,1,1782339386.4032137,0.028254270553588867
1101,MVI_20035,2,2,1782339386.442913,0.03969931602478027
1102,MVI_20035,2,3,1782339386.4830065,0.040093421936035156
1103,MVI_20035,2,4,1782339386.522639,0.039632558822631836
1104,MVI_20035,2,5,1782339386.563065,0.040426015853881836
1105,MVI_20035,2,6,1782339386.602802,0.03973698616027832
1106,MVI_20035,2,7,1782339386.6428328,0.040030717849731445
1107,MVI_20035,2,8,1782339386.682665,0.039832353591918945
1108,MVI_20035,2,9,1782339386.7227554,0.040090322494506836
1109,MVI_20035,2,10,1782339386.7634213,0.04066586494445801
1110,MVI_20035,2,11,1782339386.803213,0.03979158401489258
1111,MVI_20035,2,12,1782339386.84262,0.03940701484680176
1112,MVI_20035,3,0,1782339386.8905098,0.04788994789123535
1113,MVI_20035,3,1,1782339386.9225953,0.032085418701171875
1114,MVI_20035,3,2,1782339386.9631245,0.04052925109863281
1115,MVI_20035,3,3,1782339387.002719,0.039594411849975586
1116,MVI_20035,3,4,1782339387.0427876,0.040068626403808594
1117,MVI_20035,3,5,1782339387.0829241,0.04013657569885254
1118,MVI_20035,3,6,1782339387.1229193,0.03999519348144531
1119,MVI_20035,3,7,1782339387.1631467,0.040227413177490234
1120,MVI_20035,3,8,1782339387.2027953,0.03964853286743164
1121,MVI_20035,3,9,1782339387.2427518,0.03995656967163086
1122,MVI_20035,3,10,1782339387.2831175,0.04036569595336914
1123,MVI_20035,3,11,1782339387.323579,0.04046154022216797
1124,MVI_20035,3,12,1782339387.3627322,0.039153099060058594
1125,MVI_20035,4,0,1782339387.4115307,0.048798561096191406
1126,MVI_20035,4,1,1782339387.442925,0.031394243240356445
1127,MVI_20035,4,2,1782339387.4826655,0.039740562438964844
1128,MVI_20035,4,3,1782339387.5228262,0.0401606559753418
1129,MVI_20035,4,4,1782339387.562847,0.04002070426940918
1130,MVI_20035,4,5,1782339387.6028173,0.03997039794921875
1131,MVI_20035,4,6,1782339387.643045,0.040227651596069336
1132,MVI_20035,4,7,1782339387.6828363,0.03979134559631348
1133,MVI_20035,4,8,1782339387.722872,0.04003572463989258
1134,MVI_20035,4,9,1782339387.7629235,0.04005146026611328
1135,MVI_20035,4,10,1782339387.8029482,0.040024757385253906
1136,MVI_20035,4,11,1782339387.8428726,0.03992438316345215
1137,MVI_20035,4,12,1782339387.8831334,0.04026079177856445
1138,MVI_20035,5,0,1782339387.932537,0.04940366744995117
1139,MVI_20035,5,1,1782339387.9627502,0.030213117599487305
1140,MVI_20035,5,2,1782339388.002769,0.04001879692077637
1141,MVI_20035,5,3,1782339388.0428076,0.0400385856628418
1142,MVI_20035,5,4,1782339388.0831192,0.040311574935913086
1143,MVI_20035,5,5,1782339388.122815,0.03969573974609375
1144,MVI_20035,5,6,1782339388.1627588,0.03994393348693848
1145,MVI_20035,5,7,1782339388.2026622,0.03990340232849121
1146,MVI_20035,5,8,1782339388.2428849,0.0402226448059082
1147,MVI_20035,5,9,1782339388.2826543,0.03976941108703613
1148,MVI_20035,5,10,1782339388.3228178,0.040163516998291016
1149,MVI_20035,5,11,1782339388.36289,0.04007220268249512
1150,MVI_20035,5,12,1782339388.4027727,0.039882659912109375
1151,MVI_20035,6,0,1782339388.4509163,0.048143625259399414
1152,MVI_20035,6,1,1782339388.482624,0.031707763671875
1153,MVI_20035,6,2,1782339388.5227935,0.040169477462768555
1154,MVI_20035,6,3,1782339388.5627866,0.0399930477142334
1155,MVI_20035,6,4,1782339388.6029058,0.040119171142578125
1156,MVI_20035,6,5,1782339388.6427162,0.0398104190826416
1157,MVI_20035,6,6,1782339388.6829262,0.04021000862121582
1158,MVI_20035,6,7,1782339388.7229106,0.03998446464538574
1159,MVI_20035,6,8,1782339388.7629256,0.04001498222351074
1160,MVI_20035,6,9,1782339388.8029046,0.039978981018066406
1161,MVI_20035,6,10,1782339388.842722,0.03981733322143555
1162,MVI_20035,6,11,1782339388.8831034,0.040381431579589844
1163,MVI_20035,6,12,1782339388.9231596,0.04005622863769531
1164,MVI_20035,7,0,1782339388.9752975,0.05213785171508789
1165,MVI_20035,7,1,1782339389.0031698,0.027872323989868164
1166,MVI_20035,7,2,1782339389.0427687,0.039598941802978516
1167,MVI_20035,7,3,1782339389.0827856,0.040016889572143555
1168,MVI_20035,7,4,1782339389.1227243,0.03993868827819824
1169,MVI_20035,7,5,1782339389.1626475,0.03992319107055664
1170,MVI_20035,7,6,1782339389.2027094,0.04006195068359375
1171,MVI_20035,7,7,1782339389.2428613,0.04015183448791504
1172,MVI_20035,7,8,1782339389.2827787,0.0399174690246582
1173,MVI_20035,7,9,1782339389.322631,0.039852142333984375
1174,MVI_20035,7,10,1782339389.362756,0.040125131607055664
1175,MVI_20035,7,11,1782339389.402838,0.04008197784423828
1176,MVI_20035,7,12,1782339389.4426565,0.039818525314331055
1177,MVI_20035,8,0,1782339389.4921508,0.049494266510009766
1178,MVI_20035,8,1,1782339389.5227969,0.030646085739135742
1179,MVI_20035,8,2,1782339389.5630503,0.040253400802612305
1180,MVI_20035,8,3,1782339389.6028173,0.03976702690124512
1181,MVI_20035,8,4,1782339389.6428254,0.0400080680847168
1182,MVI_20035,8,5,1782339389.6830847,0.040259361267089844
1183,MVI_20035,8,6,1782339389.7226527,0.03956794738769531
1184,MVI_20035,8,7,1782339389.7628129,0.040160179138183594
1185,MVI_20035,8,8,1782339389.8030777,0.04026484489440918
1186,MVI_20035,8,9,1782339389.842803,0.039725303649902344
1187,MVI_20035,8,10,1782339389.8828378,0.04003477096557617
1188,MVI_20035,8,11,1782339389.922829,0.039991140365600586
1189,MVI_20035,8,12,1782339389.9626422,0.03981328010559082
1190,MVI_20035,9,0,1782339390.012643,0.050000905990600586
1191,MVI_20035,9,1,1782339390.0431077,0.030464649200439453
1192,MVI_20035,9,2,1782339390.082776,0.03966832160949707
1193,MVI_20035,9,3,1782339390.1228256,0.04004955291748047
1194,MVI_20035,9,4,1782339390.162798,0.03997230529785156
1195,MVI_20035,9,5,1782339390.202623,0.0398249626159668
1196,MVI_20035,9,6,1782339390.242703,0.04008007049560547
1197,MVI_20035,9,7,1782339390.2827663,0.04006338119506836
1198,MVI_20035,9,8,1782339390.3226497,0.03988337516784668
1199,MVI_20035,9,9,1782339390.362621,0.039971351623535156
1200,MVI_20035,9,10,1782339390.4030936,0.04047250747680664
1201,MVI_20035,9,11,1782339390.442777,0.03968334197998047
1202,MVI_20035,9,12,1782339390.4833932,0.04061627388000488
1203,MVI_20035,10,0,1782339390.532516,0.04912281036376953
1204,MVI_20035,10,1,1782339390.5627375,0.03022146224975586
1205,MVI_20035,10,2,1782339390.6026523,0.039914846420288086
1206,MVI_20035,10,3,1782339390.6428041,0.04015183448791504
1207,MVI_20035,10,4,1782339390.6829948,0.040190696716308594
1208,MVI_20035,10,5,1782339390.7226617,0.03966689109802246
1209,MVI_20035,10,6,1782339390.7630768,0.040415048599243164
1210,MVI_20035,10,7,1782339390.8029022,0.039825439453125
1211,MVI_20035,10,8,1782339390.8431158,0.040213584899902344
1212,MVI_20035,10,9,1782339390.8828168,0.039700984954833984
1213,MVI_20035,10,10,1782339390.92277,0.03995323181152344
1214,MVI_20035,10,11,1782339390.9626348,0.03986477851867676
1215,MVI_20035,10,12,1782339391.0028565,0.0402216911315918
1216,MVI_20035,11,0,1782339391.050733,0.047876596450805664
1217,MVI_20035,11,1,1782339391.082761,0.0320279598236084
1218,MVI_20035,11,2,1782339391.122781,0.040019989013671875
1219,MVI_20035,11,3,1782339391.1627944,0.04001331329345703
1220,MVI_20035,11,4,1782339391.2029402,0.0401458740234375
1221,MVI_20035,11,5,1782339391.2429247,0.03998446464538574
1222,MVI_20035,11,6,1782339391.2827272,0.03980255126953125
1223,MVI_20035,11,7,1782339391.323008,0.040280818939208984
1224,MVI_20035,11,8,1782339391.3630588,0.04005074501037598
1225,MVI_20035,11,9,1782339391.4028008,0.03974199295043945
1226,MVI_20035,11,10,1782339391.4426045,0.03980374336242676
1227,MVI_20035,11,11,1782339391.4828894,0.04028487205505371
1228,MVI_20035,11,12,1782339391.5229392,0.04004979133605957
1229,MVI_20035,12,0,1782339391.575239,0.05229973793029785
1230,MVI_20035,12,1,1782339391.60331,0.028071165084838867
1231,MVI_20035,12,2,1782339391.6431596,0.03984951972961426
1232,MVI_20035,12,3,1782339391.6831005,0.039940834045410156
1233,MVI_20035,12,4,1782339391.72303,0.03992962837219238
1234,MVI_20035,12,5,1782339391.7628965,0.03986644744873047
1235,MVI_20035,12,6,1782339391.8030372,0.040140628814697266
1236,MVI_20035,12,7,1782339391.8430817,0.040044546127319336
1237,MVI_20035,12,8,1782339391.8828864,0.039804697036743164
1238,MVI_20035,12,9,1782339391.922895,0.040008544921875
1239,MVI_20035,12,10,1782339391.9628851,0.03999018669128418
1240,MVI_20035,12,11,1782339392.0029705,0.0400853157043457
1241,MVI_20035,12,12,1782339392.0428472,0.039876699447631836
1242,MVI_20035,13,0,1782339392.091187,0.04833984375
1243,MVI_20035,13,1,1782339392.123147,0.03196001052856445
1244,MVI_20035,13,2,1782339392.1628366,0.03968954086303711
1245,MVI_20035,13,3,1782339392.2031536,0.04031705856323242
1246,MVI_20035,13,4,1782339392.2431276,0.03997397422790527
1247,MVI_20035,13,5,1782339392.2830307,0.03990316390991211
1248,MVI_20035,13,6,1782339392.3228185,0.03978776931762695
1249,MVI_20035,13,7,1782339392.362758,0.03993940353393555
1250,MVI_20035,13,8,1782339392.4030697,0.04031181335449219
1251,MVI_20035,13,9,1782339392.4429574,0.03988766670227051
1252,MVI_20035,13,10,1782339392.4830163,0.04005885124206543
1253,MVI_20035,13,11,1782339392.5232449,0.04022860527038574
1254,MVI_20035,13,12,1782339392.5627468,0.03950190544128418
1255,MVI_20035,14,0,1782339392.611639,0.04889225959777832
1256,MVI_20035,14,1,1782339392.6430893,0.03145027160644531
1257,MVI_20035,14,2,1782339392.6829348,0.03984546661376953
1258,MVI_20035,14,3,1782339392.7229705,0.04003572463989258
1259,MVI_20035,14,4,1782339392.762862,0.03989148139953613
1260,MVI_20035,14,5,1782339392.8031282,0.04026627540588379
1261,MVI_20035,14,6,1782339392.8429155,0.03978729248046875
1262,MVI_20035,14,7,1782339392.8831618,0.04024624824523926
1263,MVI_20035,14,8,1782339392.9231944,0.04003262519836426
1264,MVI_20035,14,9,1782339392.962977,0.03978252410888672
1265,MVI_20035,14,10,1782339393.003236,0.04025912284851074
1266,MVI_20035,14,11,1782339393.0431015,0.03986549377441406
1267,MVI_20035,15,0,1782339393.0930614,0.04995989799499512
1268,MVI_20035,15,1,1782339393.1231654,0.03010392189025879
1269,MVI_20035,15,2,1782339393.1626937,0.03952836990356445
1270,MVI_20035,15,3,1782339393.2030067,0.040313005447387695
1271,MVI_20035,15,4,1782339393.2432668,0.04026007652282715
1272,MVI_20035,15,5,1782339393.2829962,0.03972935676574707
1273,MVI_20035,15,6,1782339393.323359,0.04036283493041992
1274,MVI_20035,15,7,1782339393.3635635,0.040204524993896484
1275,MVI_20035,15,8,1782339393.4029398,0.039376258850097656
1276,MVI_20035,15,9,1782339393.4430242,0.0400843620300293
1277,MVI_20035,15,10,1782339393.4828708,0.03984665870666504
1278,MVI_20035,15,11,1782339393.5232363,0.04036545753479004
1279,MVI_20035,16,0,1782339393.571774,0.0485377311706543
1280,MVI_20035,16,1,1782339393.6030567,0.031282663345336914
1281,MVI_20035,16,2,1782339393.6428947,0.03983807563781738
1282,MVI_20035,16,3,1782339393.6831365,0.04024171829223633
1283,MVI_20035,16,4,1782339393.7229207,0.03978419303894043
1284,MVI_20035,16,5,1782339393.7628722,0.03995156288146973
1285,MVI_20035,16,6,1782339393.802963,0.04009079933166504
1286,MVI_20035,16,7,1782339393.8439002,0.040937185287475586
1287,MVI_20035,16,8,1782339393.8829105,0.03901028633117676
1288,MVI_20035,16,9,1782339393.9229496,0.0400390625
1289,MVI_20035,16,10,1782339393.962912,0.0399625301361084
1290,MVI_20035,16,11,1782339394.0028062,0.03989410400390625
1291,MVI_20035,17,0,1782339394.0512404,0.04843425750732422
1292,MVI_20035,17,1,1782339394.08299,0.03174948692321777
1293,MVI_20035,17,2,1782339394.122972,0.03998208045959473
1294,MVI_20035,17,3,1782339394.1628067,0.03983473777770996
1295,MVI_20035,17,4,1782339394.2031176,0.04031085968017578
1296,MVI_20035,17,5,1782339394.2427657,0.03964805603027344
1297,MVI_20035,17,6,1782339394.2828114,0.040045738220214844
1298,MVI_20035,17,7,1782339394.3229797,0.04016828536987305
1299,MVI_20035,17,8,1782339394.3630452,0.04006552696228027
1300,MVI_20035,17,9,1782339394.4030883,0.04004311561584473
1301,MVI_20035,17,10,1782339394.4430637,0.03997540473937988
1302,MVI_20035,17,11,1782339394.4828448,0.03978109359741211
1303,MVI_20035,18,0,1782339394.5351863,0.052341461181640625
1304,MVI_20035,18,1,1782339394.5630493,0.027863025665283203
1305,MVI_20035,18,2,1782339394.6031325,0.04008316993713379
1306,MVI_20035,18,3,1782339394.6429121,0.0397796630859375
1307,MVI_20035,18,4,1782339394.6831458,0.040233612060546875
1308,MVI_20035,18,5,1782339394.7227433,0.039597511291503906
1309,MVI_20035,18,6,1782339394.7631114,0.040368080139160156
1310,MVI_20035,18,7,1782339394.8029976,0.0398862361907959
1311,MVI_20035,18,8,1782339394.842904,0.03990650177001953
1312,MVI_20035,18,9,1782339394.8828852,0.03998112678527832
1313,MVI_20035,18,10,1782339394.9233623,0.04047703742980957
1314,MVI_20035,18,11,1782339394.9630797,0.03971743583679199
1315,MVI_20035,19,0,1782339395.0122218,0.04914212226867676
1316,MVI_20035,19,1,1782339395.0431218,0.030900001525878906
1317,MVI_20035,19,2,1782339395.0830004,0.03987860679626465
1318,MVI_20035,19,3,1782339395.123159,0.04015851020812988
1319,MVI_20035,19,4,1782339395.1629627,0.03980374336242676
1320,MVI_20035,19,5,1782339395.2029312,0.03996849060058594
1321,MVI_20035,19,6,1782339395.242999,0.04006791114807129
1322,MVI_20035,19,7,1782339395.2828815,0.03988242149353027
1323,MVI_20035,19,8,1782339395.323135,0.040253400802612305
1324,MVI_20035,19,9,1782339395.36271,0.03957509994506836
1325,MVI_20035,19,10,1782339395.4029288,0.04021883010864258
1326,MVI_20035,19,11,1782339395.443072,0.04014325141906738
1327,MVI_20035,20,0,1782339395.4891467,0.046074628829956055
1328,MVI_20035,20,1,1782339395.5232303,0.03408360481262207
1329,MVI_20035,20,2,1782339395.562699,0.03946876525878906
1330,MVI_20035,20,3,1782339395.6027339,0.04003477096557617
1331,MVI_20035,20,4,1782339395.6427503,0.04001641273498535
1332,MVI_20035,20,5,1782339395.682757,0.04000663757324219
1333,MVI_20035,20,6,1782339395.7231135,0.04035663604736328
1334,MVI_20035,20,7,1782339395.7630112,0.03989768028259277
1335,MVI_20035,20,8,1782339395.803263,0.040251731872558594
1336,MVI_20035,20,9,1782339395.8429196,0.039656639099121094
1337,MVI_20035,20,10,1782339395.8828323,0.03991270065307617
1338,MVI_20035,21,0,1782339395.9351542,0.0523219108581543
1339,MVI_20035,21,1,1782339395.9629076,0.027753353118896484
1340,MVI_20035,21,2,1782339396.0030034,0.04009580612182617
1341,MVI_20035,21,3,1782339396.0431628,0.04015946388244629
1342,MVI_20035,21,4,1782339396.0827284,0.0395655632019043
1343,MVI_20035,21,5,1782339396.1231978,0.04046940803527832
1344,MVI_20035,21,6,1782339396.1627622,0.03956437110900879
1345,MVI_20035,21,7,1782339396.203007,0.04024481773376465
1346,MVI_20035,21,8,1782339396.2432203,0.04021334648132324
1347,MVI_20035,21,9,1782339396.2828696,0.039649248123168945
1348,MVI_20035,21,10,1782339396.322618,0.039748430252075195
1349,MVI_20035,22,0,1782339396.3715181,0.04890012741088867
1350,MVI_20035,22,1,1782339396.403163,0.03164482116699219
1351,MVI_20035,22,2,1782339396.4428508,0.0396878719329834
1352,MVI_20035,22,3,1782339396.4830797,0.040228843688964844
1353,MVI_20035,22,4,1782339396.5226147,0.0395350456237793
1354,MVI_20035,22,5,1782339396.5641322,0.04151749610900879
1355,MVI_20035,22,6,1782339396.602752,0.0386197566986084
1356,MVI_20035,22,7,1782339396.6429737,0.0402216911315918
1357,MVI_20035,22,8,1782339396.6827254,0.03975176811218262
1358,MVI_20035,22,9,1782339396.7228308,0.040105342864990234
1359,MVI_20035,22,10,1782339396.7628388,0.0400080680847168
1360,MVI_20035,23,0,1782339396.8156102,0.05277132987976074
1361,MVI_20035,23,1,1782339396.842701,0.027090787887573242
1362,MVI_20035,23,2,1782339396.8827376,0.040036678314208984
1363,MVI_20035,23,3,1782339396.9233985,0.040660858154296875
1364,MVI_20035,23,4,1782339396.962942,0.03954339027404785
1365,MVI_20035,23,5,1782339397.003163,0.040221214294433594
1366,MVI_20035,23,6,1782339397.0427878,0.039624691009521484
1367,MVI_20035,23,7,1782339397.0827649,0.039977073669433594
1368,MVI_20035,23,8,1782339397.1229844,0.04021954536437988
1369,MVI_20035,23,9,1782339397.163066,0.04008150100708008
1370,MVI_20035,23,10,1782339397.2031548,0.04008889198303223
1371,MVI_20035,24,0,1782339397.2516544,0.04849958419799805
1372,MVI_20035,24,1,1782339397.282953,0.03129863739013672
1373,MVI_20035,24,2,1782339397.323379,0.040426015853881836
1374,MVI_20035,24,3,1782339397.3630052,0.039626121520996094
1375,MVI_20035,24,4,1782339397.4032662,0.040261030197143555
1376,MVI_20035,24,5,1782339397.44294,0.039673805236816406
1377,MVI_20035,24,6,1782339397.4831834,0.04024338722229004
1378,MVI_20035,24,7,1782339397.5235093,0.04032588005065918
1379,MVI_20035,24,8,1782339397.5631464,0.039637088775634766
1380,MVI_20035,24,9,1782339397.603194,0.040047645568847656
1381,MVI_20035,24,10,1782339397.6428156,0.039621591567993164
1382,MVI_20035,25,0,1782339397.691006,0.04819035530090332
1383,MVI_20035,25,1,1782339397.7229133,0.03190732002258301
1384,MVI_20035,25,2,1782339397.762896,0.03998279571533203
1385,MVI_20035,25,3,1782339397.802848,0.03995203971862793
1386,MVI_20035,25,4,1782339397.8427565,0.039908409118652344
1387,MVI_20035,25,5,1782339397.8832223,0.0404658317565918
1388,MVI_20035,25,6,1782339397.923106,0.03988361358642578
1389,MVI_20035,25,7,1782339397.9631534,0.040047407150268555
1390,MVI_20035,25,8,1782339398.0031118,0.03995847702026367
1391,MVI_20035,25,9,1782339398.0430021,0.039890289306640625
1392,MVI_20035,25,10,1782339398.0828722,0.03987002372741699
1393,MVI_20035,26,0,1782339398.1365647,0.05369257926940918
1394,MVI_20035,26,1,1782339398.163309,0.026744365692138672
1395,MVI_20035,26,2,1782339398.202655,0.03934597969055176
1396,MVI_20035,26,3,1782339398.2427175,0.04006242752075195
1397,MVI_20035,26,4,1782339398.282947,0.04022955894470215
1398,MVI_20035,26,5,1782339398.3232427,0.04029560089111328
1399,MVI_20035,26,6,1782339398.3628976,0.03965497016906738
1400,MVI_20035,26,7,1782339398.4032059,0.040308237075805664
1401,MVI_20035,26,8,1782339398.4431546,0.03994870185852051
1402,MVI_20035,26,9,1782339398.482967,0.039812326431274414
1403,MVI_20035,26,10,1782339398.523358,0.04039120674133301
1404,MVI_20035,27,0,1782339398.5737052,0.050347089767456055
1405,MVI_20035,27,1,1782339398.6031,0.029394865036010742
1406,MVI_20035,27,2,1782339398.6431055,0.04000544548034668
1407,MVI_20035,27,3,1782339398.6831684,0.040062904357910156
1408,MVI_20035,27,4,1782339398.7233298,0.0401613712310791
1409,MVI_20035,27,5,1782339398.7628164,0.03948664665222168
1410,MVI_20035,27,6,1782339398.802923,0.04010653495788574
1411,MVI_20035,27,7,1782339398.84321,0.040287017822265625
1412,MVI_20035,27,8,1782339398.883226,0.04001593589782715
1413,MVI_20035,27,9,1782339398.9227872,0.03956127166748047
1414,MVI_20035,27,10,1782339398.9632156,0.04042840003967285
1415,MVI_20035,28,0,1782339399.0134666,0.050251007080078125
1416,MVI_20035,28,1,1782339399.04313,0.0296633243560791
1417,MVI_20035,28,2,1782339399.0829797,0.03984975814819336
1418,MVI_20035,28,3,1782339399.1234417,0.04046201705932617
1419,MVI_20035,28,4,1782339399.1629934,0.039551734924316406
1420,MVI_20035,28,5,1782339399.202799,0.03980565071105957
1421,MVI_20035,28,6,1782339399.2430696,0.04027056694030762
1422,MVI_20035,28,7,1782339399.2829268,0.03985714912414551
1423,MVI_20035,28,8,1782339399.3229985,0.040071725845336914
1424,MVI_20035,28,9,1782339399.3629632,0.03996467590332031
1425,MVI_20035,28,10,1782339399.403221,0.04025769233703613
1426,MVI_20035,29,0,1782339399.4526334,0.04941248893737793
1427,MVI_20035,29,1,1782339399.4831557,0.03052234649658203
1428,MVI_20035,29,2,1782339399.5230048,0.039849042892456055
1429,MVI_20035,29,3,1782339399.5632782,0.040273427963256836
1430,MVI_20035,29,4,1782339399.6029086,0.03963041305541992
1431,MVI_20035,29,5,1782339399.6431398,0.04023122787475586
1432,MVI_20035,29,6,1782339399.6834898,0.04034996032714844
1433,MVI_20035,29,7,1782339399.7230465,0.03955674171447754
1434,MVI_20035,29,8,1782339399.7628202,0.03977370262145996
1435,MVI_20035,29,9,1782339399.803513,0.040692806243896484
1436,MVI_20035,29,10,1782339399.8431118,0.039598703384399414
1437,MVI_20035,30,0,1782339399.8911688,0.04805707931518555
1438,MVI_20035,30,1,1782339399.9231744,0.03200554847717285
1439,MVI_20035,30,2,1782339399.9632938,0.04011940956115723
1440,MVI_20035,30,3,1782339400.0031,0.03980612754821777
1441,MVI_20035,30,4,1782339400.0432014,0.04010152816772461
1442,MVI_20035,30,5,1782339400.0828376,0.03963613510131836
1443,MVI_20035,30,6,1782339400.1231706,0.04033303260803223
1444,MVI_20035,30,7,1782339400.1627748,0.03960418701171875
1445,MVI_20035,30,8,1782339400.2027977,0.040022850036621094
1446,MVI_20035,30,9,1782339400.2431312,0.04033350944519043
1447,MVI_20035,30,10,1782339400.2831032,0.03997206687927246
1448,MVI_20035,31,0,1782339400.335766,0.05266284942626953
1449,MVI_20035,31,1,1782339400.362871,0.027104854583740234
1450,MVI_20035,31,2,1782339400.4026024,0.039731502532958984
1451,MVI_20035,31,3,1782339400.4429746,0.04037213325500488
1452,MVI_20035,31,4,1782339400.4829257,0.03995108604431152
1453,MVI_20035,31,5,1782339400.5227237,0.03979802131652832
1454,MVI_20035,31,6,1782339400.5632653,0.040541648864746094
1455,MVI_20035,31,7,1782339400.6031604,0.039895057678222656
1456,MVI_20035,31,8,1782339400.6432698,0.04010939598083496
1457,MVI_20035,31,9,1782339400.6831899,0.03992009162902832
1458,MVI_20035,31,10,1782339400.7231188,0.03992891311645508
1459,MVI_20035,32,0,1782339400.7756426,0.05252385139465332
1460,MVI_20035,32,1,1782339400.8029764,0.027333736419677734
1461,MVI_20035,32,2,1782339400.8432038,0.040227413177490234
1462,MVI_20035,32,3,1782339400.883039,0.039835214614868164
1463,MVI_20035,32,4,1782339400.9239366,0.04089760780334473
1464,MVI_20035,32,5,1782339400.9631612,0.03922462463378906
1465,MVI_20035,32,6,1782339401.002722,0.039560794830322266
1466,MVI_20035,32,7,1782339401.04314,0.04041790962219238
1467,MVI_20035,32,8,1782339401.0827062,0.0395662784576416
1468,MVI_20035,32,9,1782339401.12314,0.04043388366699219
1469,MVI_20035,32,10,1782339401.1630034,0.03986334800720215
1470,MVI_20035,33,0,1782339401.2118309,0.048827409744262695
1471,MVI_20035,33,1,1782339401.2434175,0.031586647033691406
1472,MVI_20035,33,2,1782339401.2829237,0.03950619697570801
1473,MVI_20035,33,3,1782339401.3231428,0.04021906852722168
1474,MVI_20035,33,4,1782339401.3627963,0.03965353965759277
1475,MVI_20035,33,5,1782339401.4029016,0.040105342864990234
1476,MVI_20035,33,6,1782339401.44325,0.04034829139709473
1477,MVI_20035,33,7,1782339401.4832616,0.04001164436340332
1478,MVI_20035,33,8,1782339401.523214,0.03995251655578613
1479,MVI_20035,33,9,1782339401.5631065,0.03989243507385254
1480,MVI_20035,33,10,1782339401.6029973,0.03989076614379883
1481,MVI_20035,34,0,1782339401.6577208,0.054723501205444336
1482,MVI_20035,34,1,1782339401.6829135,0.025192737579345703
1483,MVI_20035,34,2,1782339401.7230062,0.04009270668029785
1484,MVI_20035,34,3,1782339401.7628503,0.03984403610229492
1485,MVI_20035,34,4,1782339401.8027902,0.03993988037109375
1486,MVI_20035,34,5,1782339401.842877,0.04008674621582031
1487,MVI_20035,34,6,1782339401.8833823,0.040505409240722656
1488,MVI_20035,34,7,1782339401.9229114,0.03952908515930176
1489,MVI_20035,34,8,1782339401.9631262,0.04021477699279785
1490,MVI_20035,34,9,1782339402.0029702,0.03984403610229492
1491,MVI_20035,34,10,1782339402.0426373,0.03966712951660156
1492,MVI_20035,35,0,1782339402.0912008,0.048563480377197266
1493,MVI_20035,35,1,1782339402.122929,0.031728267669677734
1494,MVI_20035,35,2,1782339402.1632025,0.040273427963256836
1495,MVI_20035,35,3,1782339402.2028522,0.03964972496032715
1496,MVI_20035,35,4,1782339402.2428029,0.03995060920715332
1497,MVI_20035,35,5,1782339402.2830536,0.04025077819824219
1498,MVI_20035,35,6,1782339402.3229663,0.03991270065307617
1499,MVI_20035,35,7,1782339402.362926,0.03995966911315918
1500,MVI_20035,35,8,1782339402.402983,0.04005694389343262
1501,MVI_20035,35,9,1782339402.4430175,0.04003453254699707
1502,MVI_20035,35,10,1782339402.4831152,0.040097713470458984
1503,MVI_20035,36,0,1782339402.5325725,0.04945731163024902
1504,MVI_20035,36,1,1782339402.5632308,0.030658245086669922
1505,MVI_20035,36,2,1782339402.603874,0.04064321517944336
1506,MVI_20035,36,3,1782339402.6431668,0.03929281234741211
1507,MVI_20035,36,4,1782339402.682935,0.039768218994140625
1508,MVI_20035,36,5,1782339402.7230396,0.04010462760925293
1509,MVI_20035,36,6,1782339402.7640188,0.04097914695739746
1510,MVI_20035,36,7,1782339402.8030593,0.039040565490722656
1511,MVI_20035,36,8,1782339402.8433416,0.040282249450683594
1512,MVI_20035,36,9,1782339402.8830879,0.03974628448486328
1513,MVI_20035,36,10,1782339402.9227178,0.03962993621826172
1514,MVI_20035,37,0,1782339402.969487,0.046769142150878906
1515,MVI_20035,37,1,1782339403.002882,0.03339505195617676
1516,MVI_20035,37,2,1782339403.0428646,0.03998255729675293
1517,MVI_20035,37,3,1782339403.082813,0.039948463439941406
1518,MVI_20035,37,4,1782339403.1230838,0.04027080535888672
1519,MVI_20035,37,5,1782339403.163175,0.04009127616882324
1520,MVI_20035,37,6,1782339403.2029996,0.039824485778808594
1521,MVI_20035,37,7,1782339403.2427897,0.03979015350341797
1522,MVI_20035,37,8,1782339403.2831912,0.040401458740234375
1523,MVI_20035,37,9,1782339403.3226638,0.03947257995605469
1524,MVI_20035,37,10,1782339403.3629465,0.0402827262878418
1525,MVI_20035,38,0,1782339403.4130619,0.050115346908569336
1526,MVI_20035,38,1,1782339403.4428189,0.029757022857666016
1527,MVI_20035,38,2,1782339403.4829605,0.04014158248901367
1528,MVI_20035,38,3,1782339403.522847,0.039886474609375
1529,MVI_20035,38,4,1782339403.5628245,0.0399775505065918
1530,MVI_20035,38,5,1782339403.60276,0.03993558883666992
1531,MVI_20035,38,6,1782339403.643111,0.040350914001464844
1532,MVI_20035,38,7,1782339403.683143,0.04003190994262695
1533,MVI_20035,38,8,1782339403.722862,0.0397191047668457
1534,MVI_20035,38,9,1782339403.7628214,0.03995943069458008
1535,MVI_20035,39,0,1782339403.811928,0.049106597900390625
1536,MVI_20035,39,1,1782339403.8429706,0.03104257583618164
1537,MVI_20035,39,2,1782339403.883126,0.04015541076660156
1538,MVI_20035,39,3,1782339403.9228642,0.03973817825317383
1539,MVI_20035,39,4,1782339403.9631057,0.04024147987365723
1540,MVI_20035,39,5,1782339404.002909,0.039803266525268555
1541,MVI_20035,39,6,1782339404.043038,0.04012894630432129
1542,MVI_20035,39,7,1782339404.082727,0.039689064025878906
1543,MVI_20035,39,8,1782339404.1229324,0.04020547866821289
1544,MVI_20035,39,9,1782339404.162905,0.039972543716430664
1545,MVI_20035,40,0,1782339404.2125986,0.04969358444213867
1546,MVI_20035,40,1,1782339404.242936,0.03033733367919922
1547,MVI_20035,40,2,1782339404.2829866,0.04005074501037598
1548,MVI_20035,40,3,1782339404.3231032,0.04011654853820801
1549,MVI_20035,40,4,1782339404.3629472,0.03984403610229492
1550,MVI_20035,40,5,1782339404.402962,0.04001474380493164
1551,MVI_20035,40,6,1782339404.4430926,0.040130615234375
1552,MVI_20035,40,7,1782339404.4831245,0.04003190994262695
1553,MVI_20035,40,8,1782339404.5228996,0.03977513313293457
1554,MVI_20035,40,9,1782339404.5628393,0.03993964195251465
1555,MVI_20035,41,0,1782339404.6129618,0.05012249946594238
1556,MVI_20035,41,1,1782339404.6429064,0.029944658279418945
1557,MVI_20035,41,2,1782339404.6829138,0.04000735282897949
1558,MVI_20035,41,3,1782339404.7229254,0.04001164436340332
1559,MVI_20035,41,4,1782339404.762861,0.03993558883666992
1560,MVI_20035,41,5,1782339404.8030994,0.040238380432128906
1561,MVI_20035,41,6,1782339404.842727,0.0396275520324707
1562,MVI_20035,41,7,1782339404.883255,0.040528059005737305
1563,MVI_20035,41,8,1782339404.922673,0.03941798210144043
1564,MVI_20035,41,9,1782339404.9628313,0.04015827178955078
1565,MVI_20035,42,0,1782339405.0129375,0.05010628700256348
1566,MVI_20035,42,1,1782339405.0429568,0.030019283294677734
1567,MVI_20035,42,2,1782339405.0829968,0.040040016174316406
1568,MVI_20035,42,3,1782339405.1230428,0.040045976638793945
1569,MVI_20035,42,4,1782339405.1631298,0.040086984634399414
1570,MVI_20035,42,5,1782339405.2028782,0.039748430252075195
1571,MVI_20035,42,6,1782339405.2426517,0.03977346420288086
1572,MVI_20035,42,7,1782339405.2835603,0.0409085750579834
1573,MVI_20035,42,8,1782339405.3227897,0.039229393005371094
1574,MVI_20035,42,9,1782339405.362559,0.03976941108703613
1575,MVI_20035,43,0,1782339405.412047,0.04948782920837402
1576,MVI_20035,43,1,1782339405.4430547,0.031007766723632812
1577,MVI_20035,43,2,1782339405.4828458,0.039791107177734375
1578,MVI_20035,43,3,1782339405.5229647,0.04011893272399902
1579,MVI_20035,43,4,1782339405.5627553,0.03979063034057617
1580,MVI_20035,43,5,1782339405.60288,0.04012465476989746
1581,MVI_20035,43,6,1782339405.6428196,0.03993964195251465
1582,MVI_20035,43,7,1782339405.683072,0.0402524471282959
1583,MVI_20035,43,8,1782339405.7228699,0.03979778289794922
1584,MVI_20035,43,9,1782339405.7629032,0.04003334045410156
1585,MVI_20035,44,0,1782339405.8124447,0.049541473388671875
1586,MVI_20035,44,1,1782339405.8429976,0.03055286407470703
1587,MVI_20035,44,2,1782339405.8829234,0.03992581367492676
1588,MVI_20035,44,3,1782339405.9232183,0.04029488563537598
1589,MVI_20035,44,4,1782339405.9628189,0.03960061073303223
1590,MVI_20035,44,5,1782339406.0027955,0.03997659683227539
1591,MVI_20035,44,6,1782339406.0427458,0.03995037078857422
1592,MVI_20035,44,7,1782339406.0828187,0.04007291793823242
1593,MVI_20035,44,8,1782339406.1228583,0.0400395393371582
1594,MVI_20035,44,9,1782339406.1633334,0.04047513008117676
1595,MVI_20035,45,0,1782339406.211025,0.04769158363342285
1596,MVI_20035,45,1,1782339406.2427385,0.03171348571777344
1597,MVI_20035,45,2,1782339406.2831666,0.04042816162109375
1598,MVI_20035,45,3,1782339406.3227372,0.03957056999206543
1599,MVI_20035,45,4,1782339406.3628814,0.04014420509338379
1600,MVI_20035,45,5,1782339406.4027865,0.03990507125854492
1601,MVI_20035,45,6,1782339406.443116,0.0403294563293457
1602,MVI_20035,45,7,1782339406.4827776,0.03966164588928223
1603,MVI_20035,45,8,1782339406.5230176,0.04024004936218262
1604,MVI_20035,45,9,1782339406.5628643,0.03984665870666504
1605,MVI_20035,46,0,1782339406.6111035,0.04823923110961914
1606,MVI_20035,46,1,1782339406.6427882,0.03168463706970215
1607,MVI_20035,46,2,1782339406.6830952,0.040307044982910156
1608,MVI_20035,46,3,1782339406.7227798,0.03968453407287598
1609,MVI_20035,46,4,1782339406.7627518,0.03997206687927246
1610,MVI_20035,46,5,1782339406.8028524,0.0401005744934082
1611,MVI_20035,46,6,1782339406.8427498,0.03989744186401367
1612,MVI_20035,46,7,1782339406.8828037,0.0400538444519043
1613,MVI_20035,46,8,1782339406.9228408,0.04003715515136719
1614,MVI_20035,46,9,1782339406.9629078,0.04006695747375488
1615,MVI_20035,47,0,1782339407.0115347,0.04862689971923828
1616,MVI_20035,47,1,1782339407.0430148,0.03148007392883301
1617,MVI_20035,47,2,1782339407.0828183,0.039803504943847656
1618,MVI_20035,47,3,1782339407.1230345,0.04021620750427246
1619,MVI_20035,47,4,1782339407.1638196,0.04078507423400879
1620,MVI_20035,47,5,1782339407.2030501,0.0392305850982666
1621,MVI_20035,47,6,1782339407.2429028,0.03985261917114258
1622,MVI_20035,47,7,1782339407.283252,0.04034924507141113
1623,MVI_20035,47,8,1782339407.3227456,0.039493560791015625
1624,MVI_20035,47,9,1782339407.3627117,0.03996610641479492
1625,MVI_20035,48,0,1782339407.4110563,0.04834461212158203
1626,MVI_20035,48,1,1782339407.4427235,0.031667232513427734
1627,MVI_20035,48,2,1782339407.4831002,0.04037666320800781
1628,MVI_20035,48,3,1782339407.522944,0.03984379768371582
1629,MVI_20035,48,4,1782339407.56406,0.04111599922180176
1630,MVI_20035,48,5,1782339407.6027505,0.03869056701660156
1631,MVI_20035,48,6,1782339407.6428401,0.04008960723876953
1632,MVI_20035,48,7,1782339407.6826594,0.03981924057006836
1633,MVI_20035,48,8,1782339407.7227998,0.040140390396118164
1634,MVI_20035,48,9,1782339407.7627609,0.03996109962463379
1635,MVI_20035,49,0,1782339407.810355,0.04759407043457031
1636,MVI_20035,49,1,1782339407.842747,0.032392024993896484
1637,MVI_20035,49,2,1782339407.882894,0.04014706611633301
1638,MVI_20035,49,3,1782339407.9227872,0.039893150329589844
1639,MVI_20035,49,4,1782339407.9630961,0.04030895233154297
1640,MVI_20035,49,5,1782339408.0028937,0.03979754447937012
1641,MVI_20035,49,6,1782339408.0427682,0.03987455368041992
1642,MVI_20035,49,7,1782339408.0827608,0.039992570877075195
1643,MVI_20035,49,8,1782339408.12289,0.04012918472290039
1644,MVI_20035,49,9,1782339408.163004,0.04011392593383789
1645,MVI_20035,49,10,1782339408.2030106,0.04000663757324219
1646,MVI_20035,49,11,1782339408.2430835,0.04007291793823242
1647,MVI_20035,49,12,1782339408.2830963,0.04001283645629883
1648,MVI_20035,50,0,1782339408.3308074,0.04771113395690918
1649,MVI_20035,50,1,1782339408.3627467,0.03193926811218262
1650,MVI_20035,50,2,1782339408.4030645,0.04031777381896973
1651,MVI_20035,50,3,1782339408.4428282,0.039763689041137695
1652,MVI_20035,50,4,1782339408.4827652,0.03993701934814453
1653,MVI_20035,50,5,1782339408.5243256,0.04156041145324707
1654,MVI_20035,50,6,1782339408.5634067,0.03908109664916992
1655,MVI_20035,50,7,1782339408.6028185,0.03941178321838379
1656,MVI_20035,50,8,1782339408.6429446,0.04012608528137207
1657,MVI_20035,50,9,1782339408.6826727,0.03972816467285156
1658,MVI_20035,50,10,1782339408.723343,0.040670156478881836
1659,MVI_20035,50,11,1782339408.762957,0.039614200592041016
1660,MVI_20051,1,0,1782339408.898608,0.1356508731842041
1661,MVI_20051,1,1,1782339408.8987544,0.00014638900756835938
1662,MVI_20051,1,2,1782339408.898868,0.00011372566223144531
1663,MVI_20051,1,3,1782339408.9226356,0.023767471313476562
1664,MVI_20051,1,4,1782339408.9628189,0.040183305740356445
1665,MVI_20051,1,5,1782339409.0029202,0.04010128974914551
1666,MVI_20051,2,0,1782339409.053862,0.05094194412231445
1667,MVI_20051,2,1,1782339409.0826716,0.028809547424316406
1668,MVI_20051,2,2,1782339409.1225731,0.0399014949798584
1669,MVI_20051,2,3,1782339409.1626897,0.04011654853820801
1670,MVI_20051,2,4,1782339409.2030358,0.04034614562988281
1671,MVI_20051,2,5,1782339409.2432268,0.040190935134887695
1672,MVI_20051,3,0,1782339409.2901173,0.0468904972076416
1673,MVI_20051,3,1,1782339409.322875,0.03275775909423828
1674,MVI_20051,3,2,1782339409.3627384,0.03986334800720215
1675,MVI_20051,3,3,1782339409.4031687,0.040430307388305664
1676,MVI_20051,3,4,1782339409.4432087,0.040040016174316406
1677,MVI_20051,3,5,1782339409.4828913,0.039682626724243164
1678,MVI_20051,4,0,1782339409.5309699,0.04807853698730469
1679,MVI_20051,4,1,1782339409.5630314,0.03206157684326172
1680,MVI_20051,4,2,1782339409.6030638,0.040032386779785156
1681,MVI_20051,4,3,1782339409.642701,0.039637088775634766
1682,MVI_20051,4,4,1782339409.68289,0.04018902778625488
1683,MVI_20051,4,5,1782339409.7230527,0.04016280174255371
1684,MVI_20051,5,0,1782339409.7707782,0.04772543907165527
1685,MVI_20051,5,1,1782339409.8029423,0.03216409683227539
1686,MVI_20051,5,2,1782339409.842996,0.040053606033325195
1687,MVI_20051,5,3,1782339409.8828983,0.039902448654174805
1688,MVI_20051,5,4,1782339409.9229836,0.0400853157043457
1689,MVI_20051,5,5,1782339409.9628384,0.03985476493835449
1690,MVI_20051,6,0,1782339410.0138493,0.051010847091674805
1691,MVI_20051,6,1,1782339410.0429883,0.029139041900634766
1692,MVI_20051,6,2,1782339410.0827684,0.0397801399230957
1693,MVI_20051,6,3,1782339410.122998,0.04022955894470215
1694,MVI_20051,6,4,1782339410.1627932,0.0397951602935791
1695,MVI_20051,6,5,1782339410.2028534,0.04006028175354004
1696,MVI_20051,7,0,1782339410.2514212,0.048567771911621094
1697,MVI_20051,7,1,1782339410.2828288,0.03140759468078613
1698,MVI_20051,7,2,1782339410.3229346,0.04010581970214844
1699,MVI_20051,7,3,1782339410.3631263,0.040191650390625
1700,MVI_20051,7,4,1782339410.4031556,0.040029287338256836
1701,MVI_20051,7,5,1782339410.442965,0.039809465408325195
1702,MVI_20051,8,0,1782339410.4938288,0.05086374282836914
1703,MVI_20051,8,1,1782339410.5233703,0.029541492462158203
1704,MVI_20051,8,2,1782339410.5628276,0.03945732116699219
1705,MVI_20051,8,3,1782339410.6028254,0.03999781608581543
1706,MVI_20051,8,4,1782339410.6429117,0.04008626937866211
1707,MVI_20051,8,5,1782339410.6829433,0.04003167152404785
1708,MVI_20051,9,0,1782339410.7319398,0.0489964485168457
1709,MVI_20051,9,1,1782339410.7632008,0.03126096725463867
1710,MVI_20051,9,2,1782339410.8029952,0.0397944450378418
1711,MVI_20051,9,3,1782339410.843189,0.040193796157836914
1712,MVI_20051,9,4,1782339410.8831584,0.039969444274902344
1713,MVI_20051,9,5,1782339410.922979,0.03982067108154297
1714,MVI_20051,10,0,1782339410.9701304,0.04715132713317871
1715,MVI_20051,10,1,1782339411.0029275,0.03279709815979004
1716,MVI_20051,10,2,1782339411.0430336,0.04010605812072754
1717,MVI_20051,10,3,1782339411.0826397,0.03960609436035156
1718,MVI_20051,10,4,1782339411.1231062,0.0404665470123291
1719,MVI_20051,10,5,1782339411.163099,0.0399928092956543
1720,MVI_20051,11,0,1782339411.2102017,0.04710268974304199
1721,MVI_20051,11,1,1782339411.2429478,0.032746076583862305
1722,MVI_20051,11,2,1782339411.282854,0.03990626335144043
1723,MVI_20051,11,3,1782339411.3230672,0.04021310806274414
1724,MVI_20051,11,4,1782339411.362659,0.03959178924560547
1725,MVI_20051,11,5,1782339411.4031487,0.04048967361450195
1726,MVI_20051,12,0,1782339411.4546247,0.05147600173950195
1727,MVI_20051,12,1,1782339411.4827592,0.028134584426879883
1728,MVI_20051,12,2,1782339411.5231369,0.04037761688232422
1729,MVI_20051,12,3,1782339411.5630279,0.03989100456237793
1730,MVI_20051,12,4,1782339411.6038208,0.04079294204711914
1731,MVI_20051,12,5,1782339411.6431408,0.03931999206542969
1732,MVI_20051,13,0,1782339411.6904638,0.047322988510131836
1733,MVI_20051,13,1,1782339411.7229686,0.03250479698181152
1734,MVI_20051,13,2,1782339411.7631936,0.04022502899169922
1735,MVI_20051,13,3,1782339411.8037655,0.04057192802429199
1736,MVI_20051,13,4,1782339411.843112,0.03934645652770996
1737,MVI_20051,13,5,1782339411.8829076,0.039795637130737305
1738,MVI_20051,14,0,1782339411.9320414,0.0491337776184082
1739,MVI_20051,14,1,1782339411.962965,0.03092360496520996
1740,MVI_20051,14,2,1782339412.003027,0.04006195068359375
1741,MVI_20051,14,3,1782339412.0430439,0.040016889572143555
1742,MVI_20051,14,4,1782339412.0827494,0.039705514907836914
1743,MVI_20051,14,5,1782339412.1227021,0.039952754974365234
1744,MVI_20051,15,0,1782339412.1717284,0.0490262508392334
1745,MVI_20051,15,1,1782339412.2027442,0.031015872955322266
1746,MVI_20051,15,2,1782339412.2438855,0.04114127159118652
1747,MVI_20051,15,3,1782339412.2826612,0.03877568244934082
1748,MVI_20051,15,4,1782339412.3226616,0.04000043869018555
1749,MVI_20051,15,5,1782339412.3628561,0.04019451141357422
1750,MVI_20051,16,0,1782339412.411825,0.04896879196166992
1751,MVI_20051,16,1,1782339412.443243,0.0314180850982666
1752,MVI_20051,16,2,1782339412.482958,0.03971505165100098
1753,MVI_20051,16,3,1782339412.5227537,0.039795637130737305
1754,MVI_20051,16,4,1782339412.5626953,0.03994154930114746
1755,MVI_20051,16,5,1782339412.6031086,0.04041337966918945
1756,MVI_20051,17,0,1782339412.65134,0.04823136329650879
1757,MVI_20051,17,1,1782339412.6829965,0.031656503677368164
1758,MVI_20051,17,2,1782339412.7230396,0.04004311561584473
1759,MVI_20051,17,3,1782339412.7628725,0.03983283042907715
1760,MVI_20051,17,4,1782339412.8028333,0.03996086120605469
1761,MVI_20051,17,5,1782339412.843098,0.04026460647583008
1762,MVI_20051,18,0,1782339412.8930466,0.049948692321777344
1763,MVI_20051,18,1,1782339412.9230778,0.030031204223632812
1764,MVI_20051,18,2,1782339412.9628766,0.039798736572265625
1765,MVI_20051,18,3,1782339413.0031471,0.04027056694030762
1766,MVI_20051,18,4,1782339413.0428407,0.039693593978881836
1767,MVI_20051,18,5,1782339413.0828502,0.040009498596191406
1768,MVI_20051,19,0,1782339413.1332831,0.05043292045593262
1769,MVI_20051,19,1,1782339413.1634073,0.030124187469482422
1770,MVI_20051,19,2,1782339413.2028441,0.03943681716918945
1771,MVI_20051,19,3,1782339413.2434332,0.040589094161987305
1772,MVI_20051,19,4,1782339413.2827122,0.03927898406982422
1773,MVI_20051,19,5,1782339413.323107,0.04039478302001953
1774,MVI_20051,19,6,1782339413.362695,0.039587974548339844
1775,MVI_20051,20,0,1782339413.4123254,0.04963040351867676
1776,MVI_20051,20,1,1782339413.4428303,0.030504941940307617
1777,MVI_20051,20,2,1782339413.4829738,0.040143489837646484
1778,MVI_20051,20,3,1782339413.5232491,0.04027533531188965
1779,MVI_20051,20,4,1782339413.5626662,0.03941702842712402
1780,MVI_20051,20,5,1782339413.6030357,0.040369510650634766
1781,MVI_20051,20,6,1782339413.6431668,0.0401310920715332
1782,MVI_20051,21,0,1782339413.6943178,0.05115103721618652
1783,MVI_20051,21,1,1782339413.7227523,0.02843451499938965
1784,MVI_20051,21,2,1782339413.7630854,0.04033303260803223
1785,MVI_20051,21,3,1782339413.8031228,0.04003739356994629
1786,MVI_20051,21,4,1782339413.8430548,0.0399320125579834
1787,MVI_20051,21,5,1782339413.8828256,0.03977084159851074
1788,MVI_20051,21,6,1782339413.9232514,0.040425777435302734
1789,MVI_20051,22,0,1782339413.9708743,0.0476229190826416
1790,MVI_20051,22,1,1782339414.0029547,0.03208041191101074
1791,MVI_20051,22,2,1782339414.043094,0.040139198303222656
1792,MVI_20051,22,3,1782339414.082603,0.03950905799865723
1793,MVI_20051,22,4,1782339414.1227329,0.040129899978637695
1794,MVI_20051,22,5,1782339414.1632512,0.04051828384399414
1795,MVI_20051,22,6,1782339414.2030761,0.0398249626159668
1796,MVI_20051,23,0,1782339414.2515805,0.04850435256958008
1797,MVI_20051,23,1,1782339414.2831023,0.03152179718017578
1798,MVI_20051,23,2,1782339414.3231506,0.04004836082458496
1799,MVI_20051,23,3,1782339414.3628092,0.039658546447753906
1800,MVI_20051,23,4,1782339414.403071,0.04026174545288086
1801,MVI_20051,23,5,1782339414.4427989,0.03972792625427246
1802,MVI_20051,23,6,1782339414.483085,0.04028606414794922
1803,MVI_20051,24,0,1782339414.5343359,0.05125093460083008
1804,MVI_20051,24,1,1782339414.5631204,0.028784513473510742
1805,MVI_20051,24,2,1782339414.6031754,0.040055036544799805
1806,MVI_20051,24,3,1782339414.6428711,0.03969573974609375
1807,MVI_20051,24,4,1782339414.6827528,0.03988170623779297
1808,MVI_20051,24,5,1782339414.7228396,0.04008674621582031
1809,MVI_20051,24,6,1782339414.762733,0.039893388748168945
1810,MVI_20051,25,0,1782339414.811345,0.048612117767333984
1811,MVI_20051,25,1,1782339414.8430932,0.031748056411743164
1812,MVI_20051,25,2,1782339414.8829768,0.03988361358642578
1813,MVI_20051,25,3,1782339414.923349,0.04037213325500488
1814,MVI_20051,25,4,1782339414.9628441,0.039495229721069336
1815,MVI_20051,25,5,1782339415.0028493,0.04000520706176758
1816,MVI_20051,25,6,1782339415.0428734,0.0400240421295166
1817,MVI_20051,26,0,1782339415.0911434,0.04826998710632324
1818,MVI_20051,26,1,1782339415.123032,0.031888723373413086
1819,MVI_20051,26,2,1782339415.162766,0.03973388671875
1820,MVI_20051,26,3,1782339415.202955,0.04018902778625488
1821,MVI_20051,26,4,1782339415.2427218,0.039766788482666016
1822,MVI_20051,26,5,1782339415.2831593,0.04043745994567871
1823,MVI_20051,26,6,1782339415.3229296,0.03977036476135254
1824,MVI_20051,27,0,1782339415.3743792,0.05144953727722168
1825,MVI_20051,27,1,1782339415.4030588,0.028679609298706055
1826,MVI_20051,27,2,1782339415.443307,0.04024815559387207
1827,MVI_20051,27,3,1782339415.4830625,0.03975558280944824
1828,MVI_20051,27,4,1782339415.5230193,0.03995680809020996
1829,MVI_20051,27,5,1782339415.56279,0.03977060317993164
1830,MVI_20051,27,6,1782339415.603008,0.04021811485290527
1831,MVI_20051,28,0,1782339415.652425,0.04941701889038086
1832,MVI_20051,28,1,1782339415.683342,0.030916929244995117
1833,MVI_20051,28,2,1782339415.7229452,0.039603233337402344
1834,MVI_20051,28,3,1782339415.7630506,0.040105342864990234
1835,MVI_20051,28,4,1782339415.802834,0.039783477783203125
1836,MVI_20051,28,5,1782339415.8426266,0.039792537689208984
1837,MVI_20051,28,6,1782339415.883153,0.040526390075683594
1838,MVI_20051,29,0,1782339415.9324598,0.04930686950683594
1839,MVI_20051,29,1,1782339415.9629648,0.030504941940307617
1840,MVI_20051,29,2,1782339416.0029771,0.040012359619140625
1841,MVI_20051,29,3,1782339416.0431073,0.0401301383972168
1842,MVI_20051,29,4,1782339416.083131,0.0400238037109375
1843,MVI_20051,29,5,1782339416.1228554,0.03972434997558594
1844,MVI_20051,29,6,1782339416.1631496,0.04029417037963867
1845,MVI_20051,30,0,1782339416.209603,0.04645347595214844
1846,MVI_20051,30,1,1782339416.2428875,0.03328442573547363
1847,MVI_20051,30,2,1782339416.2832105,0.04032301902770996
1848,MVI_20051,30,3,1782339416.323022,0.03981137275695801
1849,MVI_20051,30,4,1782339416.3638422,0.04082036018371582
1850,MVI_20051,30,5,1782339416.4028018,0.038959503173828125
1851,MVI_20051,30,6,1782339416.4427733,0.03997159004211426
1852,MVI_20051,31,0,1782339416.491762,0.04898858070373535
1853,MVI_20051,31,1,1782339416.5230348,0.03127288818359375
1854,MVI_20051,31,2,1782339416.5628886,0.039853811264038086
1855,MVI_20051,31,3,1782339416.6029155,0.04002690315246582
1856,MVI_20051,31,4,1782339416.6428385,0.03992295265197754
1857,MVI_20051,31,5,1782339416.6828582,0.04001975059509277
1858,MVI_20051,31,6,1782339416.723035,0.0401768684387207
1859,MVI_20051,32,0,1782339416.7756174,0.0525822639465332
1860,MVI_20051,32,1,1782339416.80304,0.027422666549682617
1861,MVI_20051,32,2,1782339416.8428788,0.03983879089355469
1862,MVI_20051,32,3,1782339416.8827775,0.03989863395690918
1863,MVI_20051,32,4,1782339416.9228332,0.04005575180053711
1864,MVI_20051,32,5,1782339416.962602,0.03976869583129883
1865,MVI_20051,32,6,1782339417.0030766,0.040474653244018555
1866,MVI_20051,33,0,1782339417.0501404,0.04706382751464844
1867,MVI_20051,33,1,1782339417.082807,0.032666683197021484
1868,MVI_20051,33,2,1782339417.122784,0.03997683525085449
1869,MVI_20051,33,3,1782339417.1627624,0.0399785041809082
1870,MVI_20051,33,4,1782339417.203465,0.04070258140563965
1871,MVI_20051,33,5,1782339417.24287,0.039405107498168945
1872,MVI_20051,33,6,1782339417.2828414,0.039971351623535156
1873,MVI_20051,34,0,1782339417.3308556,0.048014163970947266
1874,MVI_20051,34,1,1782339417.3626928,0.03183722496032715
1875,MVI_20051,34,2,1782339417.4027517,0.04005885124206543
1876,MVI_20051,34,3,1782339417.4431334,0.040381669998168945
1877,MVI_20051,34,4,1782339417.4829547,0.03982138633728027
1878,MVI_20051,34,5,1782339417.5230615,0.040106773376464844
1879,MVI_20051,34,6,1782339417.5629153,0.039853811264038086
1880,MVI_20051,35,0,1782339417.6123006,0.04938530921936035
1881,MVI_20051,35,1,1782339417.6430418,0.030741214752197266
1882,MVI_20051,35,2,1782339417.683077,0.040035247802734375
1883,MVI_20051,35,3,1782339417.7227097,0.039632558822631836
1884,MVI_20051,35,4,1782339417.7629416,0.040231943130493164
1885,MVI_20051,35,5,1782339417.80265,0.03970837593078613
1886,MVI_20051,35,6,1782339417.8429255,0.04027557373046875
1887,MVI_20051,36,0,1782339417.8935957,0.05067014694213867
1888,MVI_20051,36,1,1782339417.9229145,0.029318809509277344
1889,MVI_20051,36,2,1782339417.9628396,0.03992509841918945
1890,MVI_20051,36,3,1782339418.0037208,0.04088115692138672
1891,MVI_20051,36,4,1782339418.0429788,0.03925800323486328
1892,MVI_20051,36,5,1782339418.0827644,0.03978562355041504
1893,MVI_20051,36,6,1782339418.1229274,0.04016304016113281
1894,MVI_20051,37,0,1782339418.1709352,0.04800772666931152
1895,MVI_20051,37,1,1782339418.2028697,0.031934499740600586
1896,MVI_20051,37,2,1782339418.242586,0.039716243743896484
1897,MVI_20051,37,3,1782339418.282953,0.04036712646484375
1898,MVI_20051,37,4,1782339418.3232446,0.040291547775268555
1899,MVI_20051,37,5,1782339418.3626704,0.03942584991455078
1900,MVI_20051,37,6,1782339418.4030697,0.04039931297302246
1901,MVI_20051,38,0,1782339418.4520342,0.048964500427246094
1902,MVI_20051,38,1,1782339418.48312,0.031085729598999023
1903,MVI_20051,38,2,1782339418.5228858,0.03976583480834961
1904,MVI_20051,38,3,1782339418.5628524,0.039966583251953125
1905,MVI_20051,38,4,1782339418.603002,0.040149688720703125
1906,MVI_20051,38,5,1782339418.6428342,0.039832115173339844
1907,MVI_20051,38,6,1782339418.682934,0.0400998592376709
1908,MVI_20051,39,0,1782339418.7333124,0.05037832260131836
1909,MVI_20051,39,1,1782339418.7633452,0.030032873153686523
1910,MVI_20051,39,2,1782339418.802883,0.039537668228149414
1911,MVI_20051,39,3,1782339418.8430672,0.04018425941467285
1912,MVI_20051,39,4,1782339418.8828516,0.03978443145751953
1913,MVI_20051,39,5,1782339418.922768,0.0399165153503418
1914,MVI_20051,39,6,1782339418.9627151,0.0399470329284668
1915,MVI_20051,40,0,1782339419.0113857,0.04867053031921387
1916,MVI_20051,40,1,1782339419.0429053,0.03151965141296387
1917,MVI_20051,40,2,1782339419.082574,0.03966856002807617
1918,MVI_20051,40,3,1782339419.1228397,0.040265798568725586
1919,MVI_20051,40,4,1782339419.1631439,0.04030418395996094
1920,MVI_20051,40,5,1782339419.202736,0.03959202766418457
1921,MVI_20051,40,6,1782339419.2429636,0.040227651596069336
1922,MVI_20051,41,0,1782339419.290515,0.04755139350891113
1923,MVI_20051,41,1,1782339419.3225844,0.03206944465637207
1924,MVI_20051,41,2,1782339419.362622,0.04003763198852539
1925,MVI_20051,41,3,1782339419.402924,0.04030203819274902
1926,MVI_20051,41,4,1782339419.4427085,0.03978443145751953
1927,MVI_20051,41,5,1782339419.4833887,0.0406801700592041
1928,MVI_20051,41,6,1782339419.5231159,0.039727210998535156
1929,MVI_20051,42,0,1782339419.5720596,0.04894375801086426
1930,MVI_20051,42,1,1782339419.602657,0.030597448348999023
1931,MVI_20051,42,2,1782339419.6430562,0.04039907455444336
1932,MVI_20051,42,3,1782339419.6829524,0.039896249771118164
1933,MVI_20051,42,4,1782339419.7227972,0.03984475135803223
1934,MVI_20051,42,5,1782339419.762826,0.04002881050109863
1935,MVI_20051,42,6,1782339419.8027647,0.03993868827819824
1936,MVI_20051,43,0,1782339419.8513174,0.048552751541137695
1937,MVI_20051,43,1,1782339419.8827436,0.031426191329956055
1938,MVI_20051,43,2,1782339419.9227252,0.03998160362243652
1939,MVI_20051,43,3,1782339419.9627652,0.040040016174316406
1940,MVI_20051,43,4,1782339420.0028841,0.04011893272399902
1941,MVI_20051,43,5,1782339420.0428934,0.040009260177612305
1942,MVI_20051,43,6,1782339420.0827925,0.03989911079406738
1943,MVI_20051,44,0,1782339420.1326203,0.04982781410217285
1944,MVI_20051,44,1,1782339420.1627796,0.03015923500061035
1945,MVI_20051,44,2,1782339420.203039,0.040259361267089844
1946,MVI_20051,44,3,1782339420.243075,0.04003596305847168
1947,MVI_20051,44,4,1782339420.2830749,0.039999961853027344
1948,MVI_20051,44,5,1782339420.3226695,0.03959465026855469
1949,MVI_20051,45,0,1782339420.3731813,0.050511837005615234
1950,MVI_20051,45,1,1782339420.40291,0.02972865104675293
1951,MVI_20051,45,2,1782339420.4427576,0.039847612380981445
1952,MVI_20051,45,3,1782339420.4829898,0.040232181549072266
1953,MVI_20051,45,4,1782339420.5230918,0.04010200500488281
1954,MVI_20051,45,5,1782339420.5626645,0.039572715759277344
1955,MVI_20051,46,0,1782339420.6115346,0.048870086669921875
1956,MVI_20051,46,1,1782339420.642702,0.03116750717163086
1957,MVI_20051,46,2,1782339420.6827462,0.04004406929016113
1958,MVI_20051,46,3,1782339420.7231114,0.04036521911621094
1959,MVI_20051,46,4,1782339420.7631223,0.040010929107666016
1960,MVI_20051,46,5,1782339420.8028982,0.039775848388671875
1961,MVI_20051,47,0,1782339420.8510935,0.04819536209106445
1962,MVI_20051,47,1,1782339420.8829155,0.03182196617126465
1963,MVI_20051,47,2,1782339420.922843,0.03992748260498047
1964,MVI_20051,47,3,1782339420.963873,0.041029930114746094
1965,MVI_20051,47,4,1782339421.0027907,0.03891777992248535
1966,MVI_20051,47,5,1782339421.0426633,0.03987264633178711
1967,MVI_20051,48,0,1782339421.0909934,0.048330068588256836
1968,MVI_20051,48,1,1782339421.1229153,0.0319218635559082
1969,MVI_20051,48,2,1782339421.1627135,0.03979825973510742
1970,MVI_20051,48,3,1782339421.2027218,0.0400083065032959
1971,MVI_20051,48,4,1782339421.2431107,0.04038882255554199
1972,MVI_20051,48,5,1782339421.2829292,0.039818525314331055
1973,MVI_20051,49,0,1782339421.3311417,0.048212528228759766
1974,MVI_20051,49,1,1782339421.362653,0.03151130676269531
1975,MVI_20051,49,2,1782339421.402877,0.04022407531738281
1976,MVI_20051,49,3,1782339421.443055,0.04017782211303711
1977,MVI_20051,49,4,1782339421.4827921,0.03973722457885742
1978,MVI_20051,49,5,1782339421.5229652,0.04017305374145508
1979,MVI_20051,49,6,1782339421.5626924,0.039727210998535156
1980,MVI_20051,50,0,1782339421.6127706,0.05007815361022949
1981,MVI_20051,50,1,1782339421.6426497,0.029879093170166016
1982,MVI_20051,50,2,1782339421.6829305,0.040280818939208984
1983,MVI_20051,50,3,1782339421.7228725,0.039942026138305664
1984,MVI_20051,50,4,1782339421.7628767,0.04000425338745117
1985,MVI_20051,50,5,1782339421.8028126,0.03993582725524902
1986,MVI_20051,50,6,1782339421.8430636,0.04025101661682129
1987,MVI_20052,1,0,1782339421.9768214,0.1337578296661377
1988,MVI_20052,1,1,1782339421.9769127,9.131431579589844e-05
1989,MVI_20052,1,2,1782339421.9769828,7.009506225585938e-05
1990,MVI_20052,1,3,1782339422.003084,0.026101112365722656
1991,MVI_20052,1,4,1782339422.0427482,0.039664268493652344
1992,MVI_20052,1,5,1782339422.082523,0.03977489471435547
1993,MVI_20052,1,6,1782339422.1230407,0.040517568588256836
1994,MVI_20052,1,7,1782339422.1628854,0.03984475135803223
1995,MVI_20052,1,8,1782339422.2029889,0.04010343551635742
1996,MVI_20052,1,9,1782339422.24309,0.040101051330566406
1997,MVI_20052,1,10,1782339422.282757,0.03966712951660156
1998,MVI_20052,1,11,1782339422.3229573,0.040200233459472656
1999,MVI_20052,1,12,1782339422.3639824,0.04102516174316406
2000,MVI_20052,1,13,1782339422.402738,0.03875565528869629
2001,MVI_20052,2,0,1782339422.454963,0.05222487449645996
2002,MVI_20052,2,1,1782339422.4829497,0.027986764907836914
2003,MVI_20052,2,2,1782339422.5230725,0.04012274742126465
2004,MVI_20052,2,3,1782339422.5627484,0.03967595100402832
2005,MVI_20052,2,4,1782339422.603179,0.040430545806884766
2006,MVI_20052,2,5,1782339422.6427395,0.039560556411743164
2007,MVI_20052,2,6,1782339422.682967,0.040227413177490234
2008,MVI_20052,2,7,1782339422.722815,0.03984808921813965
2009,MVI_20052,2,8,1782339422.7626503,0.039835214614868164
2010,MVI_20052,2,9,1782339422.8026478,0.03999757766723633
2011,MVI_20052,2,10,1782339422.8430195,0.04037165641784668
2012,MVI_20052,2,11,1782339422.8830695,0.04005002975463867
2013,MVI_20052,2,12,1782339422.9229763,0.03990674018859863
2014,MVI_20052,2,13,1782339422.9629421,0.03996586799621582
2015,MVI_20052,3,0,1782339423.0152261,0.05228400230407715
2016,MVI_20052,3,1,1782339423.0429392,0.02771306037902832
2017,MVI_20052,3,2,1782339423.0832531,0.0403139591217041
2018,MVI_20052,3,3,1782339423.1231437,0.03989052772521973
2019,MVI_20052,3,4,1782339423.162931,0.03978729248046875
2020,MVI_20052,3,5,1782339423.2027307,0.03979969024658203
2021,MVI_20052,3,6,1782339423.2429368,0.040206193923950195
2022,MVI_20052,3,7,1782339423.2828734,0.03993654251098633
2023,MVI_20052,3,8,1782339423.3229895,0.040116071701049805
2024,MVI_20052,3,9,1782339423.3629503,0.03996086120605469
2025,MVI_20052,3,10,1782339423.4029608,0.04001045227050781
2026,MVI_20052,3,11,1782339423.442639,0.039678335189819336
2027,MVI_20052,3,12,1782339423.4829733,0.040334224700927734
2028,MVI_20052,3,13,1782339423.5232408,0.0402674674987793
2029,MVI_20052,4,0,1782339423.5749803,0.05173945426940918
2030,MVI_20052,4,1,1782339423.6027489,0.027768611907958984
2031,MVI_20052,4,2,1782339423.642612,0.03986310958862305
2032,MVI_20052,4,3,1782339423.6829462,0.040334224700927734
2033,MVI_20052,4,4,1782339423.7232945,0.04034829139709473
2034,MVI_20052,4,5,1782339423.763136,0.039841413497924805
2035,MVI_20052,4,6,1782339423.8030932,0.039957284927368164
2036,MVI_20052,4,7,1782339423.8430455,0.03995227813720703
2037,MVI_20052,4,8,1782339423.8829248,0.03987932205200195
2038,MVI_20052,4,9,1782339423.9228141,0.03988933563232422
2039,MVI_20052,4,10,1782339423.962898,0.040083885192871094
2040,MVI_20052,4,11,1782339424.0028489,0.03995084762573242
2041,MVI_20052,4,12,1782339424.0426214,0.03977251052856445
2042,MVI_20052,4,13,1782339424.0829036,0.040282249450683594
2043,MVI_20052,5,0,1782339424.1348178,0.051914215087890625
2044,MVI_20052,5,1,1782339424.163128,0.028310060501098633
2045,MVI_20052,5,2,1782339424.2026322,0.039504289627075195
2046,MVI_20052,5,3,1782339424.2433674,0.04073524475097656
2047,MVI_20052,5,4,1782339424.2828972,0.03952980041503906
2048,MVI_20052,5,5,1782339424.322826,0.03992867469787598
2049,MVI_20052,5,6,1782339424.3633513,0.04052543640136719
2050,MVI_20052,5,7,1782339424.4027023,0.03935098648071289
2051,MVI_20052,5,8,1782339424.443897,0.04119467735290527
2052,MVI_20052,5,9,1782339424.4828613,0.038964271545410156
2053,MVI_20052,5,10,1782339424.52264,0.039778709411621094
2054,MVI_20052,5,11,1782339424.5627944,0.040154457092285156
2055,MVI_20052,5,12,1782339424.6029394,0.040144920349121094
2056,MVI_20052,5,13,1782339424.6426508,0.03971147537231445
2057,MVI_20052,6,0,1782339424.6910565,0.04840564727783203
2058,MVI_20052,6,1,1782339424.723074,0.03201746940612793
2059,MVI_20052,6,2,1782339424.7629113,0.03983736038208008
2060,MVI_20052,6,3,1782339424.8045223,0.0416109561920166
2061,MVI_20052,6,4,1782339424.8428535,0.03833127021789551
2062,MVI_20052,6,5,1782339424.882863,0.040009498596191406
2063,MVI_20052,6,6,1782339424.922833,0.03996992111206055
2064,MVI_20052,6,7,1782339424.9627717,0.03993868827819824
2065,MVI_20052,6,8,1782339425.0030274,0.04025578498840332
2066,MVI_20052,6,9,1782339425.0426471,0.03961968421936035
2067,MVI_20052,6,10,1782339425.0827894,0.04014229774475098
2068,MVI_20052,6,11,1782339425.1230474,0.040257930755615234
2069,MVI_20052,6,12,1782339425.1626348,0.03958749771118164
2070,MVI_20052,6,13,1782339425.203207,0.040572166442871094
2071,MVI_20052,7,0,1782339425.2516234,0.0484163761138916
2072,MVI_20052,7,1,1782339425.282951,0.03132772445678711
2073,MVI_20052,7,2,1782339425.3229349,0.03998374938964844
2074,MVI_20052,7,3,1782339425.362931,0.03999614715576172
2075,MVI_20052,7,4,1782339425.402705,0.03977394104003906
2076,MVI_20052,7,5,1782339425.4427414,0.04003643989562988
2077,MVI_20052,7,6,1782339425.4830177,0.040276288986206055
2078,MVI_20052,7,7,1782339425.522788,0.03977036476135254
2079,MVI_20052,7,8,1782339425.5627756,0.03998756408691406
2080,MVI_20052,7,9,1782339425.602963,0.04018735885620117
2081,MVI_20052,7,10,1782339425.6428897,0.039926767349243164
2082,MVI_20052,7,11,1782339425.6828148,0.03992509841918945
2083,MVI_20052,7,12,1782339425.7227387,0.039923906326293945
2084,MVI_20052,7,13,1782339425.7627885,0.04004979133605957
2085,MVI_20052,8,0,1782339425.8101203,0.047331809997558594
2086,MVI_20052,8,1,1782339425.84277,0.03264975547790527
2087,MVI_20052,8,2,1782339425.883057,0.040287017822265625
2088,MVI_20052,8,3,1782339425.9228559,0.039798736572265625
2089,MVI_20052,8,4,1782339425.962945,0.04008913040161133
2090,MVI_20052,8,5,1782339426.0031536,0.04020857810974121
2091,MVI_20052,8,6,1782339426.0431097,0.039956092834472656
2092,MVI_20052,8,7,1782339426.0828848,0.03977513313293457
2093,MVI_20052,8,8,1782339426.122763,0.039878129959106445
2094,MVI_20052,8,9,1782339426.1626492,0.0398862361907959
2095,MVI_20052,8,10,1782339426.2030065,0.040357351303100586
2096,MVI_20052,8,11,1782339426.242957,0.03995060920715332
2097,MVI_20052,8,12,1782339426.282831,0.03987383842468262
2098,MVI_20052,8,13,1782339426.32278,0.03994894027709961
2099,MVI_20052,9,0,1782339426.3717644,0.048984527587890625
2100,MVI_20052,9,1,1782339426.4030542,0.03128981590270996
2101,MVI_20052,9,2,1782339426.442769,0.039714813232421875
2102,MVI_20052,9,3,1782339426.4836376,0.040868520736694336
2103,MVI_20052,9,4,1782339426.5229323,0.03929471969604492
2104,MVI_20052,9,5,1782339426.5632129,0.04028058052062988
2105,MVI_20052,9,6,1782339426.6037126,0.04049968719482422
2106,MVI_20052,9,7,1782339426.6427982,0.03908562660217285
2107,MVI_20052,9,8,1782339426.6828604,0.04006218910217285
2108,MVI_20052,9,9,1782339426.7226439,0.039783477783203125
2109,MVI_20052,9,10,1782339426.762731,0.040087223052978516
2110,MVI_20052,9,11,1782339426.802879,0.040148019790649414
2111,MVI_20052,9,12,1782339426.842872,0.0399928092956543
2112,MVI_20052,9,13,1782339426.8829896,0.040117740631103516
2113,MVI_20052,10,0,1782339426.9333878,0.05039811134338379
2114,MVI_20052,10,1,1782339426.9627173,0.029329538345336914
2115,MVI_20052,10,2,1782339427.002757,0.040039777755737305
2116,MVI_20052,10,3,1782339427.042789,0.04003190994262695
2117,MVI_20052,10,4,1782339427.0827594,0.03997039794921875
2118,MVI_20052,10,5,1782339427.1227164,0.03995704650878906
2119,MVI_20052,10,6,1782339427.1627676,0.04005122184753418
2120,MVI_20052,10,7,1782339427.2028883,0.040120601654052734
2121,MVI_20052,10,8,1782339427.2428784,0.03999018669128418
2122,MVI_20052,10,9,1782339427.2827594,0.039880990982055664
2123,MVI_20052,10,10,1782339427.322659,0.039899587631225586
2124,MVI_20052,10,11,1782339427.3625908,0.0399317741394043
2125,MVI_20052,10,12,1782339427.4029093,0.04031848907470703
2126,MVI_20052,10,13,1782339427.442823,0.03991365432739258
2127,MVI_20052,11,0,1782339427.4945567,0.05173373222351074
2128,MVI_20052,11,1,1782339427.5225718,0.02801513671875
2129,MVI_20052,11,2,1782339427.5628276,0.04025578498840332
2130,MVI_20052,11,3,1782339427.6029086,0.040081024169921875
2131,MVI_20052,11,4,1782339427.64318,0.04027128219604492
2132,MVI_20052,11,5,1782339427.6826715,0.03949165344238281
2133,MVI_20052,11,6,1782339427.7227416,0.0400700569152832
2134,MVI_20052,11,7,1782339427.762748,0.040006399154663086
2135,MVI_20052,11,8,1782339427.802786,0.040038108825683594
2136,MVI_20052,11,9,1782339427.8426044,0.03981828689575195
2137,MVI_20052,11,10,1782339427.8827589,0.040154457092285156
2138,MVI_20052,11,11,1782339427.9230802,0.04032135009765625
2139,MVI_20052,11,12,1782339427.9627964,0.039716243743896484
2140,MVI_20052,11,13,1782339428.0027506,0.039954185485839844
2141,MVI_20052,12,0,1782339428.051965,0.04921436309814453
2142,MVI_20052,12,1,1782339428.0828476,0.030882596969604492
2143,MVI_20052,12,2,1782339428.1227753,0.03992772102355957
2144,MVI_20052,12,3,1782339428.1626368,0.039861440658569336
2145,MVI_20052,12,4,1782339428.2025657,0.03992891311645508
2146,MVI_20052,12,5,1782339428.2430897,0.04052400588989258
2147,MVI_20052,12,6,1782339428.2832882,0.040198564529418945
2148,MVI_20052,12,7,1782339428.3232772,0.03998899459838867
2149,MVI_20052,12,8,1782339428.362612,0.039334774017333984
2150,MVI_20052,12,9,1782339428.4032092,0.04059720039367676
2151,MVI_20052,12,10,1782339428.4427698,0.039560556411743164
2152,MVI_20052,12,11,1782339428.4831371,0.04036736488342285
2153,MVI_20052,12,12,1782339428.5227575,0.039620399475097656
2154,MVI_20052,12,13,1782339428.5632799,0.04052233695983887
2155,MVI_20052,13,0,1782339428.6124513,0.04917144775390625
2156,MVI_20052,13,1,1782339428.6431324,0.030681133270263672
2157,MVI_20052,13,2,1782339428.6826668,0.03953433036804199
2158,MVI_20052,13,3,1782339428.7227573,0.04009056091308594
2159,MVI_20052,13,4,1782339428.7629857,0.04022836685180664
2160,MVI_20052,13,5,1782339428.8027773,0.03979158401489258
2161,MVI_20052,13,6,1782339428.8427591,0.039981842041015625
2162,MVI_20052,13,7,1782339428.882769,0.04000997543334961
2163,MVI_20052,13,8,1782339428.9232073,0.040438175201416016
2164,MVI_20052,13,9,1782339428.9627328,0.039525508880615234
2165,MVI_20052,13,10,1782339429.0025964,0.03986358642578125
2166,MVI_20052,13,11,1782339429.0428808,0.04028439521789551
2167,MVI_20052,13,12,1782339429.0828466,0.03996586799621582
2168,MVI_20052,13,13,1782339429.122833,0.039986371994018555
2169,MVI_20052,14,0,1782339429.173059,0.05022597312927246
2170,MVI_20052,14,1,1782339429.2026455,0.0295865535736084
2171,MVI_20052,14,2,1782339429.2427745,0.04012894630432129
2172,MVI_20052,14,3,1782339429.2831707,0.04039621353149414
2173,MVI_20052,14,4,1782339429.3228357,0.03966498374938965
2174,MVI_20052,14,5,1782339429.3628807,0.04004502296447754
2175,MVI_20052,14,6,1782339429.4028168,0.039936065673828125
2176,MVI_20052,14,7,1782339429.4429445,0.04012775421142578
2177,MVI_20052,14,8,1782339429.4828525,0.03990793228149414
2178,MVI_20052,14,9,1782339429.5229287,0.040076255798339844
2179,MVI_20052,14,10,1782339429.5628235,0.039894819259643555
2180,MVI_20052,14,11,1782339429.6029196,0.04009604454040527
2181,MVI_20052,14,12,1782339429.6431384,0.04021883010864258
2182,MVI_20052,14,13,1782339429.6832755,0.04013705253601074
2183,MVI_20052,15,0,1782339429.7328036,0.04952812194824219
2184,MVI_20052,15,1,1782339429.7635365,0.03073287010192871
2185,MVI_20052,15,2,1782339429.8026288,0.039092302322387695
2186,MVI_20052,15,3,1782339429.84308,0.0404512882232666
2187,MVI_20052,15,4,1782339429.8832061,0.04012608528137207
2188,MVI_20052,15,5,1782339429.9230137,0.03980755805969238
2189,MVI_20052,15,6,1782339429.962881,0.039867401123046875
2190,MVI_20052,15,7,1782339430.0028322,0.03995108604431152
2191,MVI_20052,15,8,1782339430.042825,0.0399928092956543
2192,MVI_20052,15,9,1782339430.0827415,0.0399165153503418
2193,MVI_20052,15,10,1782339430.1231108,0.040369272232055664
2194,MVI_20052,15,11,1782339430.1630917,0.03998088836669922
2195,MVI_20052,15,12,1782339430.2029345,0.039842844009399414
2196,MVI_20052,15,13,1782339430.2430239,0.04008936882019043
2197,MVI_20052,16,0,1782339430.2919981,0.04897427558898926
2198,MVI_20052,16,1,1782339430.3231082,0.031110048294067383
2199,MVI_20052,16,2,1782339430.362855,0.039746761322021484
2200,MVI_20052,16,3,1782339430.4029033,0.04004836082458496
2201,MVI_20052,16,4,1782339430.4431083,0.04020500183105469
2202,MVI_20052,16,5,1782339430.4833727,0.04026436805725098
2203,MVI_20052,16,6,1782339430.5227559,0.0393831729888916
2204,MVI_20052,16,7,1782339430.563052,0.040296077728271484
2205,MVI_20052,16,8,1782339430.602646,0.039594173431396484
2206,MVI_20052,16,9,1782339430.6428475,0.040201425552368164
2207,MVI_20052,16,10,1782339430.6828392,0.03999161720275879
2208,MVI_20052,16,11,1782339430.7225935,0.039754390716552734
2209,MVI_20052,16,12,1782339430.7628975,0.040303945541381836
2210,MVI_20052,16,13,1782339430.8029373,0.040039777755737305
2211,MVI_20052,17,0,1782339430.8537967,0.05085945129394531
2212,MVI_20052,17,1,1782339430.8826532,0.028856515884399414
2213,MVI_20052,17,2,1782339430.9227371,0.040083885192871094
2214,MVI_20052,17,3,1782339430.9626439,0.03990674018859863
2215,MVI_20052,17,4,1782339431.0028882,0.040244340896606445
2216,MVI_20052,17,5,1782339431.042722,0.039833784103393555
2217,MVI_20052,17,6,1782339431.0828168,0.040094852447509766
2218,MVI_20052,17,7,1782339431.1234488,0.040632009506225586
2219,MVI_20052,17,8,1782339431.162764,0.039315223693847656
2220,MVI_20052,17,9,1782339431.2027678,0.04000377655029297
2221,MVI_20052,17,10,1782339431.2427344,0.039966583251953125
2222,MVI_20052,17,11,1782339431.282572,0.03983759880065918
2223,MVI_20052,17,12,1782339431.3230786,0.040506601333618164
2224,MVI_20052,17,13,1782339431.3631992,0.040120601654052734
2225,MVI_20052,18,0,1782339431.4118352,0.04863595962524414
2226,MVI_20052,18,1,1782339431.4428208,0.030985593795776367
2227,MVI_20052,18,2,1782339431.4826708,0.03984999656677246
2228,MVI_20052,18,3,1782339431.5228822,0.04021143913269043
2229,MVI_20052,18,4,1782339431.5629814,0.040099143981933594
2230,MVI_20052,18,5,1782339431.6028008,0.03981947898864746
2231,MVI_20052,18,6,1782339431.6428576,0.040056705474853516
2232,MVI_20052,18,7,1782339431.6827588,0.0399012565612793
2233,MVI_20052,18,8,1782339431.7231152,0.04035639762878418
2234,MVI_20052,18,9,1782339431.7628632,0.03974795341491699
2235,MVI_20052,18,10,1782339431.8031795,0.04031634330749512
2236,MVI_20052,18,11,1782339431.8427532,0.03957366943359375
2237,MVI_20052,18,12,1782339431.8829176,0.04016447067260742
2238,MVI_20052,18,13,1782339431.9227018,0.03978419303894043
2239,MVI_20052,19,0,1782339431.972772,0.05007004737854004
2240,MVI_20052,19,1,1782339432.0030138,0.030241966247558594
2241,MVI_20052,19,2,1782339432.0426602,0.03964638710021973
2242,MVI_20052,19,3,1782339432.0828953,0.040235042572021484
2243,MVI_20052,19,4,1782339432.1229434,0.04004812240600586
2244,MVI_20052,19,5,1782339432.1627667,0.039823293685913086
2245,MVI_20052,19,6,1782339432.2028968,0.0401301383972168
2246,MVI_20052,19,7,1782339432.2427347,0.03983783721923828
2247,MVI_20052,19,8,1782339432.2827575,0.040022850036621094
2248,MVI_20052,19,9,1782339432.3227055,0.0399479866027832
2249,MVI_20052,19,10,1782339432.3629968,0.04029130935668945
2250,MVI_20052,19,11,1782339432.4028606,0.03986382484436035
2251,MVI_20052,19,12,1782339432.4426455,0.039784908294677734
2252,MVI_20052,19,13,1782339432.482777,0.040131568908691406
2253,MVI_20052,19,14,1782339432.522798,0.04002094268798828
2254,MVI_20052,20,0,1782339432.5729084,0.0501103401184082
2255,MVI_20052,20,1,1782339432.602772,0.029863595962524414
2256,MVI_20052,20,2,1782339432.6428454,0.040073394775390625
2257,MVI_20052,20,3,1782339432.6827803,0.03993487358093262
2258,MVI_20052,20,4,1782339432.7229924,0.040212154388427734
2259,MVI_20052,20,5,1782339432.7628033,0.039810895919799805
2260,MVI_20052,20,6,1782339432.8028483,0.04004502296447754
2261,MVI_20052,20,7,1782339432.8430586,0.04021024703979492
2262,MVI_20052,20,8,1782339432.8827467,0.0396881103515625
2263,MVI_20052,20,9,1782339432.9228015,0.0400547981262207
2264,MVI_20052,20,10,1782339432.9629097,0.04010820388793945
2265,MVI_20052,20,11,1782339433.0027282,0.039818525314331055
2266,MVI_20052,20,12,1782339433.0431068,0.040378570556640625
2267,MVI_20052,20,13,1782339433.0826194,0.03951263427734375
2268,MVI_20052,20,14,1782339433.1227498,0.0401303768157959
2269,MVI_20052,21,0,1782339433.1726367,0.04988694190979004
2270,MVI_20052,21,1,1782339433.202876,0.030239343643188477
2271,MVI_20052,21,2,1782339433.2431011,0.04022502899169922
2272,MVI_20052,21,3,1782339433.2826557,0.039554595947265625
2273,MVI_20052,21,4,1782339433.3230884,0.04043269157409668
2274,MVI_20052,21,5,1782339433.3632522,0.04016375541687012
2275,MVI_20052,21,6,1782339433.4027529,0.03950071334838867
2276,MVI_20052,21,7,1782339433.4431841,0.04043126106262207
2277,MVI_20052,21,8,1782339433.4827387,0.039554595947265625
2278,MVI_20052,21,9,1782339433.522573,0.03983426094055176
2279,MVI_20052,21,10,1782339433.562728,0.04015493392944336
2280,MVI_20052,21,11,1782339433.6029487,0.04022073745727539
2281,MVI_20052,21,12,1782339433.643274,0.04032540321350098
2282,MVI_20052,21,13,1782339433.6827083,0.039434194564819336
2283,MVI_20052,21,14,1782339433.7226415,0.039933204650878906
2284,MVI_20052,22,0,1782339433.7715788,0.048937320709228516
2285,MVI_20052,22,1,1782339433.8028233,0.031244516372680664
2286,MVI_20052,22,2,1782339433.8431756,0.04035234451293945
2287,MVI_20052,22,3,1782339433.883017,0.039841413497924805
2288,MVI_20052,22,4,1782339433.922668,0.039650917053222656
2289,MVI_20052,22,5,1782339433.9629178,0.04024982452392578
2290,MVI_20052,22,6,1782339434.0027564,0.039838552474975586
2291,MVI_20052,22,7,1782339434.0426588,0.039902448654174805
2292,MVI_20052,22,8,1782339434.0826206,0.039961814880371094
2293,MVI_20052,22,9,1782339434.1227376,0.04011702537536621
2294,MVI_20052,22,10,1782339434.1627922,0.0400545597076416
2295,MVI_20052,22,11,1782339434.203284,0.04049181938171387
2296,MVI_20052,22,12,1782339434.2428463,0.039562225341796875
2297,MVI_20052,22,13,1782339434.2828784,0.040032148361206055
2298,MVI_20052,22,14,1782339434.3226068,0.039728403091430664
2299,MVI_20052,23,0,1782339434.3725867,0.04997992515563965
2300,MVI_20052,23,1,1782339434.4027379,0.0301511287689209
2301,MVI_20052,23,2,1782339434.443079,0.04034113883972168
2302,MVI_20052,23,3,1782339434.4829688,0.03988981246948242
2303,MVI_20052,23,4,1782339434.5231907,0.0402219295501709
2304,MVI_20052,23,5,1782339434.5627334,0.03954267501831055
2305,MVI_20052,23,6,1782339434.6028666,0.04013323783874512
2306,MVI_20052,23,7,1782339434.6429307,0.040064096450805664
2307,MVI_20052,23,8,1782339434.6830187,0.04008793830871582
2308,MVI_20052,23,9,1782339434.722803,0.03978443145751953
2309,MVI_20052,23,10,1782339434.762895,0.04009199142456055
2310,MVI_20052,23,11,1782339434.8028314,0.03993630409240723
2311,MVI_20052,23,12,1782339434.8427587,0.03992724418640137
2312,MVI_20052,23,13,1782339434.8830953,0.04033660888671875
2313,MVI_20052,23,14,1782339434.9227612,0.039665937423706055
2314,MVI_20052,24,0,1782339434.9710724,0.04831123352050781
2315,MVI_20052,24,1,1782339435.002762,0.03168964385986328
2316,MVI_20052,24,2,1782339435.043096,0.04033398628234863
2317,MVI_20052,24,3,1782339435.0827796,0.03968358039855957
2318,MVI_20052,24,4,1782339435.122853,0.040073394775390625
2319,MVI_20052,24,5,1782339435.162781,0.03992795944213867
2320,MVI_20052,24,6,1782339435.202867,0.04008603096008301
2321,MVI_20052,24,7,1782339435.2427704,0.03990340232849121
2322,MVI_20052,24,8,1782339435.2828681,0.040097713470458984
2323,MVI_20052,24,9,1782339435.3228016,0.03993344306945801
2324,MVI_20052,24,10,1782339435.362735,0.03993344306945801
2325,MVI_20052,24,11,1782339435.4028313,0.040096282958984375
2326,MVI_20052,24,12,1782339435.44275,0.03991866111755371
2327,MVI_20052,24,13,1782339435.4829683,0.040218353271484375
2328,MVI_20052,24,14,1782339435.522896,0.03992772102355957
2329,MVI_20052,25,0,1782339435.5719392,0.04904317855834961
2330,MVI_20052,25,1,1782339435.602884,0.03094482421875
2331,MVI_20052,25,2,1782339435.6434126,0.04052853584289551
2332,MVI_20052,25,3,1782339435.6828213,0.03940868377685547
2333,MVI_20052,25,4,1782339435.7225692,0.03974795341491699
2334,MVI_20052,25,5,1782339435.762753,0.04018378257751465
2335,MVI_20052,25,6,1782339435.802646,0.03989291191101074
2336,MVI_20052,25,7,1782339435.84288,0.04023408889770508
2337,MVI_20052,25,8,1782339435.882714,0.039834022521972656
2338,MVI_20052,25,9,1782339435.9228575,0.040143489837646484
2339,MVI_20052,25,10,1782339435.9628174,0.03995990753173828
2340,MVI_20052,25,11,1782339436.0027776,0.03996014595031738
2341,MVI_20052,25,12,1782339436.0427737,0.03999614715576172
2342,MVI_20052,25,13,1782339436.0828211,0.040047407150268555
2343,MVI_20052,25,14,1782339436.1227155,0.03989434242248535
2344,MVI_20052,25,15,1782339436.162899,0.04018354415893555
2345,MVI_20052,26,0,1782339436.2133996,0.05050063133239746
2346,MVI_20052,26,1,1782339436.242806,0.029406309127807617
2347,MVI_20052,26,2,1782339436.2828774,0.04007148742675781
2348,MVI_20052,26,3,1782339436.323008,0.040130615234375
2349,MVI_20052,26,4,1782339436.3631275,0.04011940956115723
2350,MVI_20052,26,5,1782339436.4031496,0.04002213478088379
2351,MVI_20052,26,6,1782339436.4428961,0.03974652290344238
2352,MVI_20052,26,7,1782339436.4831026,0.0402064323425293
2353,MVI_20052,26,8,1782339436.5228717,0.03976917266845703
2354,MVI_20052,26,9,1782339436.5627043,0.03983259201049805
2355,MVI_20052,26,10,1782339436.6029491,0.04024481773376465
2356,MVI_20052,26,11,1782339436.6427412,0.03979206085205078
2357,MVI_20052,26,12,1782339436.6828053,0.040064096450805664
2358,MVI_20052,26,13,1782339436.7229424,0.04013705253601074
2359,MVI_20052,26,14,1782339436.7627532,0.039810895919799805
2360,MVI_20052,26,15,1782339436.8028812,0.04012799263000488
2361,MVI_20052,27,0,1782339436.8514953,0.0486140251159668
2362,MVI_20052,27,1,1782339436.8825722,0.031076908111572266
2363,MVI_20052,27,2,1782339436.9226012,0.040029048919677734
2364,MVI_20052,27,3,1782339436.9630203,0.04041910171508789
2365,MVI_20052,27,4,1782339437.002577,0.03955674171447754
2366,MVI_20052,27,5,1782339437.0426476,0.040070533752441406
2367,MVI_20052,27,6,1782339437.0827484,0.040100812911987305
2368,MVI_20052,27,7,1782339437.1228094,0.040060997009277344
2369,MVI_20052,27,8,1782339437.163175,0.04036569595336914
2370,MVI_20052,27,9,1782339437.2029045,0.03972935676574707
2371,MVI_20052,27,10,1782339437.2427003,0.039795875549316406
2372,MVI_20052,27,11,1782339437.2826204,0.03992009162902832
2373,MVI_20052,27,12,1782339437.322946,0.04032564163208008
2374,MVI_20052,27,13,1782339437.3632529,0.040306806564331055
2375,MVI_20052,27,14,1782339437.4027867,0.03953385353088379
2376,MVI_20052,27,15,1782339437.4427516,0.039964914321899414
2377,MVI_20052,28,0,1782339437.4926443,0.04989266395568848
2378,MVI_20052,28,1,1782339437.5226219,0.02997756004333496
2379,MVI_20052,28,2,1782339437.5629516,0.040329694747924805
2380,MVI_20052,28,3,1782339437.602716,0.039764404296875
2381,MVI_20052,28,4,1782339437.6429138,0.04019784927368164
2382,MVI_20052,28,5,1782339437.68279,0.03987622261047363
2383,MVI_20052,28,6,1782339437.722857,0.04006695747375488
2384,MVI_20052,28,7,1782339437.7630165,0.04015946388244629
2385,MVI_20052,28,8,1782339437.802856,0.03983950614929199
2386,MVI_20052,28,9,1782339437.8427734,0.0399174690246582
2387,MVI_20052,28,10,1782339437.8828125,0.0400390625
2388,MVI_20052,28,11,1782339437.9229038,0.04009127616882324
2389,MVI_20052,28,12,1782339437.9629242,0.04002046585083008
2390,MVI_20052,28,13,1782339438.0031471,0.040222883224487305
2391,MVI_20052,28,14,1782339438.0427463,0.03959918022155762
2392,MVI_20052,28,15,1782339438.0825293,0.03978300094604492
2393,MVI_20052,29,0,1782339438.1329029,0.05037355422973633
2394,MVI_20052,29,1,1782339438.1633072,0.030404329299926758
2395,MVI_20052,29,2,1782339438.2028527,0.039545536041259766
2396,MVI_20052,29,3,1782339438.2428546,0.040001869201660156
2397,MVI_20052,29,4,1782339438.282804,0.03994941711425781
2398,MVI_20052,29,5,1782339438.322867,0.040062904357910156
2399,MVI_20052,29,6,1782339438.363239,0.04037213325500488
2400,MVI_20052,29,7,1782339438.402819,0.03957986831665039
2401,MVI_20052,29,8,1782339438.4425838,0.0397648811340332
2402,MVI_20052,29,9,1782339438.482722,0.04013824462890625
2403,MVI_20052,29,10,1782339438.5229435,0.040221452713012695
2404,MVI_20052,29,11,1782339438.5628605,0.0399169921875
2405,MVI_20052,29,12,1782339438.6028655,0.04000496864318848
2406,MVI_20052,29,13,1782339438.642818,0.03995251655578613
2407,MVI_20052,29,14,1782339438.683046,0.04022812843322754
2408,MVI_20052,29,15,1782339438.7228608,0.03981471061706543
2409,MVI_20052,30,0,1782339438.7710178,0.0481569766998291
2410,MVI_20052,30,1,1782339438.8027673,0.03174948692321777
2411,MVI_20052,30,2,1782339438.8431065,0.04033923149108887
2412,MVI_20052,30,3,1782339438.8828034,0.03969693183898926
2413,MVI_20052,30,4,1782339438.9225643,0.03976082801818848
2414,MVI_20052,30,5,1782339438.9627492,0.040184974670410156
2415,MVI_20052,30,6,1782339439.0029902,0.04024100303649902
2416,MVI_20052,30,7,1782339439.0427387,0.039748430252075195
2417,MVI_20052,30,8,1782339439.0827096,0.03997087478637695
2418,MVI_20052,30,9,1782339439.1228757,0.04016613960266113
2419,MVI_20052,30,10,1782339439.1627471,0.0398714542388916
2420,MVI_20052,30,11,1782339439.202645,0.039897918701171875
2421,MVI_20052,30,12,1782339439.2428157,0.04017066955566406
2422,MVI_20052,30,13,1782339439.282745,0.03992915153503418
2423,MVI_20052,30,14,1782339439.3228064,0.04006147384643555
2424,MVI_20052,30,15,1782339439.3627899,0.039983510971069336
2425,MVI_20052,31,0,1782339439.4149253,0.052135467529296875
2426,MVI_20052,31,1,1782339439.4428675,0.027942180633544922
2427,MVI_20052,31,2,1782339439.483126,0.04025840759277344
2428,MVI_20052,31,3,1782339439.5226645,0.03953862190246582
2429,MVI_20052,31,4,1782339439.5628917,0.04022717475891113
2430,MVI_20052,31,5,1782339439.602605,0.039713382720947266
2431,MVI_20052,31,6,1782339439.6428776,0.04027247428894043
2432,MVI_20052,31,7,1782339439.682576,0.03969836235046387
2433,MVI_20052,31,8,1782339439.7226171,0.040041208267211914
2434,MVI_20052,31,9,1782339439.7629306,0.0403134822845459
2435,MVI_20052,31,10,1782339439.8028731,0.03994250297546387
2436,MVI_20052,31,11,1782339439.8427067,0.03983354568481445
2437,MVI_20052,31,12,1782339439.8827035,0.03999686241149902
2438,MVI_20052,31,13,1782339439.9228365,0.040132999420166016
2439,MVI_20052,31,14,1782339439.9628608,0.0400242805480957
2440,MVI_20052,31,15,1782339440.0026276,0.039766788482666016
2441,MVI_20052,32,0,1782339440.0520127,0.04938507080078125
2442,MVI_20052,32,1,1782339440.0826983,0.0306856632232666
2443,MVI_20052,32,2,1782339440.122773,0.04007458686828613
2444,MVI_20052,32,3,1782339440.163361,0.0405881404876709
2445,MVI_20052,32,4,1782339440.2029865,0.03962540626525879
2446,MVI_20052,32,5,1782339440.242809,0.03982257843017578
2447,MVI_20052,32,6,1782339440.2826934,0.039884328842163086
2448,MVI_20052,32,7,1782339440.3229823,0.04028892517089844
2449,MVI_20052,32,8,1782339440.3628223,0.039839982986450195
2450,MVI_20052,32,9,1782339440.4028761,0.0400538444519043
2451,MVI_20052,32,10,1782339440.443247,0.040370941162109375
2452,MVI_20052,32,11,1782339440.4827874,0.03954029083251953
2453,MVI_20052,32,12,1782339440.5227077,0.03992033004760742
2454,MVI_20052,32,13,1782339440.5644898,0.04178214073181152
2455,MVI_20052,32,14,1782339440.6032975,0.03880763053894043
2456,MVI_20052,32,15,1782339440.6428716,0.03957414627075195
2457,MVI_20052,33,0,1782339440.6919763,0.04910469055175781
2458,MVI_20052,33,1,1782339440.7226133,0.030637025833129883
2459,MVI_20052,33,2,1782339440.7627096,0.040096282958984375
2460,MVI_20052,33,3,1782339440.80326,0.04055047035217285
2461,MVI_20052,33,4,1782339440.8431957,0.03993558883666992
2462,MVI_20052,33,5,1782339440.8829494,0.03975367546081543
2463,MVI_20052,33,6,1782339440.9227479,0.03979849815368652
2464,MVI_20052,33,7,1782339440.9629576,0.04020977020263672
2465,MVI_20052,33,8,1782339441.0031145,0.04015684127807617
2466,MVI_20052,33,9,1782339441.0431705,0.04005599021911621
2467,MVI_20052,33,10,1782339441.0826108,0.03944039344787598
2468,MVI_20052,33,11,1782339441.1227043,0.040093421936035156
2469,MVI_20052,33,12,1782339441.1628504,0.0401461124420166
2470,MVI_20052,33,13,1782339441.2029424,0.04009199142456055
2471,MVI_20052,33,14,1782339441.2428238,0.03988146781921387
2472,MVI_20052,33,15,1782339441.2833858,0.04056191444396973
2473,MVI_20052,34,0,1782339441.3302872,0.04690146446228027
2474,MVI_20052,34,1,1782339441.3630512,0.03276395797729492
2475,MVI_20052,34,2,1782339441.4030287,0.0399775505065918
2476,MVI_20052,34,3,1782339441.442807,0.03977823257446289
2477,MVI_20052,34,4,1782339441.4829123,0.040105342864990234
2478,MVI_20052,34,5,1782339441.522829,0.0399167537689209
2479,MVI_20052,34,6,1782339441.5629373,0.04010820388793945
2480,MVI_20052,34,7,1782339441.6029735,0.04003620147705078
2481,MVI_20052,34,8,1782339441.6430724,0.04009890556335449
2482,MVI_20052,34,9,1782339441.6828485,0.03977608680725098
2483,MVI_20052,34,10,1782339441.722745,0.039896488189697266
2484,MVI_20052,34,11,1782339441.763203,0.040457963943481445
2485,MVI_20052,34,12,1782339441.8028011,0.03959822654724121
2486,MVI_20052,34,13,1782339441.8427184,0.0399172306060791
2487,MVI_20052,34,14,1782339441.8830442,0.04032588005065918
2488,MVI_20052,34,15,1782339441.9229045,0.03986024856567383
2489,MVI_20052,35,0,1782339441.970262,0.04735755920410156
2490,MVI_20052,35,1,1782339442.0029736,0.03271150588989258
2491,MVI_20052,35,2,1782339442.043028,0.0400545597076416
2492,MVI_20052,35,3,1782339442.082965,0.03993678092956543
2493,MVI_20052,35,4,1782339442.122863,0.03989815711975098
2494,MVI_20052,35,5,1782339442.1630826,0.04021954536437988
2495,MVI_20052,35,6,1782339442.2028377,0.03975510597229004
2496,MVI_20052,35,7,1782339442.2428613,0.0400235652923584
2497,MVI_20052,35,8,1782339442.2826974,0.03983616828918457
2498,MVI_20052,35,9,1782339442.322802,0.04010462760925293
2499,MVI_20052,35,10,1782339442.3630772,0.04027509689331055
2500,MVI_20052,35,11,1782339442.4028058,0.039728641510009766
2501,MVI_20052,35,12,1782339442.442768,0.0399622917175293
2502,MVI_20052,35,13,1782339442.4827902,0.04002213478088379
2503,MVI_20052,35,14,1782339442.5228527,0.04006242752075195
2504,MVI_20052,35,15,1782339442.562704,0.03985142707824707
2505,MVI_20052,36,0,1782339442.6125498,0.04984569549560547
2506,MVI_20052,36,1,1782339442.642864,0.030314207077026367
2507,MVI_20052,36,2,1782339442.6826987,0.03983473777770996
2508,MVI_20052,36,3,1782339442.7228365,0.04013776779174805
2509,MVI_20052,36,4,1782339442.7627637,0.03992724418640137
2510,MVI_20052,36,5,1782339442.8026211,0.03985738754272461
2511,MVI_20052,36,6,1782339442.84266,0.0400388240814209
2512,MVI_20052,36,7,1782339442.8830922,0.04043221473693848
2513,MVI_20052,36,8,1782339442.9228866,0.0397944450378418
2514,MVI_20052,36,9,1782339442.9627817,0.039895057678222656
2515,MVI_20052,36,10,1782339443.002785,0.040003299713134766
2516,MVI_20052,36,11,1782339443.0428362,0.04005122184753418
2517,MVI_20052,36,12,1782339443.0827146,0.03987836837768555
2518,MVI_20052,36,13,1782339443.1227312,0.04001665115356445
2519,MVI_20052,36,14,1782339443.1627758,0.040044546127319336
2520,MVI_20052,36,15,1782339443.2025685,0.039792776107788086
2521,MVI_20052,37,0,1782339443.2525063,0.04993772506713867
2522,MVI_20052,37,1,1782339443.28289,0.030383825302124023
2523,MVI_20052,37,2,1782339443.3229613,0.04007124900817871
2524,MVI_20052,37,3,1782339443.362641,0.039679765701293945
2525,MVI_20052,37,4,1782339443.402615,0.03997397422790527
2526,MVI_20052,37,5,1782339443.4429235,0.040308475494384766
2527,MVI_20052,37,6,1782339443.4827557,0.039832115173339844
2528,MVI_20052,37,7,1782339443.5227678,0.04001212120056152
2529,MVI_20052,37,8,1782339443.5628607,0.04009294509887695
2530,MVI_20052,37,9,1782339443.6029472,0.04008650779724121
2531,MVI_20052,37,10,1782339443.6427135,0.03976631164550781
2532,MVI_20052,37,11,1782339443.6827505,0.040036916732788086
2533,MVI_20052,37,12,1782339443.722749,0.039998531341552734
2534,MVI_20052,37,13,1782339443.7626529,0.039903879165649414
2535,MVI_20052,37,14,1782339443.8028417,0.04018878936767578
2536,MVI_20052,37,15,1782339443.842758,0.039916276931762695
2537,MVI_20052,37,16,1782339443.8827143,0.03995633125305176
2538,MVI_20052,38,0,1782339443.9337008,0.050986528396606445
2539,MVI_20052,38,1,1782339443.962778,0.02907729148864746
2540,MVI_20052,38,2,1782339444.0028417,0.04006361961364746
2541,MVI_20052,38,3,1782339444.0427513,0.03990960121154785
2542,MVI_20052,38,4,1782339444.082745,0.0399937629699707
2543,MVI_20052,38,5,1782339444.1227171,0.03997206687927246
2544,MVI_20052,38,6,1782339444.1626573,0.03994011878967285
2545,MVI_20052,38,7,1782339444.2025902,0.039932966232299805
2546,MVI_20052,38,8,1782339444.2426643,0.04007411003112793
2547,MVI_20052,38,9,1782339444.2827368,0.04007244110107422
2548,MVI_20052,38,10,1782339444.3231068,0.04036998748779297
2549,MVI_20052,38,11,1782339444.3626578,0.0395510196685791
2550,MVI_20052,38,12,1782339444.4028788,0.04022097587585449
2551,MVI_20052,38,13,1782339444.442819,0.03994035720825195
2552,MVI_20052,38,14,1782339444.482574,0.03975486755371094
2553,MVI_20052,38,15,1782339444.5232663,0.04069232940673828
2554,MVI_20052,38,16,1782339444.5628812,0.03961491584777832
2555,MVI_20052,39,0,1782339444.6122952,0.04941391944885254
2556,MVI_20052,39,1,1782339444.64275,0.03045487403869629
2557,MVI_20052,39,2,1782339444.6830356,0.040285587310791016
2558,MVI_20052,39,3,1782339444.722908,0.03987240791320801
2559,MVI_20052,39,4,1782339444.76293,0.04002189636230469
2560,MVI_20052,39,5,1782339444.8027625,0.03983259201049805
2561,MVI_20052,39,6,1782339444.8427937,0.04003119468688965
2562,MVI_20052,39,7,1782339444.88292,0.04012632369995117
2563,MVI_20052,39,8,1782339444.9226608,0.039740800857543945
2564,MVI_20052,39,9,1782339444.9629905,0.040329694747924805
2565,MVI_20052,39,10,1782339445.0027463,0.039755821228027344
2566,MVI_20052,39,11,1782339445.0427058,0.03995943069458008
2567,MVI_20052,39,12,1782339445.0827281,0.04002237319946289
2568,MVI_20052,39,13,1782339445.1228375,0.04010939598083496
2569,MVI_20052,39,14,1782339445.1629748,0.040137290954589844
2570,MVI_20052,39,15,1782339445.2027078,0.039732933044433594
2571,MVI_20052,39,16,1782339445.2427847,0.04007697105407715
2572,MVI_20052,40,0,1782339445.2938058,0.05102109909057617
2573,MVI_20052,40,1,1782339445.322747,0.02894115447998047
2574,MVI_20052,40,2,1782339445.3629558,0.04020881652832031
2575,MVI_20052,40,3,1782339445.4029007,0.03994488716125488
2576,MVI_20052,40,4,1782339445.4426947,0.039793968200683594
2577,MVI_20052,40,5,1782339445.482912,0.04021739959716797
2578,MVI_20052,40,6,1782339445.5226374,0.039725303649902344
2579,MVI_20052,40,7,1782339445.562607,0.039969682693481445
2580,MVI_20052,40,8,1782339445.6029923,0.04038524627685547
2581,MVI_20052,40,9,1782339445.6427813,0.03978896141052246
2582,MVI_20052,40,10,1782339445.6831052,0.04032397270202637
2583,MVI_20052,40,11,1782339445.7227597,0.03965449333190918
2584,MVI_20052,40,12,1782339445.7628047,0.04004502296447754
2585,MVI_20052,40,13,1782339445.8031452,0.040340423583984375
2586,MVI_20052,40,14,1782339445.8426456,0.03950047492980957
2587,MVI_20052,40,15,1782339445.8830066,0.04036092758178711
2588,MVI_20052,40,16,1782339445.9231358,0.04012918472290039
2589,MVI_20052,41,0,1782339445.9727585,0.04962277412414551
2590,MVI_20052,41,1,1782339446.002865,0.030106544494628906
2591,MVI_20052,41,2,1782339446.0427501,0.03988504409790039
2592,MVI_20052,41,3,1782339446.0826445,0.03989434242248535
2593,MVI_20052,41,4,1782339446.1225939,0.03994941711425781
2594,MVI_20052,41,5,1782339446.1630266,0.04043269157409668
2595,MVI_20052,41,6,1782339446.2027602,0.0397336483001709
2596,MVI_20052,41,7,1782339446.2427568,0.03999662399291992
2597,MVI_20052,41,8,1782339446.2825894,0.03983259201049805
2598,MVI_20052,41,9,1782339446.3225756,0.03998613357543945
2599,MVI_20052,41,10,1782339446.3627899,0.04021430015563965
2600,MVI_20052,41,11,1782339446.4026139,0.03982400894165039
2601,MVI_20052,41,12,1782339446.4428072,0.04019331932067871
2602,MVI_20052,41,13,1782339446.4829066,0.040099382400512695
2603,MVI_20052,41,14,1782339446.5227041,0.03979754447937012
2604,MVI_20052,41,15,1782339446.56281,0.04010581970214844
2605,MVI_20052,41,16,1782339446.6025977,0.03978776931762695
2606,MVI_20052,42,0,1782339446.6523871,0.0497894287109375
2607,MVI_20052,42,1,1782339446.6828291,0.030441999435424805
2608,MVI_20052,42,2,1782339446.722898,0.040068864822387695
2609,MVI_20052,42,3,1782339446.7632372,0.04033923149108887
2610,MVI_20052,42,4,1782339446.8027189,0.03948163986206055
2611,MVI_20052,42,5,1782339446.8427532,0.04003429412841797
2612,MVI_20052,42,6,1782339446.8828444,0.04009127616882324
2613,MVI_20052,42,7,1782339446.9231045,0.04026007652282715
2614,MVI_20052,42,8,1782339446.9627278,0.039623260498046875
2615,MVI_20052,42,9,1782339447.002721,0.0399932861328125
2616,MVI_20052,42,10,1782339447.0426054,0.039884328842163086
2617,MVI_20052,42,11,1782339447.0827792,0.04017376899719238
2618,MVI_20052,42,12,1782339447.1227047,0.039925575256347656
2619,MVI_20052,42,13,1782339447.1626189,0.03991413116455078
2620,MVI_20052,42,14,1782339447.2027073,0.04008841514587402
2621,MVI_20052,42,15,1782339447.2431095,0.04040217399597168
2622,MVI_20052,42,16,1782339447.2828872,0.03977775573730469
2623,MVI_20052,43,0,1782339447.3335984,0.05071115493774414
2624,MVI_20052,43,1,1782339447.3630242,0.029425859451293945
2625,MVI_20052,43,2,1782339447.4027793,0.03975510597229004
2626,MVI_20052,43,3,1782339447.4428124,0.04003310203552246
2627,MVI_20052,43,4,1782339447.4827788,0.03996634483337402
2628,MVI_20052,43,5,1782339447.522669,0.039890289306640625
2629,MVI_20052,43,6,1782339447.5629604,0.04029130935668945
2630,MVI_20052,43,7,1782339447.6028283,0.03986787796020508
2631,MVI_20052,43,8,1782339447.6428947,0.04006648063659668
2632,MVI_20052,43,9,1782339447.6832893,0.04039454460144043
2633,MVI_20052,43,10,1782339447.7230408,0.039751529693603516
2634,MVI_20052,43,11,1782339447.7632668,0.040225982666015625
2635,MVI_20052,43,12,1782339447.8030581,0.03979134559631348
2636,MVI_20052,43,13,1782339447.8431585,0.0401003360748291
2637,MVI_20052,43,14,1782339447.8827496,0.039591073989868164
2638,MVI_20052,43,15,1782339447.9226487,0.03989911079406738
2639,MVI_20052,43,16,1782339447.9626575,0.0400087833404541
2640,MVI_20052,44,0,1782339448.011601,0.048943519592285156
2641,MVI_20052,44,1,1782339448.0427907,0.031189680099487305
2642,MVI_20052,44,2,1782339448.0829954,0.040204763412475586
2643,MVI_20052,44,3,1782339448.1227238,0.039728403091430664
2644,MVI_20052,44,4,1782339448.1628952,0.04017138481140137
2645,MVI_20052,44,5,1782339448.2031224,0.04022717475891113
2646,MVI_20052,44,6,1782339448.2430508,0.039928436279296875
2647,MVI_20052,44,7,1782339448.2829404,0.03988957405090332
2648,MVI_20052,44,8,1782339448.323322,0.040381669998168945
2649,MVI_20052,44,9,1782339448.363035,0.03971290588378906
2650,MVI_20052,44,10,1782339448.4029918,0.03995680809020996
2651,MVI_20052,44,11,1782339448.4431834,0.040191650390625
2652,MVI_20052,44,12,1782339448.4827592,0.039575815200805664
2653,MVI_20052,44,13,1782339448.5226002,0.0398409366607666
2654,MVI_20052,44,14,1782339448.5631802,0.040580034255981445
2655,MVI_20052,44,15,1782339448.6027093,0.03952908515930176
2656,MVI_20052,44,16,1782339448.6430743,0.040364980697631836
2657,MVI_20052,45,0,1782339448.693821,0.05074667930603027
2658,MVI_20052,45,1,1782339448.7229817,0.029160737991333008
2659,MVI_20052,45,2,1782339448.7627254,0.039743661880493164
2660,MVI_20052,45,3,1782339448.8028188,0.040093421936035156
2661,MVI_20052,45,4,1782339448.842654,0.039835214614868164
2662,MVI_20052,45,5,1782339448.8830225,0.04036855697631836
2663,MVI_20052,45,6,1782339448.9230385,0.04001593589782715
2664,MVI_20052,45,7,1782339448.9626503,0.03961181640625
2665,MVI_20052,45,8,1782339449.003224,0.0405735969543457
2666,MVI_20052,45,9,1782339449.0433095,0.040085554122924805
2667,MVI_20052,45,10,1782339449.0826075,0.039298057556152344
2668,MVI_20052,45,11,1782339449.1229782,0.04037070274353027
2669,MVI_20052,45,12,1782339449.1627393,0.03976106643676758
2670,MVI_20052,45,13,1782339449.2025816,0.03984236717224121
2671,MVI_20052,45,14,1782339449.2426083,0.04002666473388672
2672,MVI_20052,45,15,1782339449.2825763,0.039968013763427734
2673,MVI_20052,45,16,1782339449.323082,0.04050564765930176
2674,MVI_20052,46,0,1782339449.3721566,0.049074649810791016
2675,MVI_20052,46,1,1782339449.402603,0.030446290969848633
2676,MVI_20052,46,2,1782339449.4430535,0.0404505729675293
2677,MVI_20052,46,3,1782339449.482783,0.03972959518432617
2678,MVI_20052,46,4,1782339449.5229425,0.04015946388244629
2679,MVI_20052,46,5,1782339449.562728,0.03978538513183594
2680,MVI_20052,46,6,1782339449.6026044,0.039876461029052734
2681,MVI_20052,46,7,1782339449.642814,0.04020953178405762
2682,MVI_20052,46,8,1782339449.6825907,0.03977680206298828
2683,MVI_20052,46,9,1782339449.72311,0.04051923751831055
2684,MVI_20052,46,10,1782339449.7627647,0.03965473175048828
2685,MVI_20052,46,11,1782339449.8025923,0.039827585220336914
2686,MVI_20052,46,12,1782339449.8429055,0.0403132438659668
2687,MVI_20052,46,13,1782339449.8827384,0.03983283042907715
2688,MVI_20052,46,14,1782339449.922638,0.039899587631225586
2689,MVI_20052,46,15,1782339449.9630303,0.040392398834228516
2690,MVI_20052,46,16,1782339450.0027392,0.039708852767944336
2691,MVI_20052,47,0,1782339450.0523696,0.04963040351867676
2692,MVI_20052,47,1,1782339450.0827703,0.030400753021240234
2693,MVI_20052,47,2,1782339450.122874,0.04010367393493652
2694,MVI_20052,47,3,1782339450.1630766,0.04020261764526367
2695,MVI_20052,47,4,1782339450.2030272,0.03995060920715332
2696,MVI_20052,47,5,1782339450.243031,0.04000377655029297
2697,MVI_20052,47,6,1782339450.2829657,0.039934635162353516
2698,MVI_20052,47,7,1782339450.3226485,0.039682865142822266
2699,MVI_20052,47,8,1782339450.3628547,0.040206193923950195
2700,MVI_20052,47,9,1782339450.4028347,0.03997993469238281
2701,MVI_20052,47,10,1782339450.4427083,0.039873600006103516
2702,MVI_20052,47,11,1782339450.482794,0.040085792541503906
2703,MVI_20052,47,12,1782339450.523231,0.04043698310852051
2704,MVI_20052,47,13,1782339450.562722,0.03949093818664551
2705,MVI_20052,47,14,1782339450.6028795,0.04015755653381348
2706,MVI_20052,47,15,1782339450.6428607,0.03998112678527832
2707,MVI_20052,47,16,1782339450.6828337,0.03997302055358887
2708,MVI_20052,48,0,1782339450.7311592,0.048325538635253906
2709,MVI_20052,48,1,1782339450.7630813,0.031922101974487305
2710,MVI_20052,48,2,1782339450.8026595,0.03957819938659668
2711,MVI_20052,48,3,1782339450.842756,0.04009652137756348
2712,MVI_20052,48,4,1782339450.8826683,0.03991222381591797
2713,MVI_20052,48,5,1782339450.9227529,0.0400846004486084
2714,MVI_20052,48,6,1782339450.9634209,0.04066801071166992
2715,MVI_20052,48,7,1782339451.002853,0.03943204879760742
2716,MVI_20052,48,8,1782339451.0427878,0.03993487358093262
2717,MVI_20052,48,9,1782339451.0827405,0.039952754974365234
2718,MVI_20052,48,10,1782339451.122584,0.03984355926513672
2719,MVI_20052,48,11,1782339451.1628902,0.04030609130859375
2720,MVI_20052,48,12,1782339451.2027214,0.03983116149902344
2721,MVI_20052,48,13,1782339451.242921,0.04019975662231445
2722,MVI_20052,48,14,1782339451.2827032,0.039782047271728516
2723,MVI_20052,48,15,1782339451.3229141,0.04021096229553223
2724,MVI_20052,48,16,1782339451.3626916,0.039777517318725586
2725,MVI_20052,49,0,1782339451.4163792,0.05368757247924805
2726,MVI_20052,49,1,1782339451.4425683,0.026189088821411133
2727,MVI_20052,49,2,1782339451.4828403,0.04027199745178223
2728,MVI_20052,49,3,1782339451.5227754,0.03993511199951172
2729,MVI_20052,49,4,1782339451.5631728,0.04039740562438965
2730,MVI_20052,49,5,1782339451.6028738,0.039700984954833984
2731,MVI_20052,49,6,1782339451.6426566,0.03978276252746582
2732,MVI_20052,49,7,1782339451.6826055,0.03994894027709961
2733,MVI_20052,49,8,1782339451.7226565,0.04005098342895508
2734,MVI_20052,49,9,1782339451.7629244,0.0402679443359375
2735,MVI_20052,49,10,1782339451.802887,0.0399625301361084
2736,MVI_20052,49,11,1782339451.8426678,0.03978085517883301
2737,MVI_20052,49,12,1782339451.882829,0.0401611328125
2738,MVI_20052,49,13,1782339451.9231627,0.04033374786376953
2739,MVI_20052,49,14,1782339451.9629383,0.03977560997009277
2740,MVI_20052,49,15,1782339452.0028384,0.03990006446838379
2741,MVI_20052,49,16,1782339452.042985,0.040146589279174805
2742,MVI_20052,50,0,1782339452.0919268,0.048941850662231445
2743,MVI_20052,50,1,1782339452.1228292,0.030902385711669922
2744,MVI_20052,50,2,1782339452.1629233,0.04009413719177246
2745,MVI_20052,50,3,1782339452.2031033,0.04017996788024902
2746,MVI_20052,50,4,1782339452.2427223,0.03961896896362305
2747,MVI_20052,50,5,1782339452.2830546,0.04033231735229492
2748,MVI_20052,50,6,1782339452.322612,0.039557456970214844
2749,MVI_20052,50,7,1782339452.3626528,0.04004073143005371
2750,MVI_20052,50,8,1782339452.4031396,0.040486812591552734
2751,MVI_20052,50,9,1782339452.4427948,0.039655208587646484
2752,MVI_20052,50,10,1782339452.4828498,0.040055036544799805
2753,MVI_20052,50,11,1782339452.5227914,0.03994154930114746
2754,MVI_20052,50,12,1782339452.5627584,0.03996706008911133
2755,MVI_20052,50,13,1782339452.602704,0.03994560241699219
2756,MVI_20052,50,14,1782339452.642742,0.04003787040710449
2757,MVI_20052,50,15,1782339452.68266,0.03991818428039551
2758,MVI_20052,50,16,1782339452.7226148,0.03995466232299805
2759,MVI_20061,1,0,1782339452.9208279,0.1982131004333496
2760,MVI_20061,1,1,1782339452.9209595,0.0001316070556640625
2761,MVI_20061,1,2,1782339452.9210384,7.891654968261719e-05
2762,MVI_20061,1,3,1782339452.921135,9.655952453613281e-05
2763,MVI_20061,1,4,1782339452.9224346,0.0012996196746826172
2764,MVI_20061,1,5,1782339452.9627333,0.0402987003326416
2765,MVI_20061,1,6,1782339453.0027206,0.03998732566833496
2766,MVI_20061,1,7,1782339453.0427628,0.04004216194152832
2767,MVI_20061,1,8,1782339453.0828958,0.040132999420166016
2768,MVI_20061,1,9,1782339453.1227,0.03980422019958496
2769,MVI_20061,1,10,1782339453.1626644,0.03996443748474121
2770,MVI_20061,1,11,1782339453.2026362,0.03997182846069336
2771,MVI_20061,1,12,1782339453.2427483,0.04011201858520508
2772,MVI_20061,1,13,1782339453.2826996,0.039951324462890625
2773,MVI_20061,1,14,1782339453.3226216,0.03992199897766113
2774,MVI_20061,1,15,1782339453.3627071,0.040085554122924805
2775,MVI_20061,1,16,1782339453.4030938,0.04038667678833008
2776,MVI_20061,2,0,1782339453.4514818,0.048388004302978516
2777,MVI_20061,2,1,1782339453.4827285,0.031246662139892578
2778,MVI_20061,2,2,1782339453.5227618,0.04003334045410156
2779,MVI_20061,2,3,1782339453.5627253,0.039963483810424805
2780,MVI_20061,2,4,1782339453.6027148,0.039989471435546875
2781,MVI_20061,2,5,1782339453.6429787,0.04026389122009277
2782,MVI_20061,2,6,1782339453.6828089,0.03983020782470703
2783,MVI_20061,2,7,1782339453.7227318,0.03992295265197754
2784,MVI_20061,2,8,1782339453.7628355,0.04010367393493652
2785,MVI_20061,2,9,1782339453.8029203,0.0400848388671875
2786,MVI_20061,2,10,1782339453.8428817,0.03996133804321289
2787,MVI_20061,2,11,1782339453.8826263,0.03974461555480957
2788,MVI_20061,2,12,1782339453.9227543,0.04012799263000488
2789,MVI_20061,2,13,1782339453.962903,0.04014873504638672
2790,MVI_20061,2,14,1782339454.0026488,0.03974580764770508
2791,MVI_20061,2,15,1782339454.0429652,0.04031634330749512
2792,MVI_20061,2,16,1782339454.0827522,0.03978705406188965
2793,MVI_20061,3,0,1782339454.131656,0.048903703689575195
2794,MVI_20061,3,1,1782339454.162663,0.031007051467895508
2795,MVI_20061,3,2,1782339454.2027235,0.04006052017211914
2796,MVI_20061,3,3,1782339454.2427135,0.03998994827270508
2797,MVI_20061,3,4,1782339454.2828116,0.04009819030761719
2798,MVI_20061,3,5,1782339454.3229375,0.04012584686279297
2799,MVI_20061,3,6,1782339454.362803,0.03986549377441406
2800,MVI_20061,3,7,1782339454.4033105,0.04050755500793457
2801,MVI_20061,3,8,1782339454.442852,0.03954148292541504
2802,MVI_20061,3,9,1782339454.482727,0.039875030517578125
2803,MVI_20061,3,10,1782339454.522912,0.040184974670410156
2804,MVI_20061,3,11,1782339454.562896,0.03998398780822754
2805,MVI_20061,3,12,1782339454.6026607,0.0397646427154541
2806,MVI_20061,3,13,1782339454.6427073,0.04004669189453125
2807,MVI_20061,3,14,1782339454.682888,0.04018068313598633
2808,MVI_20061,3,15,1782339454.7231393,0.04025125503540039
2809,MVI_20061,3,16,1782339454.7627344,0.03959512710571289
2810,MVI_20061,4,0,1782339454.810883,0.04814863204956055
2811,MVI_20061,4,1,1782339454.8431172,0.03223419189453125
2812,MVI_20061,4,2,1782339454.8831718,0.0400545597076416
2813,MVI_20061,4,3,1782339454.9226391,0.03946733474731445
2814,MVI_20061,4,4,1782339454.9625673,0.03992819786071777
2815,MVI_20061,4,5,1782339455.0032415,0.04067420959472656
2816,MVI_20061,4,6,1782339455.0427487,0.039507150650024414
2817,MVI_20061,4,7,1782339455.082739,0.03999042510986328
2818,MVI_20061,4,8,1782339455.1227486,0.040009498596191406
2819,MVI_20061,4,9,1782339455.1629012,0.040152549743652344
2820,MVI_20061,4,10,1782339455.2027726,0.0398714542388916
2821,MVI_20061,4,11,1782339455.242808,0.04003548622131348
2822,MVI_20061,4,12,1782339455.282953,0.040144920349121094
2823,MVI_20061,4,13,1782339455.3226032,0.03965020179748535
2824,MVI_20061,4,14,1782339455.362813,0.04020977020263672
2825,MVI_20061,4,15,1782339455.402744,0.03993105888366699
2826,MVI_20061,4,16,1782339455.443287,0.0405428409576416
2827,MVI_20061,5,0,1782339455.4919186,0.04863166809082031
2828,MVI_20061,5,1,1782339455.5227053,0.030786752700805664
2829,MVI_20061,5,2,1782339455.562668,0.0399627685546875
2830,MVI_20061,5,3,1782339455.6028829,0.04021477699279785
2831,MVI_20061,5,4,1782339455.6429803,0.04009747505187988
2832,MVI_20061,5,5,1782339455.68306,0.040079593658447266
2833,MVI_20061,5,6,1782339455.7231514,0.040091514587402344
2834,MVI_20061,5,7,1782339455.7628286,0.03967714309692383
2835,MVI_20061,5,8,1782339455.8028693,0.04004073143005371
2836,MVI_20061,5,9,1782339455.842965,0.04009556770324707
2837,MVI_20061,5,10,1782339455.883071,0.04010605812072754
2838,MVI_20061,5,11,1782339455.9229577,0.0398867130279541
2839,MVI_20061,5,12,1782339455.9627607,0.03980302810668945
2840,MVI_20061,5,13,1782339456.0030212,0.04026055335998535
2841,MVI_20061,5,14,1782339456.043111,0.04008984565734863
2842,MVI_20061,5,15,1782339456.0830138,0.039902687072753906
2843,MVI_20061,5,16,1782339456.1229227,0.03990888595581055
2844,MVI_20061,6,0,1782339456.1717207,0.0487980842590332
2845,MVI_20061,6,1,1782339456.203129,0.03140830993652344
2846,MVI_20061,6,2,1782339456.2430873,0.03995823860168457
2847,MVI_20061,6,3,1782339456.283265,0.04017782211303711
2848,MVI_20061,6,4,1782339456.3229465,0.039681434631347656
2849,MVI_20061,6,5,1782339456.3627207,0.039774179458618164
2850,MVI_20061,6,6,1782339456.4028618,0.04014110565185547
2851,MVI_20061,6,7,1782339456.4431932,0.040331363677978516
2852,MVI_20061,6,8,1782339456.483279,0.040085792541503906
2853,MVI_20061,6,9,1782339456.5225916,0.03931260108947754
2854,MVI_20061,6,10,1782339456.562727,0.04013538360595703
2855,MVI_20061,6,11,1782339456.6029623,0.040235280990600586
2856,MVI_20061,6,12,1782339456.642621,0.03965878486633301
2857,MVI_20061,6,13,1782339456.682778,0.04015684127807617
2858,MVI_20061,6,14,1782339456.723079,0.04030108451843262
2859,MVI_20061,6,15,1782339456.762987,0.03990793228149414
2860,MVI_20061,6,16,1782339456.802732,0.03974509239196777
2861,MVI_20061,7,0,1782339456.8531313,0.0503993034362793
2862,MVI_20061,7,1,1782339456.883149,0.030017614364624023
2863,MVI_20061,7,2,1782339456.9231431,0.039994239807128906
2864,MVI_20061,7,3,1782339456.9631157,0.039972543716430664
2865,MVI_20061,7,4,1782339457.0026243,0.03950858116149902
2866,MVI_20061,7,5,1782339457.0427947,0.04017043113708496
2867,MVI_20061,7,6,1782339457.0828028,0.0400080680847168
2868,MVI_20061,7,7,1782339457.122852,0.04004931449890137
2869,MVI_20061,7,8,1782339457.1626127,0.039760589599609375
2870,MVI_20061,7,9,1782339457.2031078,0.04049515724182129
2871,MVI_20061,7,10,1782339457.2426658,0.03955793380737305
2872,MVI_20061,7,11,1782339457.2829034,0.0402376651763916
2873,MVI_20061,7,12,1782339457.3230722,0.04016876220703125
2874,MVI_20061,7,13,1782339457.3630064,0.03993415832519531
2875,MVI_20061,7,14,1782339457.4027317,0.039725303649902344
2876,MVI_20061,7,15,1782339457.442881,0.04014945030212402
2877,MVI_20061,7,16,1782339457.4830613,0.040180206298828125
2878,MVI_20061,7,17,1782339457.5231137,0.04005241394042969
2879,MVI_20061,8,0,1782339457.5743945,0.05128073692321777
2880,MVI_20061,8,1,1782339457.6026177,0.028223276138305664
2881,MVI_20061,8,2,1782339457.6430943,0.04047656059265137
2882,MVI_20061,8,3,1782339457.683092,0.03999781608581543
2883,MVI_20061,8,4,1782339457.722974,0.03988194465637207
2884,MVI_20061,8,5,1782339457.7629359,0.039961814880371094
2885,MVI_20061,8,6,1782339457.8028953,0.03995943069458008
2886,MVI_20061,8,7,1782339457.8429506,0.040055274963378906
2887,MVI_20061,8,8,1782339457.8829756,0.04002499580383301
2888,MVI_20061,8,9,1782339457.922993,0.04001736640930176
2889,MVI_20061,8,10,1782339457.9630764,0.04008340835571289
2890,MVI_20061,8,11,1782339458.003245,0.04016876220703125
2891,MVI_20061,8,12,1782339458.042786,0.039540767669677734
2892,MVI_20061,8,13,1782339458.0825925,0.03980660438537598
2893,MVI_20061,8,14,1782339458.1230538,0.04046130180358887
2894,MVI_20061,8,15,1782339458.1631997,0.0401458740234375
2895,MVI_20061,8,16,1782339458.2027876,0.039587974548339844
2896,MVI_20061,8,17,1782339458.2431984,0.040410757064819336
2897,MVI_20061,9,0,1782339458.2918708,0.04867243766784668
2898,MVI_20061,9,1,1782339458.3231452,0.03127431869506836
2899,MVI_20061,9,2,1782339458.3628907,0.03974556922912598
2900,MVI_20061,9,3,1782339458.4028354,0.03994464874267578
2901,MVI_20061,9,4,1782339458.4430275,0.0401921272277832
2902,MVI_20061,9,5,1782339458.482666,0.039638519287109375
2903,MVI_20061,9,6,1782339458.5231264,0.04046034812927246
2904,MVI_20061,9,7,1782339458.563273,0.040146589279174805
2905,MVI_20061,9,8,1782339458.6025898,0.03931689262390137
2906,MVI_20061,9,9,1782339458.6428068,0.040216922760009766
2907,MVI_20061,9,10,1782339458.6828094,0.04000258445739746
2908,MVI_20061,9,11,1782339458.7229228,0.04011344909667969
2909,MVI_20061,9,12,1782339458.7630675,0.04014468193054199
2910,MVI_20061,9,13,1782339458.8029351,0.03986763954162598
2911,MVI_20061,9,14,1782339458.842952,0.040016889572143555
2912,MVI_20061,9,15,1782339458.883235,0.0402829647064209
2913,MVI_20061,9,16,1782339458.9229078,0.0396728515625
2914,MVI_20061,9,17,1782339458.9628384,0.03993058204650879
2915,MVI_20061,10,0,1782339459.0104568,0.04761838912963867
2916,MVI_20061,10,1,1782339459.0432258,0.032768964767456055
2917,MVI_20061,10,2,1782339459.0828714,0.03964567184448242
2918,MVI_20061,10,3,1782339459.1230001,0.04012870788574219
2919,MVI_20061,10,4,1782339459.1630864,0.04008626937866211
2920,MVI_20061,10,5,1782339459.2030792,0.0399928092956543
2921,MVI_20061,10,6,1782339459.2440298,0.04095053672790527
2922,MVI_20061,10,7,1782339459.2833872,0.03935742378234863
2923,MVI_20061,10,8,1782339459.3230872,0.03970003128051758
2924,MVI_20061,10,9,1782339459.3626165,0.03952932357788086
2925,MVI_20061,10,10,1782339459.402719,0.040102481842041016
2926,MVI_20061,10,11,1782339459.4429233,0.04020428657531738
2927,MVI_20061,10,12,1782339459.4828022,0.03987884521484375
2928,MVI_20061,10,13,1782339459.52382,0.041017770767211914
2929,MVI_20061,10,14,1782339459.5630724,0.039252519607543945
2930,MVI_20061,10,15,1782339459.6028514,0.039778947830200195
2931,MVI_20061,10,16,1782339459.6432986,0.040447235107421875
2932,MVI_20061,10,17,1782339459.6831288,0.03983020782470703
2933,MVI_20061,11,0,1782339459.7342293,0.05110049247741699
2934,MVI_20061,11,1,1782339459.76319,0.028960704803466797
2935,MVI_20061,11,2,1782339459.803229,0.0400390625
2936,MVI_20061,11,3,1782339459.8431563,0.03992724418640137
2937,MVI_20061,11,4,1782339459.8828416,0.03968524932861328
2938,MVI_20061,11,5,1782339459.9229422,0.0401005744934082
2939,MVI_20061,11,6,1782339459.9628031,0.03986096382141113
2940,MVI_20061,11,7,1782339460.003076,0.04027295112609863
2941,MVI_20061,11,8,1782339460.0426626,0.039586544036865234
2942,MVI_20061,11,9,1782339460.0831206,0.040457963943481445
2943,MVI_20061,11,10,1782339460.1232052,0.0400846004486084
2944,MVI_20061,11,11,1782339460.1626403,0.03943514823913574
2945,MVI_20061,11,12,1782339460.2028587,0.040218353271484375
2946,MVI_20061,11,13,1782339460.2430024,0.040143728256225586
2947,MVI_20061,11,14,1782339460.2829273,0.03992486000061035
2948,MVI_20061,11,15,1782339460.3232217,0.04029440879821777
2949,MVI_20061,11,16,1782339460.363127,0.03990530967712402
2950,MVI_20061,11,17,1782339460.403179,0.040051937103271484
2951,MVI_20061,12,0,1782339460.45434,0.05116105079650879
2952,MVI_20061,12,1,1782339460.4832244,0.028884410858154297
2953,MVI_20061,12,2,1782339460.522854,0.03962969779968262
2954,MVI_20061,12,3,1782339460.562825,0.03997087478637695
2955,MVI_20061,12,4,1782339460.6030054,0.04018044471740723
2956,MVI_20061,12,5,1782339460.6430604,0.040055036544799805
2957,MVI_20061,12,6,1782339460.6826372,0.03957676887512207
2958,MVI_20061,12,7,1782339460.7230482,0.04041099548339844
2959,MVI_20061,12,8,1782339460.762821,0.039772748947143555
2960,MVI_20061,12,9,1782339460.8029988,0.04017782211303711
2961,MVI_20061,12,10,1782339460.8427374,0.03973865509033203
2962,MVI_20061,12,11,1782339460.8829565,0.04021906852722168
2963,MVI_20061,12,12,1782339460.922772,0.039815425872802734
2964,MVI_20061,12,13,1782339460.9627867,0.04001474380493164
2965,MVI_20061,12,14,1782339461.00316,0.04037332534790039
2966,MVI_20061,12,15,1782339461.043227,0.04006695747375488
2967,MVI_20061,12,16,1782339461.0828245,0.039597511291503906
2968,MVI_20061,12,17,1782339461.1228735,0.040049076080322266
2969,MVI_20061,13,0,1782339461.1735988,0.05072522163391113
2970,MVI_20061,13,1,1782339461.2028065,0.029207706451416016
2971,MVI_20061,13,2,1782339461.2428896,0.04008316993713379
2972,MVI_20061,13,3,1782339461.2841892,0.04129958152770996
2973,MVI_20061,13,4,1782339461.3230588,0.038869619369506836
2974,MVI_20061,13,5,1782339461.3626626,0.03960371017456055
2975,MVI_20061,13,6,1782339461.402834,0.04017138481140137
2976,MVI_20061,13,7,1782339461.4432893,0.04045534133911133
2977,MVI_20061,13,8,1782339461.4831524,0.03986310958862305
2978,MVI_20061,13,9,1782339461.5229368,0.03978443145751953
2979,MVI_20061,13,10,1782339461.5627632,0.039826393127441406
2980,MVI_20061,13,11,1782339461.6029158,0.040152549743652344
2981,MVI_20061,13,12,1782339461.642863,0.0399472713470459
2982,MVI_20061,13,13,1782339461.6828527,0.03998970985412598
2983,MVI_20061,13,14,1782339461.7227635,0.03991079330444336
2984,MVI_20061,13,15,1782339461.7626681,0.03990459442138672
2985,MVI_20061,13,16,1782339461.8026018,0.03993368148803711
2986,MVI_20061,13,17,1782339461.8426485,0.04004669189453125
2987,MVI_20061,14,0,1782339461.8915336,0.04888510704040527
2988,MVI_20061,14,1,1782339461.9226499,0.031116247177124023
2989,MVI_20061,14,2,1782339461.9627717,0.04012179374694824
2990,MVI_20061,14,3,1782339462.003073,0.04030132293701172
2991,MVI_20061,14,4,1782339462.043093,0.040019989013671875
2992,MVI_20061,14,5,1782339462.0832443,0.040151357650756836
2993,MVI_20061,14,6,1782339462.122863,0.039618730545043945
2994,MVI_20061,14,7,1782339462.1628084,0.039945363998413086
2995,MVI_20061,14,8,1782339462.2025814,0.039772987365722656
2996,MVI_20061,14,9,1782339462.2430472,0.0404658317565918
2997,MVI_20061,14,10,1782339462.2834237,0.04037642478942871
2998,MVI_20061,14,11,1782339462.3229172,0.039493560791015625
2999,MVI_20061,14,12,1782339462.362905,0.039987802505493164
3000,MVI_20061,14,13,1782339462.4032423,0.040337324142456055
3001,MVI_20061,14,14,1782339462.4428513,0.03960895538330078
3002,MVI_20061,14,15,1782339462.48296,0.040108680725097656
3003,MVI_20061,14,16,1782339462.5229335,0.03997349739074707
3004,MVI_20061,14,17,1782339462.5628078,0.03987431526184082
3005,MVI_20061,15,0,1782339462.613639,0.05083131790161133
3006,MVI_20061,15,1,1782339462.6430643,0.02942514419555664
3007,MVI_20061,15,2,1782339462.6829896,0.039925336837768555
3008,MVI_20061,15,3,1782339462.7229526,0.0399630069732666
3009,MVI_20061,15,4,1782339462.7629962,0.04004359245300293
3010,MVI_20061,15,5,1782339462.8030732,0.04007697105407715
3011,MVI_20061,15,6,1782339462.84297,0.03989672660827637
3012,MVI_20061,15,7,1782339462.8832607,0.04029083251953125
3013,MVI_20061,15,8,1782339462.9226532,0.03939247131347656
3014,MVI_20061,15,9,1782339462.9631712,0.04051804542541504
3015,MVI_20061,15,10,1782339463.003104,0.0399327278137207
3016,MVI_20061,15,11,1782339463.0441597,0.04105567932128906
3017,MVI_20061,15,12,1782339463.0829082,0.03874850273132324
3018,MVI_20061,15,13,1782339463.123013,0.04010486602783203
3019,MVI_20061,15,14,1782339463.1631992,0.040186166763305664
3020,MVI_20061,15,15,1782339463.2028782,0.03967905044555664
3021,MVI_20061,15,16,1782339463.243098,0.040219783782958984
3022,MVI_20061,15,17,1782339463.2829354,0.03983736038208008
3023,MVI_20061,16,0,1782339463.3328903,0.049954891204833984
3024,MVI_20061,16,1,1782339463.3631406,0.03025031089782715
3025,MVI_20061,16,2,1782339463.4028573,0.03971672058105469
3026,MVI_20061,16,3,1782339463.443063,0.04020571708679199
3027,MVI_20061,16,4,1782339463.4835422,0.040479183197021484
3028,MVI_20061,16,5,1782339463.522757,0.0392148494720459
3029,MVI_20061,16,6,1782339463.5628505,0.040093421936035156
3030,MVI_20061,16,7,1782339463.6031322,0.04028177261352539
3031,MVI_20061,16,8,1782339463.6430044,0.039872169494628906
3032,MVI_20061,16,9,1782339463.6832645,0.04026007652282715
3033,MVI_20061,16,10,1782339463.723153,0.039888620376586914
3034,MVI_20061,16,11,1782339463.7627347,0.0395815372467041
3035,MVI_20061,16,12,1782339463.8029456,0.04021096229553223
3036,MVI_20061,16,13,1782339463.8427377,0.03979206085205078
3037,MVI_20061,16,14,1782339463.8829067,0.04016900062561035
3038,MVI_20061,16,15,1782339463.9228292,0.039922475814819336
3039,MVI_20061,16,16,1782339463.9627578,0.03992867469787598
3040,MVI_20061,16,17,1782339464.0026693,0.039911508560180664
3041,MVI_20061,17,0,1782339464.0537815,0.05111217498779297
3042,MVI_20061,17,1,1782339464.0829086,0.029127120971679688
3043,MVI_20061,17,2,1782339464.1226604,0.03975176811218262
3044,MVI_20061,17,3,1782339464.1628406,0.040180206298828125
3045,MVI_20061,17,4,1782339464.203085,0.040244340896606445
3046,MVI_20061,17,5,1782339464.2428572,0.03977227210998535
3047,MVI_20061,17,6,1782339464.2829664,0.04010915756225586
3048,MVI_20061,17,7,1782339464.3229978,0.04003143310546875
3049,MVI_20061,17,8,1782339464.3626523,0.03965449333190918
3050,MVI_20061,17,9,1782339464.403182,0.040529727935791016
3051,MVI_20061,17,10,1782339464.4430869,0.03990483283996582
3052,MVI_20061,17,11,1782339464.4829614,0.03987455368041992
3053,MVI_20061,17,12,1782339464.523029,0.04006767272949219
3054,MVI_20061,17,13,1782339464.563077,0.04004788398742676
3055,MVI_20061,17,14,1782339464.602877,0.03979992866516113
3056,MVI_20061,17,15,1782339464.642797,0.03992009162902832
3057,MVI_20061,17,16,1782339464.6829343,0.040137290954589844
3058,MVI_20061,17,17,1782339464.7230628,0.040128469467163086
3059,MVI_20061,18,0,1782339464.7724767,0.04941391944885254
3060,MVI_20061,18,1,1782339464.8030238,0.030547142028808594
3061,MVI_20061,18,2,1782339464.8427057,0.03968191146850586
3062,MVI_20061,18,3,1782339464.8829143,0.04020857810974121
3063,MVI_20061,18,4,1782339464.9231095,0.04019522666931152
3064,MVI_20061,18,5,1782339464.9630685,0.039958953857421875
3065,MVI_20061,18,6,1782339465.0026445,0.039576053619384766
3066,MVI_20061,18,7,1782339465.0430796,0.040435075759887695
3067,MVI_20061,18,8,1782339465.0828857,0.03980612754821777
3068,MVI_20061,18,9,1782339465.1232276,0.040341854095458984
3069,MVI_20061,18,10,1782339465.1630204,0.039792776107788086
3070,MVI_20061,18,11,1782339465.2030952,0.040074825286865234
3071,MVI_20061,18,12,1782339465.242928,0.03983283042907715
3072,MVI_20061,18,13,1782339465.2827783,0.03985023498535156
3073,MVI_20061,18,14,1782339465.3230326,0.04025435447692871
3074,MVI_20061,18,15,1782339465.3632524,0.040219783782958984
3075,MVI_20061,18,16,1782339465.4026184,0.03936600685119629
3076,MVI_20061,18,17,1782339465.443221,0.040602684020996094
3077,MVI_20061,19,0,1782339465.4912927,0.04807162284851074
3078,MVI_20061,19,1,1782339465.522938,0.03164529800415039
3079,MVI_20061,19,2,1782339465.5627916,0.039853572845458984
3080,MVI_20061,19,3,1782339465.6027951,0.04000353813171387
3081,MVI_20061,19,4,1782339465.6432543,0.04045915603637695
3082,MVI_20061,19,5,1782339465.6826277,0.03937339782714844
3083,MVI_20061,19,6,1782339465.7228703,0.040242671966552734
3084,MVI_20061,19,7,1782339465.7631214,0.04025101661682129
3085,MVI_20061,19,8,1782339465.8032668,0.0401453971862793
3086,MVI_20061,19,9,1782339465.843012,0.039745330810546875
3087,MVI_20061,19,10,1782339465.882775,0.03976297378540039
3088,MVI_20061,19,11,1782339465.9228795,0.04010438919067383
3089,MVI_20061,19,12,1782339465.963356,0.04047656059265137
3090,MVI_20061,19,13,1782339466.0029306,0.039574623107910156
3091,MVI_20061,19,14,1782339466.0426416,0.03971099853515625
3092,MVI_20061,19,15,1782339466.0826151,0.03997349739074707
3093,MVI_20061,19,16,1782339466.122891,0.04027581214904785
3094,MVI_20061,19,17,1782339466.1632936,0.04040265083312988
3095,MVI_20061,20,0,1782339466.2133145,0.05002093315124512
3096,MVI_20061,20,1,1782339466.2443907,0.03107619285583496
3097,MVI_20061,20,2,1782339466.2828696,0.038478851318359375
3098,MVI_20061,20,3,1782339466.3230622,0.040192604064941406
3099,MVI_20061,20,4,1782339466.3631463,0.040084123611450195
3100,MVI_20061,20,5,1782339466.4027932,0.03964686393737793
3101,MVI_20061,20,6,1782339466.4428172,0.0400240421295166
3102,MVI_20061,20,7,1782339466.4832504,0.04043316841125488
3103,MVI_20061,20,8,1782339466.5229797,0.03972935676574707
3104,MVI_20061,20,9,1782339466.5632274,0.04024767875671387
3105,MVI_20061,20,10,1782339466.6031055,0.039878129959106445
3106,MVI_20061,20,11,1782339466.6428168,0.03971123695373535
3107,MVI_20061,20,12,1782339466.6831913,0.0403745174407959
3108,MVI_20061,20,13,1782339466.7231762,0.039984941482543945
3109,MVI_20061,20,14,1782339466.7629652,0.03978896141052246
3110,MVI_20061,20,15,1782339466.802899,0.03993368148803711
3111,MVI_20061,20,16,1782339466.842928,0.040029048919677734
3112,MVI_20061,20,17,1782339466.8827093,0.03978133201599121
3113,MVI_20061,21,0,1782339466.931586,0.04887676239013672
3114,MVI_20061,21,1,1782339466.963213,0.03162693977355957
3115,MVI_20061,21,2,1782339467.0029774,0.039764404296875
3116,MVI_20061,21,3,1782339467.0432107,0.04023337364196777
3117,MVI_20061,21,4,1782339467.0827248,0.03951406478881836
3118,MVI_20061,21,5,1782339467.1228235,0.04009866714477539
3119,MVI_20061,21,6,1782339467.1632915,0.04046797752380371
3120,MVI_20061,21,7,1782339467.2030716,0.0397801399230957
3121,MVI_20061,21,8,1782339467.243351,0.040279388427734375
3122,MVI_20061,21,9,1782339467.2833753,0.0400242805480957
3123,MVI_20061,21,10,1782339467.3226979,0.039322614669799805
3124,MVI_20061,21,11,1782339467.3627365,0.0400385856628418
3125,MVI_20061,21,12,1782339467.403047,0.04031062126159668
3126,MVI_20061,21,13,1782339467.4431605,0.04011344909667969
3127,MVI_20061,21,14,1782339467.4838748,0.040714263916015625
3128,MVI_20061,21,15,1782339467.5228813,0.03900647163391113
3129,MVI_20061,21,16,1782339467.5630102,0.04012894630432129
3130,MVI_20061,21,17,1782339467.6027312,0.039721012115478516
3131,MVI_20061,22,0,1782339467.6505573,0.04782605171203613
3132,MVI_20061,22,1,1782339467.683429,0.03287172317504883
3133,MVI_20061,22,2,1782339467.7231088,0.039679765701293945
3134,MVI_20061,22,3,1782339467.7628732,0.039764404296875
3135,MVI_20061,22,4,1782339467.8031745,0.04030132293701172
3136,MVI_20061,22,5,1782339467.8427236,0.03954911231994629
3137,MVI_20061,22,6,1782339467.8829272,0.04020357131958008
3138,MVI_20061,22,7,1782339467.923001,0.04007387161254883
3139,MVI_20061,22,8,1782339467.9628603,0.03985929489135742
3140,MVI_20061,22,9,1782339468.0029738,0.04011344909667969
3141,MVI_20061,22,10,1782339468.0431376,0.04016375541687012
3142,MVI_20061,22,11,1782339468.083137,0.03999948501586914
3143,MVI_20061,22,12,1782339468.1225886,0.03945159912109375
3144,MVI_20061,22,13,1782339468.162853,0.04026436805725098
3145,MVI_20061,22,14,1782339468.203143,0.040289878845214844
3146,MVI_20061,22,15,1782339468.2431502,0.04000735282897949
3147,MVI_20061,22,16,1782339468.2829306,0.039780378341674805
3148,MVI_20061,22,17,1782339468.3242428,0.041312217712402344
3149,MVI_20061,23,0,1782339468.3735716,0.04932880401611328
3150,MVI_20061,23,1,1782339468.4028542,0.029282569885253906
3151,MVI_20061,23,2,1782339468.442978,0.040123701095581055
3152,MVI_20061,23,3,1782339468.4832432,0.04026532173156738
3153,MVI_20061,23,4,1782339468.5228472,0.03960394859313965
3154,MVI_20061,23,5,1782339468.562703,0.0398557186126709
3155,MVI_20061,23,6,1782339468.6029398,0.0402369499206543
3156,MVI_20061,23,7,1782339468.6430671,0.04012727737426758
3157,MVI_20061,23,8,1782339468.6836226,0.040555477142333984
3158,MVI_20061,23,9,1782339468.72306,0.039437294006347656
3159,MVI_20061,23,10,1782339468.7630813,0.040021419525146484
3160,MVI_20061,23,11,1782339468.802815,0.0397336483001709
3161,MVI_20061,23,12,1782339468.8439178,0.04110288619995117
3162,MVI_20061,23,13,1782339468.8836148,0.03969693183898926
3163,MVI_20061,23,14,1782339468.922915,0.03930020332336426
3164,MVI_20061,23,15,1782339468.9627645,0.03984951972961426
3165,MVI_20061,23,16,1782339469.0027947,0.04003024101257324
3166,MVI_20061,23,17,1782339469.0429327,0.04013800621032715
3167,MVI_20061,24,0,1782339469.0915747,0.04864192008972168
3168,MVI_20061,24,1,1782339469.1228554,0.0312807559967041
3169,MVI_20061,24,2,1782339469.1626277,0.03977227210998535
3170,MVI_20061,24,3,1782339469.2026405,0.04001283645629883
3171,MVI_20061,24,4,1782339469.242969,0.0403285026550293
3172,MVI_20061,24,5,1782339469.2826548,0.039685726165771484
3173,MVI_20061,24,6,1782339469.3231323,0.04047751426696777
3174,MVI_20061,24,7,1782339469.3635223,0.0403900146484375
3175,MVI_20061,24,8,1782339469.402831,0.039308786392211914
3176,MVI_20061,24,9,1782339469.4427285,0.03989744186401367
3177,MVI_20061,24,10,1782339469.48311,0.040381431579589844
3178,MVI_20061,24,11,1782339469.5233903,0.04028034210205078
3179,MVI_20061,24,12,1782339469.5628245,0.039434194564819336
3180,MVI_20061,24,13,1782339469.6029646,0.04014015197753906
3181,MVI_20061,24,14,1782339469.6429696,0.04000496864318848
3182,MVI_20061,24,15,1782339469.682973,0.040003299713134766
3183,MVI_20061,24,16,1782339469.722847,0.03987407684326172
3184,MVI_20061,24,17,1782339469.7629354,0.04008841514587402
3185,MVI_20061,25,0,1782339469.8165526,0.053617238998413086
3186,MVI_20061,25,1,1782339469.8427403,0.026187658309936523
3187,MVI_20061,25,2,1782339469.8828516,0.04011130332946777
3188,MVI_20061,25,3,1782339469.9230537,0.04020214080810547
3189,MVI_20061,25,4,1782339469.962856,0.03980231285095215
3190,MVI_20061,25,5,1782339470.002917,0.040060997009277344
3191,MVI_20061,25,6,1782339470.0431027,0.04018568992614746
3192,MVI_20061,25,7,1782339470.0838325,0.04072976112365723
3193,MVI_20061,25,8,1782339470.122915,0.03908252716064453
3194,MVI_20061,25,9,1782339470.1628327,0.039917707443237305
3195,MVI_20061,25,10,1782339470.2028396,0.04000687599182129
3196,MVI_20061,25,11,1782339470.243405,0.04056549072265625
3197,MVI_20061,25,12,1782339470.2829523,0.03954720497131348
3198,MVI_20061,25,13,1782339470.3227594,0.03980708122253418
3199,MVI_20061,25,14,1782339470.3630145,0.040255069732666016
3200,MVI_20061,25,15,1782339470.4028666,0.039852142333984375
3201,MVI_20061,25,16,1782339470.4431493,0.0402827262878418
3202,MVI_20061,25,17,1782339470.4826376,0.03948831558227539
3203,MVI_20061,25,18,1782339470.5230885,0.0404508113861084
3204,MVI_20061,26,0,1782339470.5740416,0.05095314979553223
3205,MVI_20061,26,1,1782339470.6031303,0.029088735580444336
3206,MVI_20061,26,2,1782339470.6429849,0.03985452651977539
3207,MVI_20061,26,3,1782339470.6827688,0.03978395462036133
3208,MVI_20061,26,4,1782339470.7228162,0.040047407150268555
3209,MVI_20061,26,5,1782339470.7628093,0.0399930477142334
3210,MVI_20061,26,6,1782339470.8031342,0.04032492637634277
3211,MVI_20061,26,7,1782339470.8430896,0.03995537757873535
3212,MVI_20061,26,8,1782339470.8830814,0.03999185562133789
3213,MVI_20061,26,9,1782339470.922861,0.0397796630859375
3214,MVI_20061,26,10,1782339470.9628685,0.04000735282897949
3215,MVI_20061,26,11,1782339471.003028,0.04015946388244629
3216,MVI_20061,26,12,1782339471.0428023,0.039774417877197266
3217,MVI_20061,26,13,1782339471.0828009,0.039998531341552734
3218,MVI_20061,26,14,1782339471.1230958,0.04029488563537598
3219,MVI_20061,26,15,1782339471.1629205,0.039824724197387695
3220,MVI_20061,26,16,1782339471.203086,0.04016542434692383
3221,MVI_20061,26,17,1782339471.2430787,0.0399928092956543
3222,MVI_20061,26,18,1782339471.2828665,0.03978776931762695
3223,MVI_20061,27,0,1782339471.3361795,0.05331301689147949
3224,MVI_20061,27,1,1782339471.3630679,0.026888370513916016
3225,MVI_20061,27,2,1782339471.4028478,0.0397799015045166
3226,MVI_20061,27,3,1782339471.4432316,0.04038381576538086
3227,MVI_20061,27,4,1782339471.4831166,0.03988504409790039
3228,MVI_20061,27,5,1782339471.5227785,0.03966188430786133
3229,MVI_20061,27,6,1782339471.5628955,0.04011702537536621
3230,MVI_20061,27,7,1782339471.6031182,0.0402226448059082
3231,MVI_20061,27,8,1782339471.642747,0.03962874412536621
3232,MVI_20061,27,9,1782339471.6831136,0.04036664962768555
3233,MVI_20061,27,10,1782339471.7230227,0.03990912437438965
3234,MVI_20061,27,11,1782339471.7626517,0.03962898254394531
3235,MVI_20061,27,12,1782339471.8029616,0.040309906005859375
3236,MVI_20061,27,13,1782339471.8427658,0.03980422019958496
3237,MVI_20061,27,14,1782339471.8829358,0.04016995429992676
3238,MVI_20061,27,15,1782339471.9228318,0.03989601135253906
3239,MVI_20061,27,16,1782339471.9628332,0.04000139236450195
3240,MVI_20061,27,17,1782339472.003085,0.040251731872558594
3241,MVI_20061,27,18,1782339472.043158,0.04007315635681152
3242,MVI_20061,28,0,1782339472.092825,0.0496668815612793
3243,MVI_20061,28,1,1782339472.1228464,0.03002142906188965
3244,MVI_20061,28,2,1782339472.162659,0.039812564849853516
3245,MVI_20061,28,3,1782339472.20307,0.04041099548339844
3246,MVI_20061,28,4,1782339472.2428002,0.03973031044006348
3247,MVI_20061,28,5,1782339472.283228,0.04042768478393555
3248,MVI_20061,28,6,1782339472.3229656,0.039737701416015625
3249,MVI_20061,28,7,1782339472.3627605,0.039794921875
3250,MVI_20061,28,8,1782339472.402983,0.0402224063873291
3251,MVI_20061,28,9,1782339472.443024,0.04004096984863281
3252,MVI_20061,28,10,1782339472.4827704,0.03974652290344238
3253,MVI_20061,28,11,1782339472.5229166,0.0401461124420166
3254,MVI_20061,28,12,1782339472.5628405,0.039923906326293945
3255,MVI_20061,28,13,1782339472.6027007,0.03986024856567383
3256,MVI_20061,28,14,1782339472.6427622,0.04006147384643555
3257,MVI_20061,28,15,1782339472.6828322,0.0400700569152832
3258,MVI_20061,28,16,1782339472.7229142,0.04008197784423828
3259,MVI_20061,28,17,1782339472.7631028,0.04018855094909668
3260,MVI_20061,28,18,1782339472.8027387,0.03963589668273926
3261,MVI_20061,29,0,1782339472.8545215,0.051782846450805664
3262,MVI_20061,29,1,1782339472.8830755,0.02855396270751953
3263,MVI_20061,29,2,1782339472.9227338,0.039658308029174805
3264,MVI_20061,29,3,1782339472.9632702,0.04053640365600586
3265,MVI_20061,29,4,1782339473.0030994,0.039829254150390625
3266,MVI_20061,29,5,1782339473.0428069,0.03970742225646973
3267,MVI_20061,29,6,1782339473.082917,0.040110111236572266
3268,MVI_20061,29,7,1782339473.1227574,0.0398404598236084
3269,MVI_20061,29,8,1782339473.162621,0.03986358642578125
3270,MVI_20061,29,9,1782339473.2033195,0.04069852828979492
3271,MVI_20061,29,10,1782339473.2435477,0.04022812843322754
3272,MVI_20061,29,11,1782339473.2830222,0.0394744873046875
3273,MVI_20061,29,12,1782339473.3230388,0.04001665115356445
3274,MVI_20061,29,13,1782339473.3628082,0.03976941108703613
3275,MVI_20061,29,14,1782339473.4031534,0.040345191955566406
3276,MVI_20061,29,15,1782339473.4430492,0.03989577293395996
3277,MVI_20061,29,16,1782339473.4828706,0.03982138633728027
3278,MVI_20061,29,17,1782339473.522836,0.03996539115905762
3279,MVI_20061,29,18,1782339473.5632138,0.04037785530090332
3280,MVI_20061,30,0,1782339473.6159327,0.0527188777923584
3281,MVI_20061,30,1,1782339473.6433182,0.027385473251342773
3282,MVI_20061,30,2,1782339473.6828325,0.03951430320739746
3283,MVI_20061,30,3,1782339473.723051,0.04021859169006348
3284,MVI_20061,30,4,1782339473.7630541,0.040003061294555664
3285,MVI_20061,30,5,1782339473.803008,0.03995394706726074
3286,MVI_20061,30,6,1782339473.8428211,0.03981304168701172
3287,MVI_20061,30,7,1782339473.882641,0.039819955825805664
3288,MVI_20061,30,8,1782339473.9230804,0.04043936729431152
3289,MVI_20061,30,9,1782339473.9631112,0.040030717849731445
3290,MVI_20061,30,10,1782339474.0027897,0.03967857360839844
3291,MVI_20061,30,11,1782339474.0431392,0.040349483489990234
3292,MVI_20061,30,12,1782339474.0825498,0.03941059112548828
3293,MVI_20061,30,13,1782339474.1231556,0.040605783462524414
3294,MVI_20061,30,14,1782339474.1630952,0.03993964195251465
3295,MVI_20061,30,15,1782339474.2028453,0.039750099182128906
3296,MVI_20061,30,16,1782339474.242673,0.039827585220336914
3297,MVI_20061,30,17,1782339474.2831342,0.04046130180358887
3298,MVI_20061,30,18,1782339474.322958,0.03982377052307129
3299,MVI_20061,31,0,1782339474.3723772,0.04941916465759277
3300,MVI_20061,31,1,1782339474.4029872,0.030610084533691406
3301,MVI_20061,31,2,1782339474.4427528,0.03976559638977051
3302,MVI_20061,31,3,1782339474.4826977,0.03994488716125488
3303,MVI_20061,31,4,1782339474.5230682,0.04037046432495117
3304,MVI_20061,31,5,1782339474.5628688,0.03980064392089844
3305,MVI_20061,31,6,1782339474.6030867,0.04021787643432617
3306,MVI_20061,31,7,1782339474.6430426,0.039955854415893555
3307,MVI_20061,31,8,1782339474.6830497,0.04000711441040039
3308,MVI_20061,31,9,1782339474.7228324,0.03978276252746582
3309,MVI_20061,31,10,1782339474.7630455,0.04021310806274414
3310,MVI_20061,31,11,1782339474.8028562,0.0398106575012207
3311,MVI_20061,31,12,1782339474.8434927,0.040636539459228516
3312,MVI_20061,31,13,1782339474.883021,0.03952836990356445
3313,MVI_20061,31,14,1782339474.9227917,0.03977060317993164
3314,MVI_20061,31,15,1782339474.9630508,0.04025912284851074
3315,MVI_20061,31,16,1782339475.0027325,0.03968167304992676
3316,MVI_20061,31,17,1782339475.0429883,0.04025578498840332
3317,MVI_20061,31,18,1782339475.0829144,0.03992605209350586
3318,MVI_20061,31,19,1782339475.1230364,0.040122032165527344
3319,MVI_20061,32,0,1782339475.1711965,0.04816007614135742
3320,MVI_20061,32,1,1782339475.2028718,0.03167533874511719
3321,MVI_20061,32,2,1782339475.2432992,0.040427446365356445
3322,MVI_20061,32,3,1782339475.2828717,0.03957247734069824
3323,MVI_20061,32,4,1782339475.3230958,0.04022407531738281
3324,MVI_20061,32,5,1782339475.362743,0.03964710235595703
3325,MVI_20061,32,6,1782339475.402827,0.040084123611450195
3326,MVI_20061,32,7,1782339475.4430103,0.040183305740356445
3327,MVI_20061,32,8,1782339475.48284,0.03982973098754883
3328,MVI_20061,32,9,1782339475.5230896,0.04024958610534668
3329,MVI_20061,32,10,1782339475.5631251,0.04003548622131348
3330,MVI_20061,32,11,1782339475.6028569,0.039731740951538086
3331,MVI_20061,32,12,1782339475.6425898,0.039732933044433594
3332,MVI_20061,32,13,1782339475.6828513,0.04026150703430176
3333,MVI_20061,32,14,1782339475.7228248,0.03997349739074707
3334,MVI_20061,32,15,1782339475.7629611,0.04013633728027344
3335,MVI_20061,32,16,1782339475.802734,0.039772748947143555
3336,MVI_20061,32,17,1782339475.842883,0.04014921188354492
3337,MVI_20061,32,18,1782339475.882994,0.04011082649230957
3338,MVI_20061,32,19,1782339475.923026,0.040032148361206055
3339,MVI_20061,33,0,1782339475.9750743,0.0520482063293457
3340,MVI_20061,33,1,1782339476.0027764,0.02770209312438965
3341,MVI_20061,33,2,1782339476.0430539,0.04027748107910156
3342,MVI_20061,33,3,1782339476.0828538,0.03979992866516113
3343,MVI_20061,33,4,1782339476.1239815,0.041127681732177734
3344,MVI_20061,33,5,1782339476.1628535,0.03887200355529785
3345,MVI_20061,33,6,1782339476.202898,0.040044546127319336
3346,MVI_20061,33,7,1782339476.2426653,0.03976726531982422
3347,MVI_20061,33,8,1782339476.2831957,0.04053044319152832
3348,MVI_20061,33,9,1782339476.3229816,0.03978586196899414
3349,MVI_20061,33,10,1782339476.3631196,0.04013800621032715
3350,MVI_20061,33,11,1782339476.4027028,0.03958320617675781
3351,MVI_20061,33,12,1782339476.4428988,0.04019594192504883
3352,MVI_20061,33,13,1782339476.4831176,0.04021883010864258
3353,MVI_20061,33,14,1782339476.52292,0.03980231285095215
3354,MVI_20061,33,15,1782339476.562759,0.03983902931213379
3355,MVI_20061,33,16,1782339476.6030679,0.04030895233154297
3356,MVI_20061,33,17,1782339476.6428616,0.03979372978210449
3357,MVI_20061,33,18,1782339476.6831474,0.04028582572937012
3358,MVI_20061,33,19,1782339476.7227879,0.03964042663574219
3359,MVI_20061,34,0,1782339476.7736242,0.05083632469177246
3360,MVI_20061,34,1,1782339476.802716,0.029091835021972656
3361,MVI_20061,34,2,1782339476.8429747,0.04025864601135254
3362,MVI_20061,34,3,1782339476.8827677,0.03979301452636719
3363,MVI_20061,34,4,1782339476.922887,0.04011940956115723
3364,MVI_20061,34,5,1782339476.9630432,0.04015612602233887
3365,MVI_20061,34,6,1782339477.002703,0.039659738540649414
3366,MVI_20061,34,7,1782339477.043141,0.040437936782836914
3367,MVI_20061,34,8,1782339477.0831745,0.040033578872680664
3368,MVI_20061,34,9,1782339477.1229317,0.03975725173950195
3369,MVI_20061,34,10,1782339477.1633136,0.04038190841674805
3370,MVI_20061,34,11,1782339477.203178,0.039864301681518555
3371,MVI_20061,34,12,1782339477.2429047,0.03972673416137695
3372,MVI_20061,34,13,1782339477.2831433,0.04023861885070801
3373,MVI_20061,34,14,1782339477.3229485,0.03980517387390137
3374,MVI_20061,34,15,1782339477.3627875,0.03983902931213379
3375,MVI_20061,34,16,1782339477.4028878,0.0401003360748291
3376,MVI_20061,34,17,1782339477.4426227,0.039734840393066406
3377,MVI_20061,34,18,1782339477.4829903,0.04036760330200195
3378,MVI_20061,34,19,1782339477.5230968,0.04010653495788574
3379,MVI_20061,35,0,1782339477.5727365,0.04963970184326172
3380,MVI_20061,35,1,1782339477.602992,0.030255556106567383
3381,MVI_20061,35,2,1782339477.6428375,0.03984546661376953
3382,MVI_20061,35,3,1782339477.682881,0.04004359245300293
3383,MVI_20061,35,4,1782339477.7231228,0.04024171829223633
3384,MVI_20061,35,5,1782339477.7640152,0.04089236259460449
3385,MVI_20061,35,6,1782339477.8027606,0.03874540328979492
3386,MVI_20061,35,7,1782339477.8429189,0.04015827178955078
3387,MVI_20061,35,8,1782339477.883016,0.04009723663330078
3388,MVI_20061,35,9,1782339477.9230087,0.039992570877075195
3389,MVI_20061,35,10,1782339477.9625902,0.0395815372467041
3390,MVI_20061,35,11,1782339478.0029383,0.040348052978515625
3391,MVI_20061,35,12,1782339478.0437982,0.04085993766784668
3392,MVI_20061,35,13,1782339478.082716,0.03891777992248535
3393,MVI_20061,35,14,1782339478.1229324,0.04021644592285156
3394,MVI_20061,35,15,1782339478.163032,0.0400996208190918
3395,MVI_20061,35,16,1782339478.2028058,0.03977370262145996
3396,MVI_20061,35,17,1782339478.2429569,0.040151119232177734
3397,MVI_20061,35,18,1782339478.282802,0.03984522819519043
3398,MVI_20061,35,19,1782339478.3227158,0.03991365432739258
3399,MVI_20061,36,0,1782339478.372837,0.050121307373046875
3400,MVI_20061,36,1,1782339478.402886,0.030048847198486328
3401,MVI_20061,36,2,1782339478.4428797,0.0399937629699707
3402,MVI_20061,36,3,1782339478.4826133,0.0397336483001709
3403,MVI_20061,36,4,1782339478.5230176,0.040404319763183594
3404,MVI_20061,36,5,1782339478.5630622,0.040044546127319336
3405,MVI_20061,36,6,1782339478.6027327,0.039670467376708984
3406,MVI_20061,36,7,1782339478.6428156,0.04008293151855469
3407,MVI_20061,36,8,1782339478.6826293,0.03981375694274902
3408,MVI_20061,36,9,1782339478.7228773,0.04024791717529297
3409,MVI_20061,36,10,1782339478.7630584,0.04018115997314453
3410,MVI_20061,36,11,1782339478.803055,0.03999662399291992
3411,MVI_20061,36,12,1782339478.843233,0.04017806053161621
3412,MVI_20061,36,13,1782339478.8828669,0.039633750915527344
3413,MVI_20061,36,14,1782339478.922822,0.03995513916015625
3414,MVI_20061,36,15,1782339478.9630764,0.04025435447692871
3415,MVI_20061,36,16,1782339479.0028088,0.03973245620727539
3416,MVI_20061,36,17,1782339479.0427837,0.03997492790222168
3417,MVI_20061,36,18,1782339479.0828044,0.04002070426940918
3418,MVI_20061,36,19,1782339479.1231012,0.04029679298400879
3419,MVI_20061,37,0,1782339479.1750839,0.05198264122009277
3420,MVI_20061,37,1,1782339479.2029724,0.02788853645324707
3421,MVI_20061,37,2,1782339479.2429564,0.03998398780822754
3422,MVI_20061,37,3,1782339479.2829604,0.04000401496887207
3423,MVI_20061,37,4,1782339479.323138,0.04017758369445801
3424,MVI_20061,37,5,1782339479.3630242,0.0398862361907959
3425,MVI_20061,37,6,1782339479.4026628,0.039638519287109375
3426,MVI_20061,37,7,1782339479.4432976,0.040634870529174805
3427,MVI_20061,37,8,1782339479.482896,0.03959846496582031
3428,MVI_20061,37,9,1782339479.523117,0.04022097587585449
3429,MVI_20061,37,10,1782339479.562892,0.03977489471435547
3430,MVI_20061,37,11,1782339479.6028516,0.03995966911315918
3431,MVI_20061,37,12,1782339479.6433036,0.040452003479003906
3432,MVI_20061,37,13,1782339479.6827772,0.039473533630371094
3433,MVI_20061,37,14,1782339479.7228582,0.040081024169921875
3434,MVI_20061,37,15,1782339479.7630782,0.040220022201538086
3435,MVI_20061,37,16,1782339479.803028,0.039949893951416016
3436,MVI_20061,37,17,1782339479.8430846,0.040056467056274414
3437,MVI_20061,37,18,1782339479.8826997,0.03961515426635742
3438,MVI_20061,37,19,1782339479.9225776,0.039877891540527344
3439,MVI_20061,38,0,1782339479.9746532,0.05207562446594238
3440,MVI_20061,38,1,1782339480.0031214,0.02846813201904297
3441,MVI_20061,38,2,1782339480.0428886,0.03976726531982422
3442,MVI_20061,38,3,1782339480.0829754,0.04008674621582031
3443,MVI_20061,38,4,1782339480.1228402,0.03986477851867676
3444,MVI_20061,38,5,1782339480.1630855,0.04024529457092285
3445,MVI_20061,38,6,1782339480.2034187,0.04033327102661133
3446,MVI_20061,38,7,1782339480.2426696,0.039250850677490234
3447,MVI_20061,38,8,1782339480.2828643,0.04019474983215332
3448,MVI_20061,38,9,1782339480.3229718,0.04010748863220215
3449,MVI_20061,38,10,1782339480.3630698,0.040097951889038086
3450,MVI_20061,38,11,1782339480.403028,0.03995823860168457
3451,MVI_20061,38,12,1782339480.4428568,0.03982877731323242
3452,MVI_20061,38,13,1782339480.4827154,0.03985857963562012
3453,MVI_20061,38,14,1782339480.5230186,0.04030323028564453
3454,MVI_20061,38,15,1782339480.56279,0.039771318435668945
3455,MVI_20061,38,16,1782339480.6028235,0.040033578872680664
3456,MVI_20061,38,17,1782339480.6430955,0.04027199745178223
3457,MVI_20061,38,18,1782339480.6826267,0.03953123092651367
3458,MVI_20061,38,19,1782339480.7230976,0.04047083854675293
3459,MVI_20061,39,0,1782339480.7717264,0.048628807067871094
3460,MVI_20061,39,1,1782339480.8030221,0.0312957763671875
3461,MVI_20061,39,2,1782339480.8430822,0.04006004333496094
3462,MVI_20061,39,3,1782339480.8826358,0.03955364227294922
3463,MVI_20061,39,4,1782339480.9230533,0.04041743278503418
3464,MVI_20061,39,5,1782339480.9626539,0.03960061073303223
3465,MVI_20061,39,6,1782339481.0028462,0.040192365646362305
3466,MVI_20061,39,7,1782339481.0429218,0.04007554054260254
3467,MVI_20061,39,8,1782339481.0828803,0.03995847702026367
3468,MVI_20061,39,9,1782339481.122969,0.040088653564453125
3469,MVI_20061,39,10,1782339481.162637,0.03966808319091797
3470,MVI_20061,39,11,1782339481.202726,0.04008889198303223
3471,MVI_20061,39,12,1782339481.2428951,0.04016923904418945
3472,MVI_20061,39,13,1782339481.28285,0.03995490074157715
3473,MVI_20061,39,14,1782339481.3227286,0.03987860679626465
3474,MVI_20061,39,15,1782339481.3628547,0.04012608528137207
3475,MVI_20061,39,16,1782339481.4034557,0.04060101509094238
3476,MVI_20061,39,17,1782339481.442878,0.03942227363586426
3477,MVI_20061,39,18,1782339481.4827957,0.039917707443237305
3478,MVI_20061,39,19,1782339481.5227098,0.03991413116455078
3479,MVI_20061,40,0,1782339481.5704982,0.047788381576538086
3480,MVI_20061,40,1,1782339481.6032825,0.032784223556518555
3481,MVI_20061,40,2,1782339481.6428506,0.039568185806274414
3482,MVI_20061,40,3,1782339481.6830869,0.04023623466491699
3483,MVI_20061,40,4,1782339481.7227657,0.03967881202697754
3484,MVI_20061,40,5,1782339481.7629452,0.04017949104309082
3485,MVI_20061,40,6,1782339481.8031545,0.040209293365478516
3486,MVI_20061,40,7,1782339481.8428555,0.039700984954833984
3487,MVI_20061,40,8,1782339481.882789,0.03993344306945801
3488,MVI_20061,40,9,1782339481.9227688,0.03997993469238281
3489,MVI_20061,40,10,1782339481.9631252,0.04035639762878418
3490,MVI_20061,40,11,1782339482.0030642,0.039938926696777344
3491,MVI_20061,40,12,1782339482.0436165,0.040552377700805664
3492,MVI_20061,40,13,1782339482.08295,0.03933358192443848
3493,MVI_20061,40,14,1782339482.1227574,0.03980731964111328
3494,MVI_20061,40,15,1782339482.162789,0.04003167152404785
3495,MVI_20061,40,16,1782339482.2030811,0.04029202461242676
3496,MVI_20061,40,17,1782339482.2430184,0.03993725776672363
3497,MVI_20061,40,18,1782339482.283151,0.04013252258300781
3498,MVI_20061,40,19,1782339482.322644,0.03949308395385742
3499,MVI_20061,41,0,1782339482.3706424,0.04799842834472656
3500,MVI_20061,41,1,1782339482.403152,0.032509565353393555
3501,MVI_20061,41,2,1782339482.442868,0.03971600532531738
3502,MVI_20061,41,3,1782339482.4829726,0.04010462760925293
3503,MVI_20061,41,4,1782339482.5227866,0.039813995361328125
3504,MVI_20061,41,5,1782339482.562968,0.04018139839172363
3505,MVI_20061,41,6,1782339482.6032803,0.04031229019165039
3506,MVI_20061,41,7,1782339482.642924,0.03964376449584961
3507,MVI_20061,41,8,1782339482.6830995,0.040175437927246094
3508,MVI_20061,41,9,1782339482.7230148,0.03991532325744629
3509,MVI_20061,41,10,1782339482.7628088,0.039793968200683594
3510,MVI_20061,41,11,1782339482.8028865,0.04007768630981445
3511,MVI_20061,41,12,1782339482.8432271,0.04034066200256348
3512,MVI_20061,41,13,1782339482.8827996,0.03957247734069824
3513,MVI_20061,41,14,1782339482.9230814,0.04028177261352539
3514,MVI_20061,41,15,1782339482.9628255,0.03974413871765137
3515,MVI_20061,41,16,1782339483.002924,0.04009842872619629
3516,MVI_20061,41,17,1782339483.0430932,0.04016923904418945
3517,MVI_20061,41,18,1782339483.0830145,0.03992128372192383
3518,MVI_20061,41,19,1782339483.1228313,0.039816856384277344
3519,MVI_20061,42,0,1782339483.1730433,0.05021190643310547
3520,MVI_20061,42,1,1782339483.202747,0.029703855514526367
3521,MVI_20061,42,2,1782339483.2433193,0.040572166442871094
3522,MVI_20061,42,3,1782339483.2828383,0.03951907157897949
3523,MVI_20061,42,4,1782339483.323124,0.040285587310791016
3524,MVI_20061,42,5,1782339483.3628445,0.03972053527832031
3525,MVI_20061,42,6,1782339483.402796,0.03995156288146973
3526,MVI_20061,42,7,1782339483.442919,0.04012298583984375
3527,MVI_20061,42,8,1782339483.482926,0.04000687599182129
3528,MVI_20061,42,9,1782339483.5228405,0.039914608001708984
3529,MVI_20061,42,10,1782339483.562646,0.03980541229248047
3530,MVI_20061,42,11,1782339483.6028864,0.04024052619934082
3531,MVI_20061,42,12,1782339483.6430633,0.0401768684387207
3532,MVI_20061,42,13,1782339483.682628,0.03956460952758789
3533,MVI_20061,42,14,1782339483.7229192,0.04029130935668945
3534,MVI_20061,42,15,1782339483.7628787,0.03995943069458008
3535,MVI_20061,42,16,1782339483.802929,0.04005026817321777
3536,MVI_20061,42,17,1782339483.842608,0.03967905044555664
3537,MVI_20061,42,18,1782339483.8828268,0.04021883010864258
3538,MVI_20061,42,19,1782339483.9229753,0.04014849662780762
3539,MVI_20061,43,0,1782339483.9712405,0.04826521873474121
3540,MVI_20061,43,1,1782339484.0032425,0.03200197219848633
3541,MVI_20061,43,2,1782339484.0428064,0.039563894271850586
3542,MVI_20061,43,3,1782339484.082831,0.040024518966674805
3543,MVI_20061,43,4,1782339484.1230268,0.04019594192504883
3544,MVI_20061,43,5,1782339484.1634185,0.04039168357849121
3545,MVI_20061,43,6,1782339484.2027059,0.03928732872009277
3546,MVI_20061,43,7,1782339484.2429433,0.0402374267578125
3547,MVI_20061,43,8,1782339484.2829282,0.039984941482543945
3548,MVI_20061,43,9,1782339484.3229556,0.04002737998962402
3549,MVI_20061,43,10,1782339484.3628378,0.03988218307495117
3550,MVI_20061,43,11,1782339484.402879,0.040041208267211914
3551,MVI_20061,43,12,1782339484.4430068,0.04012775421142578
3552,MVI_20061,43,13,1782339484.482579,0.03957223892211914
3553,MVI_20061,43,14,1782339484.5228627,0.0402836799621582
3554,MVI_20061,43,15,1782339484.5627668,0.039904117584228516
3555,MVI_20061,43,16,1782339484.603093,0.04032611846923828
3556,MVI_20061,43,17,1782339484.6427052,0.0396122932434082
3557,MVI_20061,43,18,1782339484.683069,0.04036378860473633
3558,MVI_20061,43,19,1782339484.7231803,0.04011130332946777
3559,MVI_20061,44,0,1782339484.7730563,0.04987597465515137
3560,MVI_20061,44,1,1782339484.8033113,0.03025507926940918
3561,MVI_20061,44,2,1782339484.8430977,0.039786338806152344
3562,MVI_20061,44,3,1782339484.8827846,0.03968691825866699
3563,MVI_20061,44,4,1782339484.9228394,0.0400547981262207
3564,MVI_20061,44,5,1782339484.9629252,0.040085792541503906
3565,MVI_20061,44,6,1782339485.003056,0.0401308536529541
3566,MVI_20061,44,7,1782339485.0431142,0.040058135986328125
3567,MVI_20061,44,8,1782339485.0831645,0.04005026817321777
3568,MVI_20061,44,9,1782339485.1229737,0.039809226989746094
3569,MVI_20061,44,10,1782339485.1629221,0.039948463439941406
3570,MVI_20061,44,11,1782339485.202794,0.039871931076049805
3571,MVI_20061,44,12,1782339485.2429602,0.04016613960266113
3572,MVI_20061,44,13,1782339485.2832808,0.040320634841918945
3573,MVI_20061,44,14,1782339485.3228204,0.03953957557678223
3574,MVI_20061,44,15,1782339485.3629503,0.040129899978637695
3575,MVI_20061,44,16,1782339485.4029489,0.039998531341552734
3576,MVI_20061,44,17,1782339485.4427803,0.03983139991760254
3577,MVI_20061,44,18,1782339485.4836087,0.04082846641540527
3578,MVI_20061,44,19,1782339485.5228806,0.03927183151245117
3579,MVI_20061,45,0,1782339485.5730863,0.05020570755004883
3580,MVI_20061,45,1,1782339485.6031408,0.030054569244384766
3581,MVI_20061,45,2,1782339485.6429667,0.0398259162902832
3582,MVI_20061,45,3,1782339485.6830795,0.04011273384094238
3583,MVI_20061,45,4,1782339485.7239523,0.040872812271118164
3584,MVI_20061,45,5,1782339485.7626405,0.03868818283081055
3585,MVI_20061,45,6,1782339485.8028045,0.04016399383544922
3586,MVI_20061,45,7,1782339485.8428617,0.04005718231201172
3587,MVI_20061,45,8,1782339485.8827684,0.03990674018859863
3588,MVI_20061,45,9,1782339485.923112,0.040343523025512695
3589,MVI_20061,45,10,1782339485.963166,0.0400540828704834
3590,MVI_20061,45,11,1782339486.0031283,0.0399622917175293
3591,MVI_20061,45,12,1782339486.0427654,0.039637088775634766
3592,MVI_20061,45,13,1782339486.082749,0.039983510971069336
3593,MVI_20061,45,14,1782339486.123023,0.04027414321899414
3594,MVI_20061,45,15,1782339486.1628237,0.03980064392089844
3595,MVI_20061,45,16,1782339486.2028341,0.04001045227050781
3596,MVI_20061,45,17,1782339486.2427883,0.039954185485839844
3597,MVI_20061,45,18,1782339486.283317,0.04052877426147461
3598,MVI_20061,45,19,1782339486.3229847,0.039667606353759766
3599,MVI_20061,46,0,1782339486.3730302,0.05004549026489258
3600,MVI_20061,46,1,1782339486.4029326,0.02990245819091797
3601,MVI_20061,46,2,1782339486.4428713,0.03993868827819824
3602,MVI_20061,46,3,1782339486.4829957,0.04012441635131836
3603,MVI_20061,46,4,1782339486.522801,0.03980517387390137
3604,MVI_20061,46,5,1782339486.5629365,0.04013562202453613
3605,MVI_20061,46,6,1782339486.6028514,0.039914846420288086
3606,MVI_20061,46,7,1782339486.6430888,0.0402374267578125
3607,MVI_20061,46,8,1782339486.6829174,0.03982853889465332
3608,MVI_20061,46,9,1782339486.722867,0.039949655532836914
3609,MVI_20061,46,10,1782339486.7627807,0.03991365432739258
3610,MVI_20061,46,11,1782339486.8033743,0.040593624114990234
3611,MVI_20061,46,12,1782339486.8428416,0.03946733474731445
3612,MVI_20061,46,13,1782339486.883161,0.04031944274902344
3613,MVI_20061,46,14,1782339486.922982,0.03982090950012207
3614,MVI_20061,46,15,1782339486.9631896,0.040207624435424805
3615,MVI_20061,46,16,1782339487.0027654,0.039575815200805664
3616,MVI_20061,46,17,1782339487.0427978,0.040032386779785156
3617,MVI_20061,46,18,1782339487.0826616,0.03986382484436035
3618,MVI_20061,46,19,1782339487.1229565,0.04029488563537598
3619,MVI_20061,47,0,1782339487.1741605,0.05120396614074707
3620,MVI_20061,47,1,1782339487.2028818,0.028721332550048828
3621,MVI_20061,47,2,1782339487.2427719,0.03989005088806152
3622,MVI_20061,47,3,1782339487.282995,0.040223121643066406
3623,MVI_20061,47,4,1782339487.3231397,0.04014468193054199
3624,MVI_20061,47,5,1782339487.3632119,0.04007220268249512
3625,MVI_20061,47,6,1782339487.403059,0.03984713554382324
3626,MVI_20061,47,7,1782339487.4427269,0.03966784477233887
3627,MVI_20061,47,8,1782339487.4826329,0.03990602493286133
3628,MVI_20061,47,9,1782339487.5227878,0.04015493392944336
3629,MVI_20061,47,10,1782339487.5628667,0.04007887840270996
3630,MVI_20061,47,11,1782339487.6032436,0.040376901626586914
3631,MVI_20061,47,12,1782339487.6430109,0.03976726531982422
3632,MVI_20061,47,13,1782339487.6829166,0.03990578651428223
3633,MVI_20061,47,14,1782339487.7228482,0.039931535720825195
3634,MVI_20061,47,15,1782339487.763035,0.04018688201904297
3635,MVI_20061,47,16,1782339487.8033593,0.04032421112060547
3636,MVI_20061,47,17,1782339487.8429854,0.039626121520996094
3637,MVI_20061,47,18,1782339487.8832073,0.0402219295501709
3638,MVI_20061,47,19,1782339487.923093,0.039885759353637695
3639,MVI_20061,48,0,1782339487.9708703,0.04777717590332031
3640,MVI_20061,48,1,1782339488.002738,0.03186774253845215
3641,MVI_20061,48,2,1782339488.0427597,0.040021657943725586
3642,MVI_20061,48,3,1782339488.082781,0.040021419525146484
3643,MVI_20061,48,4,1782339488.1227446,0.039963483810424805
3644,MVI_20061,48,5,1782339488.1629114,0.04016685485839844
3645,MVI_20061,48,6,1782339488.2028444,0.039932966232299805
3646,MVI_20061,48,7,1782339488.2428675,0.040023088455200195
3647,MVI_20061,48,8,1782339488.2826495,0.039782047271728516
3648,MVI_20061,48,9,1782339488.3228536,0.04020404815673828
3649,MVI_20061,48,10,1782339488.362807,0.03995347023010254
3650,MVI_20061,48,11,1782339488.4031377,0.04033064842224121
3651,MVI_20061,48,12,1782339488.443233,0.04009532928466797
3652,MVI_20061,48,13,1782339488.4827847,0.039551734924316406
3653,MVI_20061,48,14,1782339488.5231886,0.04040384292602539
3654,MVI_20061,48,15,1782339488.562876,0.039687395095825195
3655,MVI_20061,48,16,1782339488.6030746,0.040198564529418945
3656,MVI_20061,48,17,1782339488.6430984,0.0400238037109375
3657,MVI_20061,48,18,1782339488.6832426,0.04014420509338379
3658,MVI_20061,48,19,1782339488.7228146,0.03957200050354004
3659,MVI_20061,49,0,1782339488.7751172,0.05230259895324707
3660,MVI_20061,49,1,1782339488.803124,0.028006792068481445
3661,MVI_20061,49,2,1782339488.8428676,0.039743661880493164
3662,MVI_20061,49,3,1782339488.883176,0.040308475494384766
3663,MVI_20061,49,4,1782339488.9229136,0.03973746299743652
3664,MVI_20061,49,5,1782339488.962954,0.04004049301147461
3665,MVI_20061,49,6,1782339489.003,0.040045976638793945
3666,MVI_20061,49,7,1782339489.0429747,0.03997468948364258
3667,MVI_20061,49,8,1782339489.082721,0.03974628448486328
3668,MVI_20061,49,9,1782339489.1227286,0.040007591247558594
3669,MVI_20061,49,10,1782339489.1630087,0.04028010368347168
3670,MVI_20061,49,11,1782339489.2030983,0.04008960723876953
3671,MVI_20061,49,12,1782339489.242941,0.03984260559082031
3672,MVI_20061,49,13,1782339489.2831469,0.040205955505371094
3673,MVI_20061,49,14,1782339489.3232088,0.04006195068359375
3674,MVI_20061,49,15,1782339489.3627899,0.0395810604095459
3675,MVI_20061,49,16,1782339489.4029584,0.04016852378845215
3676,MVI_20061,49,17,1782339489.4427593,0.03980088233947754
3677,MVI_20061,49,18,1782339489.4832141,0.040454864501953125
3678,MVI_20061,49,19,1782339489.5226583,0.0394442081451416
3679,MVI_20061,49,20,1782339489.5627701,0.04011178016662598
3680,MVI_20061,50,0,1782339489.615582,0.05281186103820801
3681,MVI_20061,50,1,1782339489.6427643,0.027182340621948242
3682,MVI_20061,50,2,1782339489.6831179,0.04035353660583496
3683,MVI_20061,50,3,1782339489.7229764,0.03985857963562012
3684,MVI_20061,50,4,1782339489.7631142,0.04013776779174805
3685,MVI_20061,50,5,1782339489.8029938,0.039879560470581055
3686,MVI_20061,50,6,1782339489.842758,0.0397641658782959
3687,MVI_20061,50,7,1782339489.8830554,0.040297508239746094
3688,MVI_20061,50,8,1782339489.9226089,0.03955340385437012
3689,MVI_20061,50,9,1782339489.962843,0.04023408889770508
3690,MVI_20061,50,10,1782339490.0027337,0.03989076614379883
3691,MVI_20061,50,11,1782339490.0427225,0.03998875617980957
3692,MVI_20061,50,12,1782339490.082884,0.0401616096496582
3693,MVI_20061,50,13,1782339490.122904,0.040019989013671875
3694,MVI_20061,50,14,1782339490.162778,0.03987383842468262
3695,MVI_20061,50,15,1782339490.2033677,0.04058980941772461
3696,MVI_20061,50,16,1782339490.243038,0.03967022895812988
3697,MVI_20061,50,17,1782339490.283182,0.04014396667480469
3698,MVI_20061,50,18,1782339490.3227732,0.039591312408447266
3699,MVI_20061,50,19,1782339490.3628292,0.04005599021911621
3700,MVI_20061,50,20,1782339490.4030647,0.04023551940917969
