seq_num,folder,frame_num,crop_index,label,send_timestamp
0,MVI_20011,1,0,0,1782339342.5424745
1,MVI_20011,1,1,0,1782339342.5425034
2,MVI_20011,1,2,0,1782339342.5425262
3,MVI_20011,1,3,0,1782339342.5425467
4,MVI_20011,1,4,0,1782339342.5622659
5,MVI_20011,1,5,0,1782339342.6022863
6,MVI_20011,1,6,0,1782339342.6423047
7,MVI_20011,2,0,0,1782339342.6932044
8,MVI_20011,2,1,0,1782339342.7223036
9,MVI_20011,2,2,0,1782339342.7624044
10,MVI_20011,2,3,0,1782339342.8022952
11,MVI_20011,2,4,0,1782339342.8423443
12,MVI_20011,2,5,0,1782339342.8823087
13,MVI_20011,2,6,0,1782339342.9223886
14,MVI_20011,3,0,0,1782339342.974586
15,MVI_20011,3,1,0,1782339343.002298
16,MVI_20011,3,2,0,1782339343.042344
17,MVI_20011,3,3,0,1782339343.082268
18,MVI_20011,3,4,0,1782339343.1222768
19,MVI_20011,3,5,0,1782339343.1622694
20,MVI_20011,3,6,0,1782339343.2022803
21,MVI_20011,4,0,0,1782339343.2524817
22,MVI_20011,4,1,0,1782339343.282269
23,MVI_20011,4,2,0,1782339343.3222969
24,MVI_20011,4,3,0,1782339343.3622723
25,MVI_20011,4,4,0,1782339343.4023168
26,MVI_20011,4,5,0,1782339343.4423327
27,MVI_20011,4,6,0,1782339343.482286
28,MVI_20011,5,0,0,1782339343.531088
29,MVI_20011,5,1,0,1782339343.5623043
30,MVI_20011,5,2,0,1782339343.602284
31,MVI_20011,5,3,0,1782339343.642267
32,MVI_20011,5,4,0,1782339343.682254
33,MVI_20011,5,5,0,1782339343.7222674
34,MVI_20011,5,6,0,1782339343.762263
35,MVI_20011,6,0,0,1782339343.8124716
36,MVI_20011,6,1,0,1782339343.842262
37,MVI_20011,6,2,0,1782339343.8822503
38,MVI_20011,6,3,0,1782339343.9222832
39,MVI_20011,6,4,0,1782339343.9622643
40,MVI_20011,6,5,0,1782339344.002258
41,MVI_20011,7,0,0,1782339344.0512934
42,MVI_20011,7,1,0,1782339344.082277
43,MVI_20011,7,2,0,1782339344.122364
44,MVI_20011,7,3,0,1782339344.1622963
45,MVI_20011,7,4,0,1782339344.2022758
46,MVI_20011,7,5,0,1782339344.2422774
47,MVI_20011,8,0,0,1782339344.2909944
48,MVI_20011,8,1,0,1782339344.3222854
49,MVI_20011,8,2,0,1782339344.3623564
50,MVI_20011,8,3,0,1782339344.402296
51,MVI_20011,8,4,0,1782339344.442281
52,MVI_20011,8,5,0,1782339344.482288
53,MVI_20011,9,0,0,1782339344.5323853
54,MVI_20011,9,1,0,1782339344.5623732
55,MVI_20011,9,2,0,1782339344.6025379
56,MVI_20011,9,3,0,1782339344.6422966
57,MVI_20011,9,4,0,1782339344.6823096
58,MVI_20011,9,5,0,1782339344.722357
59,MVI_20011,10,0,0,1782339344.7709627
60,MVI_20011,10,1,0,1782339344.8022978
61,MVI_20011,10,2,0,1782339344.8424797
62,MVI_20011,10,3,0,1782339344.8823903
63,MVI_20011,10,4,0,1782339344.9222887
64,MVI_20011,10,5,0,1782339344.9622757
65,MVI_20011,11,0,0,1782339345.0119505
66,MVI_20011,11,1,0,1782339345.0422895
67,MVI_20011,11,2,0,1782339345.0825207
68,MVI_20011,11,3,0,1782339345.1223075
69,MVI_20011,11,4,0,1782339345.162289
70,MVI_20011,11,5,0,1782339345.202303
71,MVI_20011,12,0,0,1782339345.2525508
72,MVI_20011,12,1,0,1782339345.2823098
73,MVI_20011,12,2,0,1782339345.322391
74,MVI_20011,12,3,0,1782339345.362301
75,MVI_20011,12,4,0,1782339345.4022927
76,MVI_20011,12,5,0,1782339345.4423728
77,MVI_20011,13,0,0,1782339345.4939437
78,MVI_20011,13,1,0,1782339345.5222769
79,MVI_20011,13,2,0,1782339345.5623765
80,MVI_20011,13,3,0,1782339345.602306
81,MVI_20011,13,4,0,1782339345.6423116
82,MVI_20011,13,5,0,1782339345.6822834
83,MVI_20011,14,0,0,1782339345.7318945
84,MVI_20011,14,1,0,1782339345.7622917
85,MVI_20011,14,2,0,1782339345.8022904
86,MVI_20011,14,3,0,1782339345.8422983
87,MVI_20011,14,4,0,1782339345.8822925
88,MVI_20011,14,5,0,1782339345.9222867
89,MVI_20011,15,0,0,1782339345.9728186
90,MVI_20011,15,1,0,1782339346.0022912
91,MVI_20011,15,2,0,1782339346.0424635
92,MVI_20011,15,3,0,1782339346.0823185
93,MVI_20011,15,4,0,1782339346.1222975
94,MVI_20011,15,5,0,1782339346.1622603
95,MVI_20011,16,0,0,1782339346.2129638
96,MVI_20011,16,1,0,1782339346.242301
97,MVI_20011,16,2,0,1782339346.28227
98,MVI_20011,16,3,0,1782339346.32229
99,MVI_20011,16,4,0,1782339346.3622777
100,MVI_20011,16,5,0,1782339346.4022775
101,MVI_20011,17,0,0,1782339346.4519842
102,MVI_20011,17,1,0,1782339346.4822776
103,MVI_20011,17,2,0,1782339346.522375
104,MVI_20011,17,3,0,1782339346.5623038
105,MVI_20011,17,4,0,1782339346.6022851
106,MVI_20011,17,5,0,1782339346.6422858
107,MVI_20011,18,0,0,1782339346.691534
108,MVI_20011,18,1,0,1782339346.7222562
109,MVI_20011,18,2,0,1782339346.7623482
110,MVI_20011,18,3,0,1782339346.8023
111,MVI_20011,18,4,0,1782339346.8422828
112,MVI_20011,18,5,0,1782339346.8823192
113,MVI_20011,19,0,0,1782339346.9317827
114,MVI_20011,19,1,0,1782339346.9622834
115,MVI_20011,19,2,0,1782339347.0022469
116,MVI_20011,19,3,0,1782339347.042278
117,MVI_20011,19,4,0,1782339347.0822835
118,MVI_20011,19,5,0,1782339347.1222956
119,MVI_20011,20,0,0,1782339347.171261
120,MVI_20011,20,1,0,1782339347.2022886
121,MVI_20011,20,2,0,1782339347.2422678
122,MVI_20011,20,3,0,1782339347.2822714
123,MVI_20011,20,4,0,1782339347.3222666
124,MVI_20011,20,5,0,1782339347.3623064
125,MVI_20011,21,0,0,1782339347.4104846
126,MVI_20011,21,1,0,1782339347.4422636
127,MVI_20011,21,2,0,1782339347.4823
128,MVI_20011,21,3,0,1782339347.522264
129,MVI_20011,21,4,0,1782339347.5622935
130,MVI_20011,21,5,0,1782339347.6022646
131,MVI_20011,22,0,0,1782339347.6520648
132,MVI_20011,22,1,0,1782339347.6822722
133,MVI_20011,22,2,0,1782339347.7223642
134,MVI_20011,22,3,0,1782339347.7623682
135,MVI_20011,22,4,0,1782339347.8022742
136,MVI_20011,22,5,0,1782339347.842274
137,MVI_20011,23,0,0,1782339347.8915503
138,MVI_20011,23,1,0,1782339347.922284
139,MVI_20011,23,2,0,1782339347.962418
140,MVI_20011,23,3,0,1782339348.0022888
141,MVI_20011,23,4,0,1782339348.0422888
142,MVI_20011,23,5,0,1782339348.0823758
143,MVI_20011,24,0,0,1782339348.1330676
144,MVI_20011,24,1,0,1782339348.1622877
145,MVI_20011,24,2,0,1782339348.2024648
146,MVI_20011,24,3,0,1782339348.2422566
147,MVI_20011,24,4,0,1782339348.282315
148,MVI_20011,24,5,0,1782339348.3222923
149,MVI_20011,25,0,0,1782339348.3712838
150,MVI_20011,25,1,0,1782339348.4023302
151,MVI_20011,25,2,0,1782339348.442335
152,MVI_20011,25,3,0,1782339348.4824433
153,MVI_20011,25,4,0,1782339348.5223124
154,MVI_20011,25,5,0,1782339348.562345
155,MVI_20011,25,6,0,1782339348.6023395
156,MVI_20011,26,0,0,1782339348.6503255
157,MVI_20011,26,1,0,1782339348.6823084
158,MVI_20011,26,2,0,1782339348.722292
159,MVI_20011,26,3,0,1782339348.7623296
160,MVI_20011,26,4,0,1782339348.802317
161,MVI_20011,26,5,0,1782339348.8423252
162,MVI_20011,26,6,0,1782339348.8823063
163,MVI_20011,27,0,0,1782339348.930401
164,MVI_20011,27,1,0,1782339348.9623067
165,MVI_20011,27,2,0,1782339349.0023189
166,MVI_20011,27,3,0,1782339349.042358
167,MVI_20011,27,4,0,1782339349.0823216
168,MVI_20011,27,5,0,1782339349.1223369
169,MVI_20011,27,6,0,1782339349.1623623
170,MVI_20011,28,0,0,1782339349.2102547
171,MVI_20011,28,1,0,1782339349.24229
172,MVI_20011,28,2,0,1782339349.2824104
173,MVI_20011,28,3,0,1782339349.3223798
174,MVI_20011,28,4,0,1782339349.3623028
175,MVI_20011,28,5,0,1782339349.4024067
176,MVI_20011,28,6,0,1782339349.4423435
177,MVI_20011,29,0,0,1782339349.4903157
178,MVI_20011,29,1,0,1782339349.5222843
179,MVI_20011,29,2,0,1782339349.5623055
180,MVI_20011,29,3,0,1782339349.6024117
181,MVI_20011,29,4,0,1782339349.642333
182,MVI_20011,29,5,0,1782339349.6822886
183,MVI_20011,29,6,0,1782339349.722262
184,MVI_20011,30,0,0,1782339349.7710145
185,MVI_20011,30,1,0,1782339349.8022733
186,MVI_20011,30,2,0,1782339349.842253
187,MVI_20011,30,3,0,1782339349.882248
188,MVI_20011,30,4,0,1782339349.9222946
189,MVI_20011,30,5,0,1782339349.962306
190,MVI_20011,30,6,0,1782339350.002323
191,MVI_20011,31,0,0,1782339350.0515974
192,MVI_20011,31,1,0,1782339350.0822785
193,MVI_20011,31,2,0,1782339350.1222818
194,MVI_20011,31,3,0,1782339350.1623347
195,MVI_20011,31,4,0,1782339350.2023363
196,MVI_20011,31,5,0,1782339350.2423358
197,MVI_20011,31,6,0,1782339350.2823274
198,MVI_20011,32,0,0,1782339350.3318577
199,MVI_20011,32,1,0,1782339350.3623164
200,MVI_20011,32,2,0,1782339350.4023154
201,MVI_20011,32,3,0,1782339350.4422934
202,MVI_20011,32,4,0,1782339350.4822986
203,MVI_20011,32,5,0,1782339350.5222905
204,MVI_20011,32,6,0,1782339350.5622885
205,MVI_20011,33,0,0,1782339350.6106677
206,MVI_20011,33,1,0,1782339350.6422837
207,MVI_20011,33,2,0,1782339350.68224
208,MVI_20011,33,3,0,1782339350.7222445
209,MVI_20011,33,4,0,1782339350.7623153
210,MVI_20011,33,5,0,1782339350.802395
211,MVI_20011,33,6,0,1782339350.8423028
212,MVI_20011,34,0,0,1782339350.890549
213,MVI_20011,34,1,0,1782339350.9222293
214,MVI_20011,34,2,0,1782339350.9622984
215,MVI_20011,34,3,0,1782339351.0022786
216,MVI_20011,34,4,0,1782339351.0422492
217,MVI_20011,34,5,0,1782339351.082286
218,MVI_20011,34,6,0,1782339351.12229
219,MVI_20011,34,7,0,1782339351.1622956
220,MVI_20011,35,0,0,1782339351.2101917
221,MVI_20011,35,1,0,1782339351.2423844
222,MVI_20011,35,2,0,1782339351.2823524
223,MVI_20011,35,3,0,1782339351.3223383
224,MVI_20011,35,4,0,1782339351.362393
225,MVI_20011,35,5,0,1782339351.402353
226,MVI_20011,35,6,0,1782339351.4423418
227,MVI_20011,35,7,0,1782339351.4824135
228,MVI_20011,36,0,0,1782339351.5304043
229,MVI_20011,36,1,0,1782339351.5622666
230,MVI_20011,36,2,0,1782339351.6022732
231,MVI_20011,36,3,0,1782339351.6423066
232,MVI_20011,36,4,0,1782339351.682391
233,MVI_20011,36,5,0,1782339351.7223842
234,MVI_20011,36,6,0,1782339351.762426
235,MVI_20011,36,7,0,1782339351.8023036
236,MVI_20011,37,0,0,1782339351.8508136
237,MVI_20011,37,1,0,1782339351.8823664
238,MVI_20011,37,2,0,1782339351.9223318
239,MVI_20011,37,3,0,1782339351.9622898
240,MVI_20011,37,4,0,1782339352.0023966
241,MVI_20011,37,5,0,1782339352.042292
242,MVI_20011,37,6,0,1782339352.0823436
243,MVI_20011,37,7,0,1782339352.1225047
244,MVI_20011,37,8,0,1782339352.1623213
245,MVI_20011,37,9,0,1782339352.2022848
246,MVI_20011,38,0,0,1782339352.2512598
247,MVI_20011,38,1,0,1782339352.2823691
248,MVI_20011,38,2,0,1782339352.3222952
249,MVI_20011,38,3,0,1782339352.3623328
250,MVI_20011,38,4,0,1782339352.4022853
251,MVI_20011,38,5,0,1782339352.4424732
252,MVI_20011,38,6,0,1782339352.482427
253,MVI_20011,38,7,0,1782339352.523281
254,MVI_20011,38,8,0,1782339352.5628016
255,MVI_20011,38,9,0,1782339352.6023397
256,MVI_20011,39,0,0,1782339352.6557665
257,MVI_20011,39,1,0,1782339352.6828868
258,MVI_20011,39,2,0,1782339352.722809
259,MVI_20011,39,3,0,1782339352.7625015
260,MVI_20011,39,4,0,1782339352.8027613
261,MVI_20011,39,5,0,1782339352.8424635
262,MVI_20011,39,6,0,1782339352.8824642
263,MVI_20011,39,7,0,1782339352.922455
264,MVI_20011,39,8,0,1782339352.962412
265,MVI_20011,39,9,0,1782339353.002467
266,MVI_20011,40,0,0,1782339353.0538883
267,MVI_20011,40,1,0,1782339353.0823996
268,MVI_20011,40,2,0,1782339353.1225083
269,MVI_20011,40,3,0,1782339353.1623127
270,MVI_20011,40,4,0,1782339353.20232
271,MVI_20011,40,5,0,1782339353.2424903
272,MVI_20011,40,6,0,1782339353.2823346
273,MVI_20011,40,7,0,1782339353.3224397
274,MVI_20011,40,8,0,1782339353.3624818
275,MVI_20011,40,9,0,1782339353.4024723
276,MVI_20011,41,0,0,1782339353.4533668
277,MVI_20011,41,1,0,1782339353.4824297
278,MVI_20011,41,2,0,1782339353.5226269
279,MVI_20011,41,3,0,1782339353.562357
280,MVI_20011,41,4,0,1782339353.6024466
281,MVI_20011,41,5,0,1782339353.6424513
282,MVI_20011,41,6,0,1782339353.6824107
283,MVI_20011,41,7,0,1782339353.7224374
284,MVI_20011,41,8,0,1782339353.7623026
285,MVI_20011,41,9,0,1782339353.8024397
286,MVI_20011,42,0,0,1782339353.8543906
287,MVI_20011,42,1,0,1782339353.8823075
288,MVI_20011,42,2,0,1782339353.922443
289,MVI_20011,42,3,0,1782339353.9624517
290,MVI_20011,42,4,0,1782339354.0024972
291,MVI_20011,42,5,0,1782339354.0428119
292,MVI_20011,42,6,0,1782339354.0823073
293,MVI_20011,42,7,0,1782339354.1225255
294,MVI_20011,42,8,0,1782339354.1622806
295,MVI_20011,42,9,0,1782339354.2024477
296,MVI_20011,43,0,0,1782339354.250431
297,MVI_20011,43,1,0,1782339354.2823985
298,MVI_20011,43,2,0,1782339354.3224504
299,MVI_20011,43,3,0,1782339354.3624973
300,MVI_20011,43,4,0,1782339354.4024227
301,MVI_20011,43,5,0,1782339354.4424682
302,MVI_20011,43,6,0,1782339354.4823804
303,MVI_20011,43,7,0,1782339354.5229528
304,MVI_20011,43,8,0,1782339354.5623386
305,MVI_20011,43,9,0,1782339354.6024432
306,MVI_20011,44,0,0,1782339354.6547358
307,MVI_20011,44,1,0,1782339354.6828847
308,MVI_20011,44,2,0,1782339354.723149
309,MVI_20011,44,3,0,1782339354.7624638
310,MVI_20011,44,4,0,1782339354.8027909
311,MVI_20011,44,5,0,1782339354.8425572
312,MVI_20011,44,6,0,1782339354.8823938
313,MVI_20011,44,7,0,1782339354.9228325
314,MVI_20011,44,8,0,1782339354.9626405
315,MVI_20011,44,9,0,1782339355.0024502
316,MVI_20011,45,0,0,1782339355.0551436
317,MVI_20011,45,1,0,1782339355.0823524
318,MVI_20011,45,2,0,1782339355.1225903
319,MVI_20011,45,3,0,1782339355.1624448
320,MVI_20011,45,4,0,1782339355.2023902
321,MVI_20011,45,5,0,1782339355.2424648
322,MVI_20011,45,6,0,1782339355.2824388
323,MVI_20011,45,7,0,1782339355.3226187
324,MVI_20011,45,8,0,1782339355.3624482
325,MVI_20011,45,9,0,1782339355.4024184
326,MVI_20011,46,0,0,1782339355.4538996
327,MVI_20011,46,1,0,1782339355.4824727
328,MVI_20011,46,2,0,1782339355.5223508
329,MVI_20011,46,3,0,1782339355.5624352
330,MVI_20011,46,4,0,1782339355.602504
331,MVI_20011,46,5,0,1782339355.6423218
332,MVI_20011,46,6,0,1782339355.682467
333,MVI_20011,46,7,0,1782339355.722996
334,MVI_20011,46,8,0,1782339355.7629077
335,MVI_20011,46,9,0,1782339355.8024778
336,MVI_20011,47,0,0,1782339355.8516397
337,MVI_20011,47,1,0,1782339355.882412
338,MVI_20011,47,2,0,1782339355.9226081
339,MVI_20011,47,3,0,1782339355.9624572
340,MVI_20011,47,4,0,1782339356.002469
341,MVI_20011,47,5,0,1782339356.0426147
342,MVI_20011,47,6,0,1782339356.082366
343,MVI_20011,47,7,0,1782339356.122476
344,MVI_20011,47,8,0,1782339356.1623425
345,MVI_20011,47,9,0,1782339356.2024455
346,MVI_20011,48,0,0,1782339356.2557607
347,MVI_20011,48,1,0,1782339356.2825012
348,MVI_20011,48,2,0,1782339356.322616
349,MVI_20011,48,3,0,1782339356.362516
350,MVI_20011,48,4,0,1782339356.4024072
351,MVI_20011,48,5,0,1782339356.4424455
352,MVI_20011,48,6,0,1782339356.4823854
353,MVI_20011,48,7,0,1782339356.5226073
354,MVI_20011,48,8,0,1782339356.5624435
355,MVI_20011,48,9,0,1782339356.6024802
356,MVI_20011,49,0,0,1782339356.654984
357,MVI_20011,49,1,0,1782339356.682436
358,MVI_20011,49,2,0,1782339356.7224896
359,MVI_20011,49,3,0,1782339356.7624393
360,MVI_20011,49,4,0,1782339356.8023515
361,MVI_20011,49,5,0,1782339356.8424356
362,MVI_20011,49,6,0,1782339356.8824623
363,MVI_20011,49,7,0,1782339356.922482
364,MVI_20011,49,8,0,1782339356.9624605
365,MVI_20011,49,9,0,1782339357.00245
366,MVI_20011,50,0,0,1782339357.0543637
367,MVI_20011,50,1,0,1782339357.0823042
368,MVI_20011,50,2,0,1782339357.1224458
369,MVI_20011,50,3,0,1782339357.1625795
370,MVI_20011,50,4,0,1782339357.202412
371,MVI_20011,50,5,0,1782339357.2424407
372,MVI_20011,50,6,0,1782339357.2830045
373,MVI_20011,50,7,0,1782339357.3228664
374,MVI_20011,50,8,0,1782339357.362981
375,MVI_20011,50,9,0,1782339357.4027243
376,MVI_20032,1,0,0,1782339357.465913
377,MVI_20032,1,1,0,1782339357.4823816
378,MVI_20032,1,2,0,1782339357.5225077
379,MVI_20032,1,3,0,1782339357.5624948
380,MVI_20032,2,0,0,1782339357.6127517
381,MVI_20032,2,1,0,1782339357.6424432
382,MVI_20032,2,2,0,1782339357.6835837
383,MVI_20032,2,3,0,1782339357.7224827
384,MVI_20032,3,0,0,1782339357.7697172
385,MVI_20032,3,1,0,1782339357.8024027
386,MVI_20032,3,2,0,1782339357.842537
387,MVI_20032,3,3,0,1782339357.882467
388,MVI_20032,4,0,0,1782339357.9341002
389,MVI_20032,4,1,0,1782339357.962409
390,MVI_20032,4,2,0,1782339358.0024674
391,MVI_20032,4,3,0,1782339358.0424435
392,MVI_20032,5,0,0,1782339358.0896866
393,MVI_20032,5,1,0,1782339358.1223128
394,MVI_20032,5,2,0,1782339358.1624806
395,MVI_20032,5,3,0,1782339358.2028685
396,MVI_20032,6,0,0,1782339358.2535384
397,MVI_20032,6,1,0,1782339358.2824588
398,MVI_20032,6,2,0,1782339358.322466
399,MVI_20032,6,3,0,1782339358.3623385
400,MVI_20032,7,0,0,1782339358.4100788
401,MVI_20032,7,1,0,1782339358.442381
402,MVI_20032,7,2,0,1782339358.482577
403,MVI_20032,7,3,0,1782339358.5224762
404,MVI_20032,8,0,0,1782339358.5731647
405,MVI_20032,8,1,0,1782339358.6024754
406,MVI_20032,8,2,0,1782339358.642479
407,MVI_20032,8,3,0,1782339358.682381
408,MVI_20032,9,0,0,1782339358.7304175
409,MVI_20032,9,1,0,1782339358.762475
410,MVI_20032,9,2,0,1782339358.8025298
411,MVI_20032,9,3,0,1782339358.8425324
412,MVI_20032,10,0,0,1782339358.893146
413,MVI_20032,10,1,0,1782339358.922377
414,MVI_20032,10,2,0,1782339358.9625056
415,MVI_20032,10,3,0,1782339359.002403
416,MVI_20032,11,0,0,1782339359.050606
417,MVI_20032,11,1,0,1782339359.0824032
418,MVI_20032,11,2,0,1782339359.1224186
419,MVI_20032,11,3,0,1782339359.1624827
420,MVI_20032,12,0,0,1782339359.2142124
421,MVI_20032,12,1,0,1782339359.2423935
422,MVI_20032,12,2,0,1782339359.2824209
423,MVI_20032,12,3,0,1782339359.3224812
424,MVI_20032,13,0,0,1782339359.3702002
425,MVI_20032,13,1,0,1782339359.4024198
426,MVI_20032,13,2,0,1782339359.4428232
427,MVI_20032,13,3,0,1782339359.482469
428,MVI_20032,14,0,0,1782339359.5326002
429,MVI_20032,14,1,0,1782339359.562475
430,MVI_20032,14,2,0,1782339359.6024263
431,MVI_20032,14,3,0,1782339359.6424856
432,MVI_20032,15,0,0,1782339359.689956
433,MVI_20032,15,1,0,1782339359.7224052
434,MVI_20032,15,2,0,1782339359.7624853
435,MVI_20032,15,3,0,1782339359.8025174
436,MVI_20032,16,0,0,1782339359.8532884
437,MVI_20032,16,1,0,1782339359.8822815
438,MVI_20032,16,2,0,1782339359.9224727
439,MVI_20032,16,3,0,1782339359.9624422
440,MVI_20032,17,0,0,1782339360.0089588
441,MVI_20032,17,1,0,1782339360.0423963
442,MVI_20032,17,2,0,1782339360.082349
443,MVI_20032,17,3,0,1782339360.1224744
444,MVI_20032,18,0,0,1782339360.1729074
445,MVI_20032,18,1,0,1782339360.202489
446,MVI_20032,18,2,0,1782339360.2426128
447,MVI_20032,18,3,0,1782339360.2823384
448,MVI_20032,19,0,0,1782339360.3301542
449,MVI_20032,19,1,0,1782339360.3624737
450,MVI_20032,19,2,0,1782339360.4023623
451,MVI_20032,19,3,0,1782339360.4423409
452,MVI_20032,20,0,0,1782339360.493688
453,MVI_20032,20,1,0,1782339360.522326
454,MVI_20032,20,2,0,1782339360.5629635
455,MVI_20032,20,3,0,1782339360.6024065
456,MVI_20032,21,0,0,1782339360.64974
457,MVI_20032,21,1,0,1782339360.682476
458,MVI_20032,21,2,0,1782339360.722404
459,MVI_20032,21,3,0,1782339360.7624366
460,MVI_20032,22,0,0,1782339360.8123267
461,MVI_20032,22,1,0,1782339360.8424833
462,MVI_20032,22,2,0,1782339360.8824694
463,MVI_20032,22,3,0,1782339360.9225867
464,MVI_20032,23,0,0,1782339360.9702206
465,MVI_20032,23,1,0,1782339361.0024924
466,MVI_20032,23,2,0,1782339361.0424583
467,MVI_20032,23,3,0,1782339361.0824747
468,MVI_20032,24,0,0,1782339361.1328728
469,MVI_20032,24,1,0,1782339361.162902
470,MVI_20032,24,2,0,1782339361.2025807
471,MVI_20032,24,3,0,1782339361.2425056
472,MVI_20032,25,0,0,1782339361.292414
473,MVI_20032,25,1,0,1782339361.322256
474,MVI_20032,25,2,0,1782339361.3629148
475,MVI_20032,25,3,0,1782339361.4024432
476,MVI_20032,26,0,0,1782339361.4518704
477,MVI_20032,26,1,0,1782339361.4830594
478,MVI_20032,26,2,0,1782339361.522453
479,MVI_20032,26,3,0,1782339361.562519
480,MVI_20032,27,0,0,1782339361.6094737
481,MVI_20032,27,1,0,1782339361.6424036
482,MVI_20032,27,2,0,1782339361.6824417
483,MVI_20032,27,3,0,1782339361.722455
484,MVI_20032,28,0,0,1782339361.7732644
485,MVI_20032,28,1,0,1782339361.8022873
486,MVI_20032,28,2,0,1782339361.8425152
487,MVI_20032,28,3,0,1782339361.8823888
488,MVI_20032,29,0,0,1782339361.929735
489,MVI_20032,29,1,0,1782339361.9624605
490,MVI_20032,29,2,0,1782339362.0024521
491,MVI_20032,29,3,0,1782339362.042444
492,MVI_20032,30,0,0,1782339362.0922825
493,MVI_20032,30,1,0,1782339362.1224096
494,MVI_20032,30,2,0,1782339362.1624732
495,MVI_20032,30,3,0,1782339362.2024536
496,MVI_20032,31,0,0,1782339362.2517164
497,MVI_20032,31,1,0,1782339362.2824667
498,MVI_20032,31,2,0,1782339362.3223693
499,MVI_20032,31,3,0,1782339362.362456
500,MVI_20032,32,0,0,1782339362.41242
501,MVI_20032,32,1,0,1782339362.4423175
502,MVI_20032,32,2,0,1782339362.4824378
503,MVI_20032,32,3,0,1782339362.522313
504,MVI_20032,33,0,0,1782339362.5702245
505,MVI_20032,33,1,0,1782339362.602407
506,MVI_20032,33,2,0,1782339362.6424103
507,MVI_20032,33,3,0,1782339362.682491
508,MVI_20032,34,0,0,1782339362.733016
509,MVI_20032,34,1,0,1782339362.7624521
510,MVI_20032,34,2,0,1782339362.8023233
511,MVI_20032,34,3,0,1782339362.8423429
512,MVI_20032,35,0,0,1782339362.8894522
513,MVI_20032,35,1,0,1782339362.9223592
514,MVI_20032,35,2,0,1782339362.9626153
515,MVI_20032,35,3,0,1782339363.0024567
516,MVI_20032,36,0,0,1782339363.0529318
517,MVI_20032,36,1,0,1782339363.0822902
518,MVI_20032,36,2,0,1782339363.122365
519,MVI_20032,36,3,0,1782339363.1624014
520,MVI_20032,37,0,0,1782339363.2132437
521,MVI_20032,37,1,0,1782339363.2424502
522,MVI_20032,37,2,0,1782339363.2823746
523,MVI_20032,37,3,0,1782339363.322441
524,MVI_20032,38,0,0,1782339363.3694966
525,MVI_20032,38,1,0,1782339363.4024973
526,MVI_20032,38,2,0,1782339363.4424286
527,MVI_20032,38,3,0,1782339363.4824507
528,MVI_20032,39,0,0,1782339363.533417
529,MVI_20032,39,1,0,1782339363.562451
530,MVI_20032,39,2,0,1782339363.6024532
531,MVI_20032,39,3,0,1782339363.6424434
532,MVI_20032,40,0,0,1782339363.6932735
533,MVI_20032,40,1,0,1782339363.7224708
534,MVI_20032,40,2,0,1782339363.7624419
535,MVI_20032,40,3,0,1782339363.8024976
536,MVI_20032,41,0,0,1782339363.8503516
537,MVI_20032,41,1,0,1782339363.8823445
538,MVI_20032,41,2,0,1782339363.922475
539,MVI_20032,41,3,0,1782339363.9624074
540,MVI_20032,42,0,0,1782339364.0095167
541,MVI_20032,42,1,0,1782339364.0423882
542,MVI_20032,42,2,0,1782339364.0823526
543,MVI_20032,42,3,0,1782339364.1224189
544,MVI_20032,43,0,0,1782339364.169698
545,MVI_20032,43,1,0,1782339364.2024424
546,MVI_20032,43,2,0,1782339364.242455
547,MVI_20032,43,3,0,1782339364.2824454
548,MVI_20032,44,0,0,1782339364.3310006
549,MVI_20032,44,1,0,1782339364.3624723
550,MVI_20032,44,2,0,1782339364.4024503
551,MVI_20032,44,3,0,1782339364.4424558
552,MVI_20032,45,0,0,1782339364.4948092
553,MVI_20032,45,1,0,1782339364.5223625
554,MVI_20032,45,2,0,1782339364.562315
555,MVI_20032,45,3,0,1782339364.6023467
556,MVI_20032,46,0,0,1782339364.6498337
557,MVI_20032,46,1,0,1782339364.682949
558,MVI_20032,46,2,0,1782339364.7223718
559,MVI_20032,46,3,0,1782339364.7623584
560,MVI_20032,47,0,0,1782339364.8102336
561,MVI_20032,47,1,0,1782339364.8423417
562,MVI_20032,47,2,0,1782339364.8824387
563,MVI_20032,47,3,0,1782339364.9224448
564,MVI_20032,48,0,0,1782339364.9721832
565,MVI_20032,48,1,0,1782339365.002437
566,MVI_20032,48,2,0,1782339365.0423493
567,MVI_20032,48,3,0,1782339365.0825326
568,MVI_20032,49,0,0,1782339365.133576
569,MVI_20032,49,1,0,1782339365.16247
570,MVI_20032,49,2,0,1782339365.202323
571,MVI_20032,49,3,0,1782339365.242351
572,MVI_20032,50,0,0,1782339365.2900283
573,MVI_20032,50,1,0,1782339365.3224418
574,MVI_20032,50,2,0,1782339365.362473
575,MVI_20032,50,3,0,1782339365.402466
576,MVI_20033,1,0,0,1782339365.4918656
577,MVI_20033,1,1,0,1782339365.491879
578,MVI_20033,1,2,0,1782339365.5223906
579,MVI_20033,1,3,0,1782339365.5623808
580,MVI_20033,2,0,0,1782339365.6094315
581,MVI_20033,2,1,0,1782339365.6423497
582,MVI_20033,2,2,0,1782339365.6823318
583,MVI_20033,2,3,0,1782339365.722506
584,MVI_20033,3,0,0,1782339365.7705188
585,MVI_20033,3,1,0,1782339365.802338
586,MVI_20033,3,2,0,1782339365.8423605
587,MVI_20033,3,3,0,1782339365.8824427
588,MVI_20033,4,0,0,1782339365.9305398
589,MVI_20033,4,1,0,1782339365.9624658
590,MVI_20033,4,2,0,1782339366.0024414
591,MVI_20033,4,3,0,1782339366.0424335
592,MVI_20033,5,0,0,1782339366.0894666
593,MVI_20033,5,1,0,1782339366.1224449
594,MVI_20033,5,2,0,1782339366.1624756
595,MVI_20033,5,3,0,1782339366.2024586
596,MVI_20033,6,0,0,1782339366.2500343
597,MVI_20033,6,1,0,1782339366.2823696
598,MVI_20033,6,2,0,1782339366.322876
599,MVI_20033,6,3,0,1782339366.3624432
600,MVI_20033,7,0,0,1782339366.4103844
601,MVI_20033,7,1,0,1782339366.4423234
602,MVI_20033,7,2,0,1782339366.4823427
603,MVI_20033,7,3,0,1782339366.5225174
604,MVI_20033,7,4,1,1782339366.5623507
605,MVI_20033,8,0,0,1782339366.6122727
606,MVI_20033,8,1,0,1782339366.6423576
607,MVI_20033,8,2,0,1782339366.6824775
608,MVI_20033,8,3,0,1782339366.7223423
609,MVI_20033,8,4,1,1782339366.7624342
610,MVI_20033,9,0,0,1782339366.8098018
611,MVI_20033,9,1,0,1782339366.8424442
612,MVI_20033,9,2,0,1782339366.8823216
613,MVI_20033,9,3,0,1782339366.9224713
614,MVI_20033,9,4,1,1782339366.9624515
615,MVI_20033,10,0,0,1782339367.0147948
616,MVI_20033,10,1,0,1782339367.0423293
617,MVI_20033,10,2,0,1782339367.0824182
618,MVI_20033,10,3,0,1782339367.1226623
619,MVI_20033,10,4,1,1782339367.1625082
620,MVI_20033,11,0,0,1782339367.2104998
621,MVI_20033,11,1,0,1782339367.2424777
622,MVI_20033,11,2,0,1782339367.282451
623,MVI_20033,11,3,0,1782339367.3224869
624,MVI_20033,11,4,1,1782339367.3623617
625,MVI_20033,12,0,0,1782339367.4143865
626,MVI_20033,12,1,0,1782339367.4424553
627,MVI_20033,12,2,0,1782339367.482404
628,MVI_20033,12,3,0,1782339367.5224164
629,MVI_20033,12,4,1,1782339367.5623024
630,MVI_20033,13,0,0,1782339367.6140494
631,MVI_20033,13,1,0,1782339367.6431448
632,MVI_20033,13,2,0,1782339367.6824613
633,MVI_20033,13,3,0,1782339367.7224543
634,MVI_20033,13,4,1,1782339367.7625008
635,MVI_20033,14,0,0,1782339367.8154254
636,MVI_20033,14,1,0,1782339367.8423476
637,MVI_20033,14,2,0,1782339367.8824663
638,MVI_20033,14,3,0,1782339367.922384
639,MVI_20033,14,4,1,1782339367.9623818
640,MVI_20033,15,0,0,1782339368.0132499
641,MVI_20033,15,1,0,1782339368.0424623
642,MVI_20033,15,2,0,1782339368.0824156
643,MVI_20033,15,3,0,1782339368.1224492
644,MVI_20033,15,4,1,1782339368.162319
645,MVI_20033,16,0,0,1782339368.210638
646,MVI_20033,16,1,0,1782339368.2425692
647,MVI_20033,16,2,0,1782339368.2823496
648,MVI_20033,16,3,0,1782339368.3224535
649,MVI_20033,16,4,1,1782339368.3626616
650,MVI_20033,17,0,0,1782339368.4154541
651,MVI_20033,17,1,0,1782339368.4423273
652,MVI_20033,17,2,0,1782339368.4824793
653,MVI_20033,17,3,0,1782339368.522516
654,MVI_20033,17,4,1,1782339368.5624342
655,MVI_20033,18,0,0,1782339368.6137707
656,MVI_20033,18,1,0,1782339368.642359
657,MVI_20033,18,2,0,1782339368.682862
658,MVI_20033,18,3,0,1782339368.722481
659,MVI_20033,18,4,1,1782339368.7629137
660,MVI_20033,19,0,0,1782339368.8108923
661,MVI_20033,19,1,0,1782339368.842483
662,MVI_20033,19,2,0,1782339368.8828392
663,MVI_20033,19,3,0,1782339368.9224217
664,MVI_20033,19,4,1,1782339368.9623182
665,MVI_20033,20,0,0,1782339369.0100389
666,MVI_20033,20,1,0,1782339369.0426598
667,MVI_20033,20,2,0,1782339369.0825567
668,MVI_20033,20,3,0,1782339369.122355
669,MVI_20033,20,4,1,1782339369.1623495
670,MVI_20033,21,0,0,1782339369.2144651
671,MVI_20033,21,1,0,1782339369.2425091
672,MVI_20033,21,2,0,1782339369.2823532
673,MVI_20033,21,3,0,1782339369.3229032
674,MVI_20033,21,4,1,1782339369.3624618
675,MVI_20033,22,0,0,1782339369.413277
676,MVI_20033,22,1,0,1782339369.442362
677,MVI_20033,22,2,0,1782339369.4824603
678,MVI_20033,22,3,0,1782339369.5228906
679,MVI_20033,22,4,1,1782339369.5630958
680,MVI_20033,23,0,0,1782339369.6131039
681,MVI_20033,23,1,0,1782339369.6425126
682,MVI_20033,23,2,0,1782339369.6824367
683,MVI_20033,23,3,0,1782339369.722487
684,MVI_20033,23,4,1,1782339369.7623558
685,MVI_20033,24,0,0,1782339369.815154
686,MVI_20033,24,1,0,1782339369.8429441
687,MVI_20033,24,2,0,1782339369.8823888
688,MVI_20033,24,3,0,1782339369.922437
689,MVI_20033,24,4,1,1782339369.9624763
690,MVI_20033,25,0,0,1782339370.0129805
691,MVI_20033,25,1,0,1782339370.042323
692,MVI_20033,25,2,0,1782339370.082306
693,MVI_20033,25,3,0,1782339370.1223884
694,MVI_20033,25,4,1,1782339370.1623871
695,MVI_20033,26,0,0,1782339370.2111866
696,MVI_20033,26,1,0,1782339370.2423685
697,MVI_20033,26,2,0,1782339370.2825332
698,MVI_20033,26,3,0,1782339370.3224852
699,MVI_20033,26,4,1,1782339370.362396
700,MVI_20033,27,0,0,1782339370.414196
701,MVI_20033,27,1,0,1782339370.4428432
702,MVI_20033,27,2,0,1782339370.4824517
703,MVI_20033,27,3,0,1782339370.523308
704,MVI_20033,27,4,1,1782339370.5624642
705,MVI_20033,28,0,0,1782339370.6158159
706,MVI_20033,28,1,0,1782339370.6423407
707,MVI_20033,28,2,0,1782339370.6823509
708,MVI_20033,28,3,0,1782339370.7224712
709,MVI_20033,28,4,1,1782339370.7624488
710,MVI_20033,29,0,0,1782339370.813528
711,MVI_20033,29,1,0,1782339370.8423665
712,MVI_20033,29,2,0,1782339370.8823552
713,MVI_20033,29,3,0,1782339370.9224436
714,MVI_20033,29,4,1,1782339370.9623344
715,MVI_20033,30,0,0,1782339371.0142758
716,MVI_20033,30,1,0,1782339371.042389
717,MVI_20033,30,2,0,1782339371.0824327
718,MVI_20033,30,3,0,1782339371.122351
719,MVI_20033,30,4,1,1782339371.162457
720,MVI_20033,31,0,0,1782339371.2112963
721,MVI_20033,31,1,0,1782339371.2424388
722,MVI_20033,31,2,0,1782339371.2824605
723,MVI_20033,31,3,0,1782339371.3224168
724,MVI_20033,31,4,1,1782339371.3624218
725,MVI_20033,32,0,0,1782339371.4125237
726,MVI_20033,32,1,0,1782339371.442431
727,MVI_20033,32,2,0,1782339371.482509
728,MVI_20033,32,3,0,1782339371.5223522
729,MVI_20033,32,4,1,1782339371.5623357
730,MVI_20033,33,0,0,1782339371.6148984
731,MVI_20033,33,1,0,1782339371.6424842
732,MVI_20033,33,2,0,1782339371.6825573
733,MVI_20033,33,3,0,1782339371.7226233
734,MVI_20033,33,4,1,1782339371.7623625
735,MVI_20033,34,0,0,1782339371.81421
736,MVI_20033,34,1,0,1782339371.8431525
737,MVI_20033,34,2,0,1782339371.8828828
738,MVI_20033,34,3,0,1782339371.9229007
739,MVI_20033,34,4,1,1782339371.962405
740,MVI_20033,35,0,0,1782339372.0140116
741,MVI_20033,35,1,0,1782339372.0423312
742,MVI_20033,35,2,0,1782339372.0824153
743,MVI_20033,35,3,0,1782339372.1224747
744,MVI_20033,35,4,1,1782339372.1624029
745,MVI_20033,36,0,0,1782339372.2129858
746,MVI_20033,36,1,0,1782339372.2428539
747,MVI_20033,36,2,0,1782339372.2823274
748,MVI_20033,36,3,0,1782339372.322323
749,MVI_20033,36,4,1,1782339372.3624783
750,MVI_20033,37,0,0,1782339372.4139092
751,MVI_20033,37,1,0,1782339372.4424243
752,MVI_20033,37,2,0,1782339372.4823606
753,MVI_20033,37,3,0,1782339372.522333
754,MVI_20033,37,4,1,1782339372.5624442
755,MVI_20033,38,0,0,1782339372.6117845
756,MVI_20033,38,1,0,1782339372.6424913
757,MVI_20033,38,2,0,1782339372.6826632
758,MVI_20033,38,3,0,1782339372.7225897
759,MVI_20033,38,4,1,1782339372.762352
760,MVI_20033,39,0,0,1782339372.8135898
761,MVI_20033,39,1,0,1782339372.842546
762,MVI_20033,39,2,0,1782339372.8823488
763,MVI_20033,39,3,0,1782339372.922535
764,MVI_20033,39,4,1,1782339372.962485
765,MVI_20033,40,0,0,1782339373.012617
766,MVI_20033,40,1,0,1782339373.0429637
767,MVI_20033,40,2,0,1782339373.0828586
768,MVI_20033,40,3,0,1782339373.1223612
769,MVI_20033,40,4,1,1782339373.1623683
770,MVI_20033,41,0,0,1782339373.2135496
771,MVI_20033,41,1,0,1782339373.2429686
772,MVI_20033,41,2,0,1782339373.2826195
773,MVI_20033,41,3,0,1782339373.3225136
774,MVI_20033,41,4,1,1782339373.3623612
775,MVI_20033,42,0,0,1782339373.4114678
776,MVI_20033,42,1,0,1782339373.442467
777,MVI_20033,42,2,0,1782339373.4828448
778,MVI_20033,42,3,0,1782339373.522357
779,MVI_20033,42,4,1,1782339373.5624769
780,MVI_20033,43,0,0,1782339373.614986
781,MVI_20033,43,1,0,1782339373.6424267
782,MVI_20033,43,2,0,1782339373.6824446
783,MVI_20033,43,3,0,1782339373.7226696
784,MVI_20033,43,4,1,1782339373.762615
785,MVI_20033,44,0,0,1782339373.8119314
786,MVI_20033,44,1,0,1782339373.8430712
787,MVI_20033,44,2,0,1782339373.882454
788,MVI_20033,44,3,0,1782339373.922468
789,MVI_20033,44,4,1,1782339373.9623473
790,MVI_20033,45,0,0,1782339374.0104392
791,MVI_20033,45,1,0,1782339374.0423229
792,MVI_20033,45,2,0,1782339374.0824351
793,MVI_20033,45,3,0,1782339374.1225212
794,MVI_20033,45,4,1,1782339374.162897
795,MVI_20033,46,0,0,1782339374.2119303
796,MVI_20033,46,1,0,1782339374.2424142
797,MVI_20033,46,2,0,1782339374.2823372
798,MVI_20033,46,3,0,1782339374.3223612
799,MVI_20033,46,4,1,1782339374.3629286
800,MVI_20033,47,0,0,1782339374.414017
801,MVI_20033,47,1,0,1782339374.4424212
802,MVI_20033,47,2,0,1782339374.4824798
803,MVI_20033,47,3,0,1782339374.5224564
804,MVI_20033,47,4,1,1782339374.5624166
805,MVI_20033,48,0,0,1782339374.6128943
806,MVI_20033,48,1,0,1782339374.642424
807,MVI_20033,48,2,0,1782339374.6823509
808,MVI_20033,48,3,0,1782339374.7224867
809,MVI_20033,48,4,1,1782339374.7629862
810,MVI_20033,49,0,0,1782339374.8137612
811,MVI_20033,49,1,0,1782339374.8425848
812,MVI_20033,49,2,0,1782339374.8824902
813,MVI_20033,49,3,0,1782339374.922583
814,MVI_20033,49,4,1,1782339374.9624758
815,MVI_20033,49,5,0,1782339375.0024753
816,MVI_20033,49,6,0,1782339375.0424616
817,MVI_20033,50,0,0,1782339375.0938292
818,MVI_20033,50,1,0,1782339375.1223166
819,MVI_20033,50,2,0,1782339375.162886
820,MVI_20033,50,3,0,1782339375.2023358
821,MVI_20033,50,4,1,1782339375.2423966
822,MVI_20033,50,5,0,1782339375.2823095
823,MVI_20033,50,6,0,1782339375.3223386
824,MVI_20034,1,0,0,1782339375.4758515
825,MVI_20034,1,1,0,1782339375.4758656
826,MVI_20034,1,2,0,1782339375.4758751
827,MVI_20034,1,3,0,1782339375.482254
828,MVI_20034,1,4,2,1782339375.5223126
829,MVI_20034,2,0,0,1782339375.5730243
830,MVI_20034,2,1,0,1782339375.602327
831,MVI_20034,2,2,0,1782339375.642459
832,MVI_20034,2,3,0,1782339375.682326
833,MVI_20034,2,4,2,1782339375.7224927
834,MVI_20034,3,0,0,1782339375.770606
835,MVI_20034,3,1,0,1782339375.802405
836,MVI_20034,3,2,0,1782339375.842402
837,MVI_20034,3,3,0,1782339375.882408
838,MVI_20034,3,4,2,1782339375.9224775
839,MVI_20034,4,0,0,1782339375.972977
840,MVI_20034,4,1,0,1782339376.0024593
841,MVI_20034,4,2,0,1782339376.042451
842,MVI_20034,4,3,0,1782339376.082388
843,MVI_20034,4,4,2,1782339376.1224196
844,MVI_20034,5,0,0,1782339376.1713195
845,MVI_20034,5,1,0,1782339376.2023678
846,MVI_20034,5,2,0,1782339376.24235
847,MVI_20034,5,3,0,1782339376.282347
848,MVI_20034,5,4,2,1782339376.322357
849,MVI_20034,6,0,0,1782339376.373297
850,MVI_20034,6,1,0,1782339376.4023204
851,MVI_20034,6,2,0,1782339376.4424546
852,MVI_20034,6,3,0,1782339376.4824457
853,MVI_20034,6,4,2,1782339376.5224469
854,MVI_20034,7,0,0,1782339376.571921
855,MVI_20034,7,1,0,1782339376.602455
856,MVI_20034,7,2,0,1782339376.642523
857,MVI_20034,7,3,0,1782339376.6826506
858,MVI_20034,7,4,2,1782339376.722567
859,MVI_20034,8,0,0,1782339376.7742918
860,MVI_20034,8,1,0,1782339376.8023102
861,MVI_20034,8,2,0,1782339376.8423455
862,MVI_20034,8,3,0,1782339376.882481
863,MVI_20034,8,4,2,1782339376.9224699
864,MVI_20034,9,0,0,1782339376.9717753
865,MVI_20034,9,1,0,1782339377.0024142
866,MVI_20034,9,2,0,1782339377.0425038
867,MVI_20034,9,3,0,1782339377.0823586
868,MVI_20034,9,4,2,1782339377.1230073
869,MVI_20034,10,0,0,1782339377.1700907
870,MVI_20034,10,1,0,1782339377.2024345
871,MVI_20034,10,2,0,1782339377.2425928
872,MVI_20034,10,3,0,1782339377.2824566
873,MVI_20034,10,4,2,1782339377.3224597
874,MVI_20034,11,0,0,1782339377.3730855
875,MVI_20034,11,1,0,1782339377.4024513
876,MVI_20034,11,2,0,1782339377.4424133
877,MVI_20034,11,3,0,1782339377.4824505
878,MVI_20034,11,4,2,1782339377.5224917
879,MVI_20034,12,0,0,1782339377.5709267
880,MVI_20034,12,1,0,1782339377.6024308
881,MVI_20034,12,2,0,1782339377.6424663
882,MVI_20034,12,3,0,1782339377.6823387
883,MVI_20034,12,4,2,1782339377.722456
884,MVI_20034,13,0,0,1782339377.7740667
885,MVI_20034,13,1,0,1782339377.8024445
886,MVI_20034,13,2,0,1782339377.84246
887,MVI_20034,13,3,0,1782339377.882455
888,MVI_20034,13,4,2,1782339377.9223485
889,MVI_20034,14,0,0,1782339377.9741566
890,MVI_20034,14,1,0,1782339378.0024848
891,MVI_20034,14,2,0,1782339378.0424337
892,MVI_20034,14,3,0,1782339378.0824645
893,MVI_20034,14,4,2,1782339378.1223447
894,MVI_20034,15,0,0,1782339378.172947
895,MVI_20034,15,1,0,1782339378.2024417
896,MVI_20034,15,2,0,1782339378.242502
897,MVI_20034,15,3,0,1782339378.282413
898,MVI_20034,15,4,2,1782339378.3223138
899,MVI_20034,16,0,0,1782339378.3722737
900,MVI_20034,16,1,0,1782339378.4029765
901,MVI_20034,16,2,0,1782339378.4424655
902,MVI_20034,16,3,0,1782339378.4824727
903,MVI_20034,16,4,2,1782339378.5223262
904,MVI_20034,17,0,0,1782339378.5734866
905,MVI_20034,17,1,0,1782339378.602539
906,MVI_20034,17,2,0,1782339378.642355
907,MVI_20034,17,3,0,1782339378.6824496
908,MVI_20034,17,4,2,1782339378.7223306
909,MVI_20034,18,0,0,1782339378.771221
910,MVI_20034,18,1,0,1782339378.802385
911,MVI_20034,18,2,0,1782339378.8429835
912,MVI_20034,18,3,0,1782339378.8824234
913,MVI_20034,18,4,2,1782339378.922368
914,MVI_20034,19,0,0,1782339378.9754817
915,MVI_20034,19,1,0,1782339379.0023334
916,MVI_20034,19,2,0,1782339379.0424511
917,MVI_20034,19,3,0,1782339379.0824428
918,MVI_20034,19,4,0,1782339379.1223795
919,MVI_20034,19,5,2,1782339379.1624455
920,MVI_20034,20,0,0,1782339379.2107313
921,MVI_20034,20,1,0,1782339379.2424004
922,MVI_20034,20,2,0,1782339379.2824771
923,MVI_20034,20,3,0,1782339379.3223703
924,MVI_20034,20,4,0,1782339379.3624463
925,MVI_20034,20,5,2,1782339379.4024546
926,MVI_20034,21,0,0,1782339379.4507148
927,MVI_20034,21,1,0,1782339379.4824615
928,MVI_20034,21,2,0,1782339379.5224648
929,MVI_20034,21,3,0,1782339379.5623329
930,MVI_20034,21,4,0,1782339379.602317
931,MVI_20034,21,5,2,1782339379.6423588
932,MVI_20034,22,0,0,1782339379.6907232
933,MVI_20034,22,1,0,1782339379.7223248
934,MVI_20034,22,2,0,1782339379.7625415
935,MVI_20034,22,3,0,1782339379.802371
936,MVI_20034,22,4,0,1782339379.8423758
937,MVI_20034,22,5,2,1782339379.88245
938,MVI_20034,23,0,0,1782339379.9356883
939,MVI_20034,23,1,0,1782339379.9623263
940,MVI_20034,23,2,0,1782339380.0024498
941,MVI_20034,23,3,0,1782339380.0423865
942,MVI_20034,23,4,0,1782339380.0822902
943,MVI_20034,23,5,2,1782339380.122388
944,MVI_20034,24,0,0,1782339380.1714478
945,MVI_20034,24,1,0,1782339380.202542
946,MVI_20034,24,2,0,1782339380.2427866
947,MVI_20034,24,3,0,1782339380.2825475
948,MVI_20034,24,4,0,1782339380.322295
949,MVI_20034,24,5,2,1782339380.3623667
950,MVI_20034,25,0,0,1782339380.410255
951,MVI_20034,25,1,0,1782339380.4423337
952,MVI_20034,25,2,0,1782339380.4823337
953,MVI_20034,25,3,0,1782339380.5224242
954,MVI_20034,25,4,0,1782339380.5623238
955,MVI_20034,25,5,2,1782339380.6023738
956,MVI_20034,26,0,0,1782339380.6503305
957,MVI_20034,26,1,0,1782339380.6823533
958,MVI_20034,26,2,0,1782339380.722411
959,MVI_20034,26,3,0,1782339380.7623842
960,MVI_20034,26,4,0,1782339380.8023634
961,MVI_20034,26,5,2,1782339380.8423157
962,MVI_20034,27,0,0,1782339380.8924716
963,MVI_20034,27,1,0,1782339380.92245
964,MVI_20034,27,2,0,1782339380.962506
965,MVI_20034,27,3,0,1782339381.002354
966,MVI_20034,27,4,0,1782339381.0423937
967,MVI_20034,27,5,2,1782339381.0824506
968,MVI_20034,28,0,0,1782339381.1329641
969,MVI_20034,28,1,0,1782339381.1624696
970,MVI_20034,28,2,0,1782339381.2023954
971,MVI_20034,28,3,0,1782339381.2423513
972,MVI_20034,28,4,0,1782339381.2824445
973,MVI_20034,28,5,2,1782339381.322387
974,MVI_20034,29,0,0,1782339381.3717253
975,MVI_20034,29,1,0,1782339381.4023268
976,MVI_20034,29,2,0,1782339381.442462
977,MVI_20034,29,3,0,1782339381.4825273
978,MVI_20034,29,4,0,1782339381.522431
979,MVI_20034,29,5,2,1782339381.5624754
980,MVI_20034,30,0,0,1782339381.6102686
981,MVI_20034,30,1,0,1782339381.6424127
982,MVI_20034,30,2,0,1782339381.6824408
983,MVI_20034,30,3,0,1782339381.7225726
984,MVI_20034,30,4,0,1782339381.7624612
985,MVI_20034,30,5,2,1782339381.802352
986,MVI_20034,31,0,0,1782339381.8509574
987,MVI_20034,31,1,0,1782339381.8824575
988,MVI_20034,31,2,0,1782339381.9223568
989,MVI_20034,31,3,0,1782339381.9623604
990,MVI_20034,31,4,0,1782339382.0023267
991,MVI_20034,31,5,2,1782339382.04239
992,MVI_20034,32,0,0,1782339382.0898604
993,MVI_20034,32,1,0,1782339382.1223388
994,MVI_20034,32,2,0,1782339382.1624773
995,MVI_20034,32,3,0,1782339382.202398
996,MVI_20034,32,4,2,1782339382.2422993
997,MVI_20034,33,0,0,1782339382.2901144
998,MVI_20034,33,1,0,1782339382.322329
999,MVI_20034,33,2,0,1782339382.3623207
1000,MVI_20034,33,3,0,1782339382.4024527
1001,MVI_20034,33,4,2,1782339382.4428556
1002,MVI_20034,34,0,0,1782339382.4916553
1003,MVI_20034,34,1,0,1782339382.5223892
1004,MVI_20034,34,2,0,1782339382.5624433
1005,MVI_20034,34,3,0,1782339382.6024601
1006,MVI_20034,34,4,2,1782339382.6424212
1007,MVI_20034,35,0,0,1782339382.6916003
1008,MVI_20034,35,1,0,1782339382.7223203
1009,MVI_20034,35,2,0,1782339382.7623475
1010,MVI_20034,35,3,0,1782339382.8023765
1011,MVI_20034,35,4,2,1782339382.8424428
1012,MVI_20034,36,0,0,1782339382.8905108
1013,MVI_20034,36,1,0,1782339382.9224055
1014,MVI_20034,36,2,0,1782339382.9624534
1015,MVI_20034,36,3,0,1782339383.0023866
1016,MVI_20034,36,4,2,1782339383.0424592
1017,MVI_20034,37,0,0,1782339383.0902708
1018,MVI_20034,37,1,0,1782339383.1223857
1019,MVI_20034,37,2,0,1782339383.162405
1020,MVI_20034,37,3,0,1782339383.2024357
1021,MVI_20034,37,4,2,1782339383.24232
1022,MVI_20034,38,0,0,1782339383.2941043
1023,MVI_20034,38,1,0,1782339383.3223908
1024,MVI_20034,38,2,0,1782339383.3623464
1025,MVI_20034,38,3,0,1782339383.402326
1026,MVI_20034,38,4,2,1782339383.4423103
1027,MVI_20034,39,0,0,1782339383.4889495
1028,MVI_20034,39,1,0,1782339383.5223527
1029,MVI_20034,39,2,0,1782339383.5623467
1030,MVI_20034,39,3,0,1782339383.6024456
1031,MVI_20034,39,4,2,1782339383.6423495
1032,MVI_20034,40,0,0,1782339383.6908631
1033,MVI_20034,40,1,0,1782339383.7226388
1034,MVI_20034,40,2,0,1782339383.7624521
1035,MVI_20034,40,3,0,1782339383.8024085
1036,MVI_20034,40,4,2,1782339383.842339
1037,MVI_20034,41,0,0,1782339383.8911653
1038,MVI_20034,41,1,0,1782339383.9223435
1039,MVI_20034,41,2,0,1782339383.9623706
1040,MVI_20034,41,3,0,1782339384.0024054
1041,MVI_20034,41,4,2,1782339384.0423307
1042,MVI_20034,42,0,0,1782339384.0901256
1043,MVI_20034,42,1,0,1782339384.1224508
1044,MVI_20034,42,2,0,1782339384.1624537
1045,MVI_20034,42,3,0,1782339384.2025435
1046,MVI_20034,42,4,2,1782339384.2423599
1047,MVI_20034,43,0,0,1782339384.292273
1048,MVI_20034,43,1,0,1782339384.322433
1049,MVI_20034,43,2,0,1782339384.362495
1050,MVI_20034,43,3,0,1782339384.4024618
1051,MVI_20034,43,4,2,1782339384.442312
1052,MVI_20034,44,0,0,1782339384.490694
1053,MVI_20034,44,1,0,1782339384.522322
1054,MVI_20034,44,2,0,1782339384.562362
1055,MVI_20034,44,3,0,1782339384.6025536
1056,MVI_20034,44,4,2,1782339384.6425197
1057,MVI_20034,45,0,0,1782339384.6926208
1058,MVI_20034,45,1,0,1782339384.722367
1059,MVI_20034,45,2,0,1782339384.7624483
1060,MVI_20034,45,3,0,1782339384.802608
1061,MVI_20034,45,4,2,1782339384.8424547
1062,MVI_20034,46,0,0,1782339384.8900957
1063,MVI_20034,46,1,0,1782339384.9224093
1064,MVI_20034,46,2,0,1782339384.962386
1065,MVI_20034,46,3,0,1782339385.0024981
1066,MVI_20034,46,4,2,1782339385.0424433
1067,MVI_20034,47,0,0,1782339385.089398
1068,MVI_20034,47,1,0,1782339385.1223516
1069,MVI_20034,47,2,0,1782339385.1625168
1070,MVI_20034,47,3,0,1782339385.2023547
1071,MVI_20034,47,4,2,1782339385.2423894
1072,MVI_20034,48,0,0,1782339385.2908115
1073,MVI_20034,48,1,0,1782339385.3223662
1074,MVI_20034,48,2,0,1782339385.3624527
1075,MVI_20034,48,3,0,1782339385.4023545
1076,MVI_20034,48,4,2,1782339385.4426343
1077,MVI_20034,49,0,0,1782339385.490086
1078,MVI_20034,49,1,0,1782339385.5225265
1079,MVI_20034,49,2,0,1782339385.562305
1080,MVI_20034,49,3,0,1782339385.6023514
1081,MVI_20034,49,4,2,1782339385.6423762
1082,MVI_20034,50,0,0,1782339385.690822
1083,MVI_20034,50,1,0,1782339385.7223055
1084,MVI_20034,50,2,0,1782339385.7623472
1085,MVI_20034,50,3,0,1782339385.802316
1086,MVI_20034,50,4,2,1782339385.8424351
1087,MVI_20035,1,0,0,1782339386.0019784
1088,MVI_20035,1,1,0,1782339386.0019922
1089,MVI_20035,1,2,0,1782339386.002001
1090,MVI_20035,1,3,0,1782339386.0021713
1091,MVI_20035,1,4,0,1782339386.0423596
1092,MVI_20035,1,5,0,1782339386.0822682
1093,MVI_20035,1,6,0,1782339386.122464
1094,MVI_20035,1,7,0,1782339386.1623416
1095,MVI_20035,1,8,0,1782339386.202289
1096,MVI_20035,1,9,0,1782339386.242368
1097,MVI_20035,1,10,0,1782339386.282602
1098,MVI_20035,1,11,0,1782339386.3223443
1099,MVI_20035,2,0,0,1782339386.3744738
1100,MVI_20035,2,1,0,1782339386.402523
1101,MVI_20035,2,2,0,1782339386.4424143
1102,MVI_20035,2,3,0,1782339386.482348
1103,MVI_20035,2,4,0,1782339386.522333
1104,MVI_20035,2,5,1,1782339386.5624807
1105,MVI_20035,2,6,0,1782339386.6023505
1106,MVI_20035,2,7,0,1782339386.6423528
1107,MVI_20035,2,8,0,1782339386.6823235
1108,MVI_20035,2,9,0,1782339386.722327
1109,MVI_20035,2,10,0,1782339386.7625618
1110,MVI_20035,2,11,0,1782339386.8024774
1111,MVI_20035,2,12,0,1782339386.842317
1112,MVI_20035,3,0,0,1782339386.8902147
1113,MVI_20035,3,1,0,1782339386.9223027
1114,MVI_20035,3,2,0,1782339386.9625866
1115,MVI_20035,3,3,0,1782339387.0023842
1116,MVI_20035,3,4,0,1782339387.0422964
1117,MVI_20035,3,5,1,1782339387.082386
1118,MVI_20035,3,6,0,1782339387.1223462
1119,MVI_20035,3,7,0,1782339387.1625643
1120,MVI_20035,3,8,0,1782339387.20229
1121,MVI_20035,3,9,0,1782339387.2423196
1122,MVI_20035,3,10,0,1782339387.2824852
1123,MVI_20035,3,11,0,1782339387.3228557
1124,MVI_20035,3,12,0,1782339387.3623903
1125,MVI_20035,4,0,0,1782339387.4112551
1126,MVI_20035,4,1,0,1782339387.4423993
1127,MVI_20035,4,2,0,1782339387.4823506
1128,MVI_20035,4,3,0,1782339387.522348
1129,MVI_20035,4,4,0,1782339387.5623875
1130,MVI_20035,4,5,1,1782339387.602386
1131,MVI_20035,4,6,0,1782339387.6423697
1132,MVI_20035,4,7,0,1782339387.682399
1133,MVI_20035,4,8,0,1782339387.722392
1134,MVI_20035,4,9,0,1782339387.7624133
1135,MVI_20035,4,10,0,1782339387.8023329
1136,MVI_20035,4,11,0,1782339387.842369
1137,MVI_20035,4,12,0,1782339387.8824737
1138,MVI_20035,5,0,0,1782339387.932082
1139,MVI_20035,5,1,0,1782339387.9623032
1140,MVI_20035,5,2,0,1782339388.0023909
1141,MVI_20035,5,3,0,1782339388.0423253
1142,MVI_20035,5,4,0,1782339388.08251
1143,MVI_20035,5,5,1,1782339388.1223555
1144,MVI_20035,5,6,0,1782339388.1623628
1145,MVI_20035,5,7,0,1782339388.2023537
1146,MVI_20035,5,8,0,1782339388.2423613
1147,MVI_20035,5,9,0,1782339388.2823381
1148,MVI_20035,5,10,0,1782339388.3223412
1149,MVI_20035,5,11,0,1782339388.3623848
1150,MVI_20035,5,12,0,1782339388.4023523
1151,MVI_20035,6,0,0,1782339388.450507
1152,MVI_20035,6,1,0,1782339388.4823463
1153,MVI_20035,6,2,0,1782339388.5222983
1154,MVI_20035,6,3,0,1782339388.562317
1155,MVI_20035,6,4,0,1782339388.6023903
1156,MVI_20035,6,5,1,1782339388.642389
1157,MVI_20035,6,6,0,1782339388.6824033
1158,MVI_20035,6,7,0,1782339388.722388
1159,MVI_20035,6,8,0,1782339388.7623956
1160,MVI_20035,6,9,0,1782339388.8023858
1161,MVI_20035,6,10,0,1782339388.8423417
1162,MVI_20035,6,11,0,1782339388.8824677
1163,MVI_20035,6,12,0,1782339388.9224768
1164,MVI_20035,7,0,0,1782339388.9749339
1165,MVI_20035,7,1,0,1782339389.0024986
1166,MVI_20035,7,2,0,1782339389.0423539
1167,MVI_20035,7,3,0,1782339389.0823028
1168,MVI_20035,7,4,0,1782339389.122306
1169,MVI_20035,7,5,1,1782339389.1623585
1170,MVI_20035,7,6,0,1782339389.2023432
1171,MVI_20035,7,7,0,1782339389.2424107
1172,MVI_20035,7,8,0,1782339389.282347
1173,MVI_20035,7,9,0,1782339389.3223479
1174,MVI_20035,7,10,0,1782339389.3623793
1175,MVI_20035,7,11,0,1782339389.4023652
1176,MVI_20035,7,12,0,1782339389.4423466
1177,MVI_20035,8,0,0,1782339389.4917393
1178,MVI_20035,8,1,0,1782339389.5223496
1179,MVI_20035,8,2,0,1782339389.562406
1180,MVI_20035,8,3,0,1782339389.6023543
1181,MVI_20035,8,4,0,1782339389.642355
1182,MVI_20035,8,5,1,1782339389.6824722
1183,MVI_20035,8,6,0,1782339389.722357
1184,MVI_20035,8,7,0,1782339389.7623537
1185,MVI_20035,8,8,0,1782339389.8025033
1186,MVI_20035,8,9,0,1782339389.842391
1187,MVI_20035,8,10,0,1782339389.8823624
1188,MVI_20035,8,11,0,1782339389.9223816
1189,MVI_20035,8,12,0,1782339389.9622993
1190,MVI_20035,9,0,0,1782339390.0121872
1191,MVI_20035,9,1,0,1782339390.0424476
1192,MVI_20035,9,2,0,1782339390.0823503
1193,MVI_20035,9,3,0,1782339390.1223564
1194,MVI_20035,9,4,0,1782339390.1623487
1195,MVI_20035,9,5,1,1782339390.202306
1196,MVI_20035,9,6,0,1782339390.24231
1197,MVI_20035,9,7,0,1782339390.2823439
1198,MVI_20035,9,8,0,1782339390.3223252
1199,MVI_20035,9,9,0,1782339390.3623104
1200,MVI_20035,9,10,0,1782339390.4025242
1201,MVI_20035,9,11,0,1782339390.4423509
1202,MVI_20035,9,12,0,1782339390.4825747
1203,MVI_20035,10,0,0,1782339390.5321853
1204,MVI_20035,10,1,0,1782339390.5623243
1205,MVI_20035,10,2,0,1782339390.6023166
1206,MVI_20035,10,3,0,1782339390.6423523
1207,MVI_20035,10,4,0,1782339390.6824331
1208,MVI_20035,10,5,1,1782339390.7223327
1209,MVI_20035,10,6,0,1782339390.762471
1210,MVI_20035,10,7,0,1782339390.802347
1211,MVI_20035,10,8,0,1782339390.8424268
1212,MVI_20035,10,9,0,1782339390.8823316
1213,MVI_20035,10,10,0,1782339390.9223154
1214,MVI_20035,10,11,0,1782339390.9623094
1215,MVI_20035,10,12,0,1782339391.002427
1216,MVI_20035,11,0,0,1782339391.0502892
1217,MVI_20035,11,1,0,1782339391.0823264
1218,MVI_20035,11,2,0,1782339391.1223109
1219,MVI_20035,11,3,0,1782339391.1623325
1220,MVI_20035,11,4,0,1782339391.2023385
1221,MVI_20035,11,5,1,1782339391.2423666
1222,MVI_20035,11,6,0,1782339391.2823017
1223,MVI_20035,11,7,0,1782339391.322377
1224,MVI_20035,11,8,0,1782339391.3624365
1225,MVI_20035,11,9,0,1782339391.4023943
1226,MVI_20035,11,10,0,1782339391.4422982
1227,MVI_20035,11,11,0,1782339391.482354
1228,MVI_20035,11,12,0,1782339391.5224686
1229,MVI_20035,12,0,0,1782339391.5748022
1230,MVI_20035,12,1,0,1782339391.6026418
1231,MVI_20035,12,2,0,1782339391.64248
1232,MVI_20035,12,3,0,1782339391.6824546
1233,MVI_20035,12,4,0,1782339391.7224295
1234,MVI_20035,12,5,1,1782339391.7623203
1235,MVI_20035,12,6,0,1782339391.8023427
1236,MVI_20035,12,7,0,1782339391.8423483
1237,MVI_20035,12,8,0,1782339391.882468
1238,MVI_20035,12,9,0,1782339391.9224272
1239,MVI_20035,12,10,0,1782339391.9624753
1240,MVI_20035,12,11,0,1782339392.002489
1241,MVI_20035,12,12,0,1782339392.04236
1242,MVI_20035,13,0,0,1782339392.0909116
1243,MVI_20035,13,1,0,1782339392.1224644
1244,MVI_20035,13,2,0,1782339392.1624372
1245,MVI_20035,13,3,0,1782339392.2024806
1246,MVI_20035,13,4,0,1782339392.2424865
1247,MVI_20035,13,5,1,1782339392.2824497
1248,MVI_20035,13,6,0,1782339392.32236
1249,MVI_20035,13,7,0,1782339392.3623083
1250,MVI_20035,13,8,0,1782339392.4023893
1251,MVI_20035,13,9,0,1782339392.4424806
1252,MVI_20035,13,10,0,1782339392.4823542
1253,MVI_20035,13,11,0,1782339392.5225654
1254,MVI_20035,13,12,0,1782339392.56234
1255,MVI_20035,14,0,0,1782339392.6113527
1256,MVI_20035,14,1,0,1782339392.6424894
1257,MVI_20035,14,2,0,1782339392.68258
1258,MVI_20035,14,3,0,1782339392.722404
1259,MVI_20035,14,4,1,1782339392.762357
1260,MVI_20035,14,5,0,1782339392.8024616
1261,MVI_20035,14,6,0,1782339392.8424082
1262,MVI_20035,14,7,0,1782339392.882476
1263,MVI_20035,14,8,0,1782339392.922532
1264,MVI_20035,14,9,0,1782339392.9624782
1265,MVI_20035,14,10,0,1782339393.0025408
1266,MVI_20035,14,11,0,1782339393.0424743
1267,MVI_20035,15,0,0,1782339393.0924764
1268,MVI_20035,15,1,0,1782339393.122479
1269,MVI_20035,15,2,0,1782339393.162386
1270,MVI_20035,15,3,0,1782339393.202473
1271,MVI_20035,15,4,1,1782339393.24252
1272,MVI_20035,15,5,0,1782339393.282354
1273,MVI_20035,15,6,0,1782339393.3227894
1274,MVI_20035,15,7,0,1782339393.3630211
1275,MVI_20035,15,8,0,1782339393.4025311
1276,MVI_20035,15,9,0,1782339393.4423587
1277,MVI_20035,15,10,0,1782339393.4823408
1278,MVI_20035,15,11,0,1782339393.522579
1279,MVI_20035,16,0,0,1782339393.571382
1280,MVI_20035,16,1,0,1782339393.6023564
1281,MVI_20035,16,2,0,1782339393.6425352
1282,MVI_20035,16,3,0,1782339393.6824777
1283,MVI_20035,16,4,1,1782339393.7224689
1284,MVI_20035,16,5,0,1782339393.7624154
1285,MVI_20035,16,6,0,1782339393.8024726
1286,MVI_20035,16,7,0,1782339393.8424356
1287,MVI_20035,16,8,0,1782339393.8824677
1288,MVI_20035,16,9,0,1782339393.9224079
1289,MVI_20035,16,10,0,1782339393.962413
1290,MVI_20035,16,11,0,1782339394.0023482
1291,MVI_20035,17,0,0,1782339394.0508552
1292,MVI_20035,17,1,0,1782339394.0824153
1293,MVI_20035,17,2,0,1782339394.1224196
1294,MVI_20035,17,3,0,1782339394.1623695
1295,MVI_20035,17,4,1,1782339394.2024615
1296,MVI_20035,17,5,0,1782339394.2423668
1297,MVI_20035,17,6,0,1782339394.282371
1298,MVI_20035,17,7,0,1782339394.3224475
1299,MVI_20035,17,8,0,1782339394.3623579
1300,MVI_20035,17,9,0,1782339394.4024465
1301,MVI_20035,17,10,0,1782339394.4423707
1302,MVI_20035,17,11,0,1782339394.4823954
1303,MVI_20035,18,0,0,1782339394.534798
1304,MVI_20035,18,1,0,1782339394.5623918
1305,MVI_20035,18,2,0,1782339394.6024752
1306,MVI_20035,18,3,0,1782339394.6424768
1307,MVI_20035,18,4,1,1782339394.6824832
1308,MVI_20035,18,5,0,1782339394.7223547
1309,MVI_20035,18,6,0,1782339394.7626178
1310,MVI_20035,18,7,0,1782339394.802352
1311,MVI_20035,18,8,0,1782339394.8424418
1312,MVI_20035,18,9,0,1782339394.8824396
1313,MVI_20035,18,10,0,1782339394.9225194
1314,MVI_20035,18,11,0,1782339394.9623532
1315,MVI_20035,19,0,0,1782339395.0117776
1316,MVI_20035,19,1,0,1782339395.042437
1317,MVI_20035,19,2,0,1782339395.082328
1318,MVI_20035,19,3,0,1782339395.122547
1319,MVI_20035,19,4,1,1782339395.1624877
1320,MVI_20035,19,5,0,1782339395.202441
1321,MVI_20035,19,6,0,1782339395.2423518
1322,MVI_20035,19,7,0,1782339395.2824094
1323,MVI_20035,19,8,0,1782339395.3224862
1324,MVI_20035,19,9,0,1782339395.3623145
1325,MVI_20035,19,10,0,1782339395.4024653
1326,MVI_20035,19,11,0,1782339395.4423575
1327,MVI_20035,20,0,0,1782339395.4887831
1328,MVI_20035,20,1,0,1782339395.522527
1329,MVI_20035,20,2,0,1782339395.5623162
1330,MVI_20035,20,3,0,1782339395.602411
1331,MVI_20035,20,4,1,1782339395.6424067
1332,MVI_20035,20,5,0,1782339395.6823068
1333,MVI_20035,20,6,0,1782339395.7225444
1334,MVI_20035,20,7,0,1782339395.7624898
1335,MVI_20035,20,8,0,1782339395.8025382
1336,MVI_20035,20,9,0,1782339395.8424973
1337,MVI_20035,20,10,0,1782339395.882376
1338,MVI_20035,21,0,0,1782339395.9347768
1339,MVI_20035,21,1,0,1782339395.9623427
1340,MVI_20035,21,2,0,1782339396.0023513
1341,MVI_20035,21,3,0,1782339396.0424619
1342,MVI_20035,21,4,1,1782339396.082404
1343,MVI_20035,21,5,0,1782339396.1225104
1344,MVI_20035,21,6,0,1782339396.1623333
1345,MVI_20035,21,7,0,1782339396.2023516
1346,MVI_20035,21,8,0,1782339396.2425175
1347,MVI_20035,21,9,0,1782339396.2825003
1348,MVI_20035,21,10,0,1782339396.322307
1349,MVI_20035,22,0,0,1782339396.3711295
1350,MVI_20035,22,1,0,1782339396.402503
1351,MVI_20035,22,2,0,1782339396.4423714
1352,MVI_20035,22,3,0,1782339396.4824345
1353,MVI_20035,22,4,1,1782339396.5223088
1354,MVI_20035,22,5,0,1782339396.5630498
1355,MVI_20035,22,6,0,1782339396.602373
1356,MVI_20035,22,7,0,1782339396.6424801
1357,MVI_20035,22,8,0,1782339396.6824079
1358,MVI_20035,22,9,0,1782339396.7223744
1359,MVI_20035,22,10,0,1782339396.7624097
1360,MVI_20035,23,0,0,1782339396.8153272
1361,MVI_20035,23,1,0,1782339396.842321
1362,MVI_20035,23,2,0,1782339396.8823478
1363,MVI_20035,23,3,0,1782339396.9226162
1364,MVI_20035,23,4,1,1782339396.962295
1365,MVI_20035,23,5,0,1782339397.0024767
1366,MVI_20035,23,6,0,1782339397.0423489
1367,MVI_20035,23,7,0,1782339397.082443
1368,MVI_20035,23,8,0,1782339397.122345
1369,MVI_20035,23,9,0,1782339397.1625073
1370,MVI_20035,23,10,0,1782339397.2024646
1371,MVI_20035,24,0,0,1782339397.2513716
1372,MVI_20035,24,1,0,1782339397.2824407
1373,MVI_20035,24,2,0,1782339397.3226073
1374,MVI_20035,24,3,0,1782339397.3624775
1375,MVI_20035,24,4,1,1782339397.4025018
1376,MVI_20035,24,5,0,1782339397.442347
1377,MVI_20035,24,6,0,1782339397.4824839
1378,MVI_20035,24,7,0,1782339397.5227313
1379,MVI_20035,24,8,0,1782339397.562479
1380,MVI_20035,24,9,0,1782339397.6025367
1381,MVI_20035,24,10,0,1782339397.6423798
1382,MVI_20035,25,0,0,1782339397.6906679
1383,MVI_20035,25,1,0,1782339397.7223787
1384,MVI_20035,25,2,0,1782339397.7623732
1385,MVI_20035,25,3,0,1782339397.8023832
1386,MVI_20035,25,4,1,1782339397.8423262
1387,MVI_20035,25,5,0,1782339397.8825114
1388,MVI_20035,25,6,0,1782339397.9225738
1389,MVI_20035,25,7,0,1782339397.9624836
1390,MVI_20035,25,8,0,1782339398.0025096
1391,MVI_20035,25,9,0,1782339398.0423656
1392,MVI_20035,25,10,0,1782339398.0823865
1393,MVI_20035,26,0,0,1782339398.1362646
1394,MVI_20035,26,1,0,1782339398.1624973
1395,MVI_20035,26,2,0,1782339398.2023296
1396,MVI_20035,26,3,0,1782339398.2423549
1397,MVI_20035,26,4,1,1782339398.2825165
1398,MVI_20035,26,5,0,1782339398.3226068
1399,MVI_20035,26,6,0,1782339398.3624067
1400,MVI_20035,26,7,0,1782339398.4025218
1401,MVI_20035,26,8,0,1782339398.4424927
1402,MVI_20035,26,9,0,1782339398.4825077
1403,MVI_20035,26,10,0,1782339398.522534
1404,MVI_20035,27,0,0,1782339398.5733778
1405,MVI_20035,27,1,0,1782339398.6024985
1406,MVI_20035,27,2,0,1782339398.6424916
1407,MVI_20035,27,3,0,1782339398.682574
1408,MVI_20035,27,4,1,1782339398.722746
1409,MVI_20035,27,5,0,1782339398.7623672
1410,MVI_20035,27,6,0,1782339398.8024166
1411,MVI_20035,27,7,0,1782339398.8425164
1412,MVI_20035,27,8,0,1782339398.8824956
1413,MVI_20035,27,9,0,1782339398.9223619
1414,MVI_20035,27,10,0,1782339398.9625113
1415,MVI_20035,28,0,0,1782339399.0130255
1416,MVI_20035,28,1,0,1782339399.042507
1417,MVI_20035,28,2,0,1782339399.082357
1418,MVI_20035,28,3,0,1782339399.122775
1419,MVI_20035,28,4,1,1782339399.1623552
1420,MVI_20035,28,5,0,1782339399.2023952
1421,MVI_20035,28,6,0,1782339399.2424328
1422,MVI_20035,28,7,0,1782339399.2824147
1423,MVI_20035,28,8,0,1782339399.3224409
1424,MVI_20035,28,9,0,1782339399.3624282
1425,MVI_20035,28,10,0,1782339399.4025667
1426,MVI_20035,29,0,0,1782339399.4522462
1427,MVI_20035,29,1,0,1782339399.4828038
1428,MVI_20035,29,2,0,1782339399.5223646
1429,MVI_20035,29,3,0,1782339399.562644
1430,MVI_20035,29,4,1,1782339399.60248
1431,MVI_20035,29,5,0,1782339399.6424851
1432,MVI_20035,29,6,0,1782339399.6831
1433,MVI_20035,29,7,0,1782339399.7225025
1434,MVI_20035,29,8,0,1782339399.7623749
1435,MVI_20035,29,9,0,1782339399.8025684
1436,MVI_20035,29,10,0,1782339399.842475
1437,MVI_20035,30,0,0,1782339399.8907974
1438,MVI_20035,30,1,0,1782339399.9225214
1439,MVI_20035,30,2,0,1782339399.96262
1440,MVI_20035,30,3,0,1782339400.002417
1441,MVI_20035,30,4,1,1782339400.0425324
1442,MVI_20035,30,5,0,1782339400.0823755
1443,MVI_20035,30,6,0,1782339400.122487
1444,MVI_20035,30,7,0,1782339400.1623194
1445,MVI_20035,30,8,0,1782339400.2023563
1446,MVI_20035,30,9,0,1782339400.2424757
1447,MVI_20035,30,10,0,1782339400.28247
1448,MVI_20035,31,0,0,1782339400.3353682
1449,MVI_20035,31,1,0,1782339400.36248
1450,MVI_20035,31,2,0,1782339400.4023032
1451,MVI_20035,31,3,0,1782339400.4423676
1452,MVI_20035,31,4,1,1782339400.4824388
1453,MVI_20035,31,5,0,1782339400.522364
1454,MVI_20035,31,6,0,1782339400.5625033
1455,MVI_20035,31,7,0,1782339400.602498
1456,MVI_20035,31,8,0,1782339400.6425762
1457,MVI_20035,31,9,0,1782339400.6825182
1458,MVI_20035,31,10,0,1782339400.7224905
1459,MVI_20035,32,0,0,1782339400.775354
1460,MVI_20035,32,1,0,1782339400.8023772
1461,MVI_20035,32,2,0,1782339400.842498
1462,MVI_20035,32,3,0,1782339400.8824904
1463,MVI_20035,32,4,1,1782339400.9230175
1464,MVI_20035,32,5,0,1782339400.962491
1465,MVI_20035,32,6,0,1782339401.0023992
1466,MVI_20035,32,7,0,1782339401.0424693
1467,MVI_20035,32,8,0,1782339401.0823364
1468,MVI_20035,32,9,0,1782339401.1224897
1469,MVI_20035,32,10,0,1782339401.162405
1470,MVI_20035,33,0,0,1782339401.2113645
1471,MVI_20035,33,1,0,1782339401.242735
1472,MVI_20035,33,2,0,1782339401.2824707
1473,MVI_20035,33,3,0,1782339401.3224776
1474,MVI_20035,33,4,1,1782339401.362308
1475,MVI_20035,33,5,0,1782339401.4023712
1476,MVI_20035,33,6,0,1782339401.4426045
1477,MVI_20035,33,7,0,1782339401.4825993
1478,MVI_20035,33,8,0,1782339401.5225081
1479,MVI_20035,33,9,0,1782339401.562436
1480,MVI_20035,33,10,0,1782339401.6023653
1481,MVI_20035,34,0,0,1782339401.6573033
1482,MVI_20035,34,1,0,1782339401.6825275
1483,MVI_20035,34,2,0,1782339401.7223625
1484,MVI_20035,34,3,0,1782339401.7623072
1485,MVI_20035,34,4,1,1782339401.8024046
1486,MVI_20035,34,5,0,1782339401.8424594
1487,MVI_20035,34,6,0,1782339401.882504
1488,MVI_20035,34,7,0,1782339401.9224775
1489,MVI_20035,34,8,0,1782339401.9625614
1490,MVI_20035,34,9,0,1782339402.0024273
1491,MVI_20035,34,10,0,1782339402.0423343
1492,MVI_20035,35,0,0,1782339402.0909128
1493,MVI_20035,35,1,0,1782339402.1223795
1494,MVI_20035,35,2,0,1782339402.162509
1495,MVI_20035,35,3,0,1782339402.2023647
1496,MVI_20035,35,4,1,1782339402.242403
1497,MVI_20035,35,5,0,1782339402.2823896
1498,MVI_20035,35,6,0,1782339402.3223374
1499,MVI_20035,35,7,0,1782339402.3623173
1500,MVI_20035,35,8,0,1782339402.4023762
1501,MVI_20035,35,9,0,1782339402.4424462
1502,MVI_20035,35,10,0,1782339402.4824855
1503,MVI_20035,36,0,0,1782339402.5321977
1504,MVI_20035,36,1,0,1782339402.56259
1505,MVI_20035,36,2,0,1782339402.6030858
1506,MVI_20035,36,3,0,1782339402.6425042
1507,MVI_20035,36,4,1,1782339402.682376
1508,MVI_20035,36,5,0,1782339402.7224646
1509,MVI_20035,36,6,0,1782339402.762476
1510,MVI_20035,36,7,0,1782339402.802521
1511,MVI_20035,36,8,0,1782339402.8428147
1512,MVI_20035,36,9,0,1782339402.8825083
1513,MVI_20035,36,10,0,1782339402.922372
1514,MVI_20035,37,0,0,1782339402.9690988
1515,MVI_20035,37,1,0,1782339403.0024219
1516,MVI_20035,37,2,0,1782339403.0424435
1517,MVI_20035,37,3,0,1782339403.082416
1518,MVI_20035,37,4,1,1782339403.1224594
1519,MVI_20035,37,5,0,1782339403.1624463
1520,MVI_20035,37,6,0,1782339403.2024124
1521,MVI_20035,37,7,0,1782339403.2423737
1522,MVI_20035,37,8,0,1782339403.2826262
1523,MVI_20035,37,9,0,1782339403.3223221
1524,MVI_20035,37,10,0,1782339403.362442
1525,MVI_20035,38,0,0,1782339403.4127269
1526,MVI_20035,38,1,0,1782339403.4424198
1527,MVI_20035,38,2,0,1782339403.4824228
1528,MVI_20035,38,3,1,1782339403.5224576
1529,MVI_20035,38,4,0,1782339403.5623605
1530,MVI_20035,38,5,0,1782339403.6023896
1531,MVI_20035,38,6,0,1782339403.6424863
1532,MVI_20035,38,7,0,1782339403.6825001
1533,MVI_20035,38,8,0,1782339403.7224772
1534,MVI_20035,38,9,0,1782339403.7624574
1535,MVI_20035,39,0,0,1782339403.8115568
1536,MVI_20035,39,1,0,1782339403.84255
1537,MVI_20035,39,2,0,1782339403.8825061
1538,MVI_20035,39,3,1,1782339403.9223468
1539,MVI_20035,39,4,0,1782339403.9624882
1540,MVI_20035,39,5,0,1782339404.0023553
1541,MVI_20035,39,6,0,1782339404.042464
1542,MVI_20035,39,7,0,1782339404.0823436
1543,MVI_20035,39,8,0,1782339404.1224935
1544,MVI_20035,39,9,0,1782339404.1624143
1545,MVI_20035,40,0,0,1782339404.212251
1546,MVI_20035,40,1,0,1782339404.242545
1547,MVI_20035,40,2,0,1782339404.2823813
1548,MVI_20035,40,3,1,1782339404.3224804
1549,MVI_20035,40,4,0,1782339404.3623612
1550,MVI_20035,40,5,0,1782339404.4024308
1551,MVI_20035,40,6,0,1782339404.4424722
1552,MVI_20035,40,7,0,1782339404.4825075
1553,MVI_20035,40,8,0,1782339404.5224748
1554,MVI_20035,40,9,0,1782339404.5624304
1555,MVI_20035,41,0,0,1782339404.6126177
1556,MVI_20035,41,1,0,1782339404.642403
1557,MVI_20035,41,2,0,1782339404.6824381
1558,MVI_20035,41,3,1,1782339404.7224696
1559,MVI_20035,41,4,0,1782339404.7623885
1560,MVI_20035,41,5,0,1782339404.8024843
1561,MVI_20035,41,6,0,1782339404.842407
1562,MVI_20035,41,7,0,1782339404.8826003
1563,MVI_20035,41,8,0,1782339404.9223135
1564,MVI_20035,41,9,0,1782339404.962402
1565,MVI_20035,42,0,0,1782339405.0125833
1566,MVI_20035,42,1,0,1782339405.0423834
1567,MVI_20035,42,2,0,1782339405.0825999
1568,MVI_20035,42,3,1,1782339405.122469
1569,MVI_20035,42,4,0,1782339405.1624734
1570,MVI_20035,42,5,0,1782339405.202361
1571,MVI_20035,42,6,0,1782339405.2423341
1572,MVI_20035,42,7,0,1782339405.2828505
1573,MVI_20035,42,8,0,1782339405.3224382
1574,MVI_20035,42,9,0,1782339405.3623013
1575,MVI_20035,43,0,0,1782339405.4117193
1576,MVI_20035,43,1,0,1782339405.4424775
1577,MVI_20035,43,2,0,1782339405.4823635
1578,MVI_20035,43,3,1,1782339405.5226374
1579,MVI_20035,43,4,0,1782339405.5623193
1580,MVI_20035,43,5,0,1782339405.6023657
1581,MVI_20035,43,6,0,1782339405.6424584
1582,MVI_20035,43,7,0,1782339405.6824737
1583,MVI_20035,43,8,0,1782339405.7223518
1584,MVI_20035,43,9,0,1782339405.7623637
1585,MVI_20035,44,0,0,1782339405.8120897
1586,MVI_20035,44,1,0,1782339405.8424351
1587,MVI_20035,44,2,0,1782339405.882327
1588,MVI_20035,44,3,1,1782339405.9229195
1589,MVI_20035,44,4,0,1782339405.9623861
1590,MVI_20035,44,5,0,1782339406.0024486
1591,MVI_20035,44,6,0,1782339406.0423517
1592,MVI_20035,44,7,0,1782339406.0823581
1593,MVI_20035,44,8,0,1782339406.1224852
1594,MVI_20035,44,9,0,1782339406.1627738
1595,MVI_20035,45,0,0,1782339406.2106838
1596,MVI_20035,45,1,0,1782339406.2423337
1597,MVI_20035,45,2,0,1782339406.2825544
1598,MVI_20035,45,3,1,1782339406.3223586
1599,MVI_20035,45,4,0,1782339406.36243
1600,MVI_20035,45,5,0,1782339406.4024181
1601,MVI_20035,45,6,0,1782339406.4424756
1602,MVI_20035,45,7,0,1782339406.482402
1603,MVI_20035,45,8,0,1782339406.5224497
1604,MVI_20035,45,9,0,1782339406.5624018
1605,MVI_20035,46,0,0,1782339406.6107929
1606,MVI_20035,46,1,0,1782339406.64238
1607,MVI_20035,46,2,0,1782339406.6825066
1608,MVI_20035,46,3,1,1782339406.722385
1609,MVI_20035,46,4,0,1782339406.7623143
1610,MVI_20035,46,5,0,1782339406.802364
1611,MVI_20035,46,6,0,1782339406.8423212
1612,MVI_20035,46,7,0,1782339406.8823524
1613,MVI_20035,46,8,0,1782339406.9224
1614,MVI_20035,46,9,0,1782339406.9625008
1615,MVI_20035,47,0,0,1782339407.0111423
1616,MVI_20035,47,1,0,1782339407.0424845
1617,MVI_20035,47,2,0,1782339407.0824594
1618,MVI_20035,47,3,1,1782339407.1224551
1619,MVI_20035,47,4,0,1782339407.1630347
1620,MVI_20035,47,5,0,1782339407.2024758
1621,MVI_20035,47,6,0,1782339407.2424176
1622,MVI_20035,47,7,0,1782339407.2825527
1623,MVI_20035,47,8,0,1782339407.3223107
1624,MVI_20035,47,9,0,1782339407.362336
1625,MVI_20035,48,0,0,1782339407.4107237
1626,MVI_20035,48,1,0,1782339407.4423606
1627,MVI_20035,48,2,0,1782339407.4824793
1628,MVI_20035,48,3,1,1782339407.522409
1629,MVI_20035,48,4,0,1782339407.562433
1630,MVI_20035,48,5,0,1782339407.602403
1631,MVI_20035,48,6,0,1782339407.6424227
1632,MVI_20035,48,7,0,1782339407.6823223
1633,MVI_20035,48,8,0,1782339407.7223709
1634,MVI_20035,48,9,0,1782339407.7623634
1635,MVI_20035,49,0,0,1782339407.809942
1636,MVI_20035,49,1,0,1782339407.8423665
1637,MVI_20035,49,2,0,1782339407.882359
1638,MVI_20035,49,3,1,1782339407.9224067
1639,MVI_20035,49,4,0,1782339407.9624484
1640,MVI_20035,49,5,0,1782339408.0024223
1641,MVI_20035,49,6,0,1782339408.042378
1642,MVI_20035,49,7,0,1782339408.08236
1643,MVI_20035,49,8,0,1782339408.1224263
1644,MVI_20035,49,9,0,1782339408.162534
1645,MVI_20035,49,10,0,1782339408.202541
1646,MVI_20035,49,11,0,1782339408.2424695
1647,MVI_20035,49,12,0,1782339408.282375
1648,MVI_20035,50,0,0,1782339408.3304248
1649,MVI_20035,50,1,0,1782339408.362364
1650,MVI_20035,50,2,0,1782339408.402458
1651,MVI_20035,50,3,1,1782339408.4423647
1652,MVI_20035,50,4,0,1782339408.4823716
1653,MVI_20035,50,5,0,1782339408.5230122
1654,MVI_20035,50,6,0,1782339408.562672
1655,MVI_20035,50,7,0,1782339408.6023672
1656,MVI_20035,50,8,0,1782339408.6423757
1657,MVI_20035,50,9,0,1782339408.682313
1658,MVI_20035,50,10,0,1782339408.7227125
1659,MVI_20035,50,11,0,1782339408.7623715
1660,MVI_20051,1,0,1,1782339408.8982568
1661,MVI_20051,1,1,0,1782339408.8982716
1662,MVI_20051,1,2,0,1782339408.8982804
1663,MVI_20051,1,3,0,1782339408.9223328
1664,MVI_20051,1,4,0,1782339408.9623709
1665,MVI_20051,1,5,2,1782339409.0024233
1666,MVI_20051,2,0,1,1782339409.0535672
1667,MVI_20051,2,1,0,1782339409.0824056
1668,MVI_20051,2,2,0,1782339409.1223133
1669,MVI_20051,2,3,0,1782339409.1623912
1670,MVI_20051,2,4,0,1782339409.2024744
1671,MVI_20051,2,5,2,1782339409.2426348
1672,MVI_20051,3,0,1,1782339409.289727
1673,MVI_20051,3,1,0,1782339409.322495
1674,MVI_20051,3,2,0,1782339409.3623543
1675,MVI_20051,3,3,0,1782339409.4025183
1676,MVI_20051,3,4,0,1782339409.4426408
1677,MVI_20051,3,5,2,1782339409.482477
1678,MVI_20051,4,0,1,1782339409.5305798
1679,MVI_20051,4,1,0,1782339409.5624425
1680,MVI_20051,4,2,0,1782339409.6024761
1681,MVI_20051,4,3,0,1782339409.6424103
1682,MVI_20051,4,4,0,1782339409.6824193
1683,MVI_20051,4,5,2,1782339409.7224433
1684,MVI_20051,5,0,1,1782339409.770356
1685,MVI_20051,5,1,0,1782339409.8024108
1686,MVI_20051,5,2,0,1782339409.8425033
1687,MVI_20051,5,3,0,1782339409.8824599
1688,MVI_20051,5,4,0,1782339409.9224887
1689,MVI_20051,5,5,2,1782339409.962404
1690,MVI_20051,6,0,1,1782339410.013398
1691,MVI_20051,6,1,0,1782339410.04243
1692,MVI_20051,6,2,0,1782339410.0824397
1693,MVI_20051,6,3,0,1782339410.1225324
1694,MVI_20051,6,4,0,1782339410.1623898
1695,MVI_20051,6,5,2,1782339410.202425
1696,MVI_20051,7,0,1,1782339410.2510736
1697,MVI_20051,7,1,0,1782339410.2823746
1698,MVI_20051,7,2,0,1782339410.3224063
1699,MVI_20051,7,3,0,1782339410.3625224
1700,MVI_20051,7,4,0,1782339410.4025116
1701,MVI_20051,7,5,2,1782339410.4425702
1702,MVI_20051,8,0,1,1782339410.4933944
1703,MVI_20051,8,1,0,1782339410.5225992
1704,MVI_20051,8,2,0,1782339410.5624177
1705,MVI_20051,8,3,0,1782339410.6024015
1706,MVI_20051,8,4,0,1782339410.6423566
1707,MVI_20051,8,5,2,1782339410.6824005
1708,MVI_20051,9,0,1,1782339410.7315717
1709,MVI_20051,9,1,0,1782339410.762479
1710,MVI_20051,9,2,0,1782339410.8023684
1711,MVI_20051,9,3,0,1782339410.8424962
1712,MVI_20051,9,4,0,1782339410.8825247
1713,MVI_20051,9,5,2,1782339410.9223669
1714,MVI_20051,10,0,1,1782339410.9697943
1715,MVI_20051,10,1,0,1782339411.0025468
1716,MVI_20051,10,2,0,1782339411.0424578
1717,MVI_20051,10,3,0,1782339411.082322
1718,MVI_20051,10,4,0,1782339411.122498
1719,MVI_20051,10,5,2,1782339411.162491
1720,MVI_20051,11,0,1,1782339411.2098522
1721,MVI_20051,11,1,0,1782339411.2424202
1722,MVI_20051,11,2,0,1782339411.2823925
1723,MVI_20051,11,3,0,1782339411.3224602
1724,MVI_20051,11,4,0,1782339411.3623333
1725,MVI_20051,11,5,2,1782339411.402512
1726,MVI_20051,12,0,1,1782339411.4543388
1727,MVI_20051,12,1,0,1782339411.4823625
1728,MVI_20051,12,2,0,1782339411.5225458
1729,MVI_20051,12,3,0,1782339411.562406
1730,MVI_20051,12,4,0,1782339411.6029236
1731,MVI_20051,12,5,2,1782339411.642558
1732,MVI_20051,13,0,1,1782339411.690062
1733,MVI_20051,13,1,0,1782339411.7225306
1734,MVI_20051,13,2,0,1782339411.7625237
1735,MVI_20051,13,3,0,1782339411.8029943
1736,MVI_20051,13,4,0,1782339411.8425093
1737,MVI_20051,13,5,2,1782339411.8824275
1738,MVI_20051,14,0,1,1782339411.9316547
1739,MVI_20051,14,1,0,1782339411.9623802
1740,MVI_20051,14,2,0,1782339412.0025785
1741,MVI_20051,14,3,0,1782339412.0424826
1742,MVI_20051,14,4,0,1782339412.0823014
1743,MVI_20051,14,5,2,1782339412.1223252
1744,MVI_20051,15,0,1,1782339412.1714664
1745,MVI_20051,15,1,0,1782339412.20236
1746,MVI_20051,15,2,0,1782339412.2429407
1747,MVI_20051,15,3,0,1782339412.282353
1748,MVI_20051,15,4,0,1782339412.3223937
1749,MVI_20051,15,5,2,1782339412.362397
1750,MVI_20051,16,0,1,1782339412.4114423
1751,MVI_20051,16,1,0,1782339412.4426348
1752,MVI_20051,16,2,0,1782339412.48241
1753,MVI_20051,16,3,0,1782339412.5224235
1754,MVI_20051,16,4,0,1782339412.562352
1755,MVI_20051,16,5,2,1782339412.6024787
1756,MVI_20051,17,0,1,1782339412.6510715
1757,MVI_20051,17,1,0,1782339412.682434
1758,MVI_20051,17,2,0,1782339412.7223988
1759,MVI_20051,17,3,0,1782339412.7624075
1760,MVI_20051,17,4,0,1782339412.8024049
1761,MVI_20051,17,5,2,1782339412.8424854
1762,MVI_20051,18,0,1,1782339412.892497
1763,MVI_20051,18,1,0,1782339412.9224956
1764,MVI_20051,18,2,0,1782339412.962439
1765,MVI_20051,18,3,0,1782339413.0024648
1766,MVI_20051,18,4,0,1782339413.0424132
1767,MVI_20051,18,5,2,1782339413.082339
1768,MVI_20051,19,0,1,1782339413.1329377
1769,MVI_20051,19,1,0,1782339413.162864
1770,MVI_20051,19,2,0,1782339413.2024064
1771,MVI_20051,19,3,0,1782339413.2428255
1772,MVI_20051,19,4,0,1782339413.2823727
1773,MVI_20051,19,5,0,1782339413.3224745
1774,MVI_20051,19,6,2,1782339413.3623726
1775,MVI_20051,20,0,1,1782339413.4118533
1776,MVI_20051,20,1,0,1782339413.4423647
1777,MVI_20051,20,2,0,1782339413.4825058
1778,MVI_20051,20,3,0,1782339413.5224812
1779,MVI_20051,20,4,0,1782339413.5623353
1780,MVI_20051,20,5,0,1782339413.6024742
1781,MVI_20051,20,6,2,1782339413.6425638
1782,MVI_20051,21,0,1,1782339413.6939552
1783,MVI_20051,21,1,0,1782339413.722414
1784,MVI_20051,21,2,0,1782339413.7624822
1785,MVI_20051,21,3,0,1782339413.802484
1786,MVI_20051,21,4,0,1782339413.8424153
1787,MVI_20051,21,5,0,1782339413.8824596
1788,MVI_20051,21,6,2,1782339413.9225779
1789,MVI_20051,22,0,1,1782339413.9704833
1790,MVI_20051,22,1,0,1782339414.0024803
1791,MVI_20051,22,2,0,1782339414.042641
1792,MVI_20051,22,3,0,1782339414.082294
1793,MVI_20051,22,4,0,1782339414.1223624
1794,MVI_20051,22,5,0,1782339414.1624596
1795,MVI_20051,22,6,2,1782339414.2024484
1796,MVI_20051,23,0,1,1782339414.2512434
1797,MVI_20051,23,1,0,1782339414.2824879
1798,MVI_20051,23,2,0,1782339414.3224545
1799,MVI_20051,23,3,0,1782339414.3624153
1800,MVI_20051,23,4,0,1782339414.4024603
1801,MVI_20051,23,5,0,1782339414.4424102
1802,MVI_20051,23,6,2,1782339414.482493
1803,MVI_20051,24,0,1,1782339414.5340576
1804,MVI_20051,24,1,0,1782339414.5625412
1805,MVI_20051,24,2,0,1782339414.602475
1806,MVI_20051,24,3,0,1782339414.6423926
1807,MVI_20051,24,4,0,1782339414.6824083
1808,MVI_20051,24,5,0,1782339414.7223957
1809,MVI_20051,24,6,2,1782339414.7623122
1810,MVI_20051,25,0,1,1782339414.81092
1811,MVI_20051,25,1,0,1782339414.8423753
1812,MVI_20051,25,2,0,1782339414.882404
1813,MVI_20051,25,3,0,1782339414.922561
1814,MVI_20051,25,4,0,1782339414.962451
1815,MVI_20051,25,5,0,1782339415.0024571
1816,MVI_20051,25,6,2,1782339415.0423405
1817,MVI_20051,26,0,1,1782339415.0908818
1818,MVI_20051,26,1,0,1782339415.1224518
1819,MVI_20051,26,2,0,1782339415.1623201
1820,MVI_20051,26,3,0,1782339415.2023675
1821,MVI_20051,26,4,0,1782339415.2423074
1822,MVI_20051,26,5,0,1782339415.2825603
1823,MVI_20051,26,6,2,1782339415.3224194
1824,MVI_20051,27,0,1,1782339415.3740306
1825,MVI_20051,27,1,0,1782339415.4024603
1826,MVI_20051,27,2,0,1782339415.442497
1827,MVI_20051,27,3,0,1782339415.4824753
1828,MVI_20051,27,4,0,1782339415.5224206
1829,MVI_20051,27,5,0,1782339415.5623071
1830,MVI_20051,27,6,2,1782339415.6024256
1831,MVI_20051,28,0,1,1782339415.6520648
1832,MVI_20051,28,1,0,1782339415.6828575
1833,MVI_20051,28,2,0,1782339415.7224398
1834,MVI_20051,28,3,0,1782339415.7624726
1835,MVI_20051,28,4,0,1782339415.8024526
1836,MVI_20051,28,5,0,1782339415.8423445
1837,MVI_20051,28,6,2,1782339415.882487
1838,MVI_20051,29,0,1,1782339415.9320533
1839,MVI_20051,29,1,0,1782339415.962457
1840,MVI_20051,29,2,0,1782339416.0024955
1841,MVI_20051,29,3,0,1782339416.042515
1842,MVI_20051,29,4,0,1782339416.0824902
1843,MVI_20051,29,5,0,1782339416.1224222
1844,MVI_20051,29,6,2,1782339416.1625195
1845,MVI_20051,30,0,1,1782339416.209206
1846,MVI_20051,30,1,0,1782339416.242389
1847,MVI_20051,30,2,0,1782339416.2825031
1848,MVI_20051,30,3,0,1782339416.322549
1849,MVI_20051,30,4,0,1782339416.3631685
1850,MVI_20051,30,5,0,1782339416.4023967
1851,MVI_20051,30,6,2,1782339416.4423678
1852,MVI_20051,31,0,1,1782339416.491387
1853,MVI_20051,31,1,0,1782339416.52248
1854,MVI_20051,31,2,0,1782339416.5624242
1855,MVI_20051,31,3,0,1782339416.6023598
1856,MVI_20051,31,4,0,1782339416.6424243
1857,MVI_20051,31,5,0,1782339416.6824071
1858,MVI_20051,31,6,2,1782339416.7224598
1859,MVI_20051,32,0,1,1782339416.7752602
1860,MVI_20051,32,1,0,1782339416.8024523
1861,MVI_20051,32,2,0,1782339416.8424516
1862,MVI_20051,32,3,0,1782339416.8823657
1863,MVI_20051,32,4,0,1782339416.9223785
1864,MVI_20051,32,5,0,1782339416.9623287
1865,MVI_20051,32,6,2,1782339417.0024695
1866,MVI_20051,33,0,1,1782339417.0497708
1867,MVI_20051,33,1,0,1782339417.0824015
1868,MVI_20051,33,2,0,1782339417.122381
1869,MVI_20051,33,3,0,1782339417.1624289
1870,MVI_20051,33,4,0,1782339417.202528
1871,MVI_20051,33,5,0,1782339417.2424047
1872,MVI_20051,33,6,2,1782339417.2823923
1873,MVI_20051,34,0,1,1782339417.330441
1874,MVI_20051,34,1,0,1782339417.3623962
1875,MVI_20051,34,2,0,1782339417.4023144
1876,MVI_20051,34,3,0,1782339417.4424884
1877,MVI_20051,34,4,0,1782339417.4823725
1878,MVI_20051,34,5,0,1782339417.522458
1879,MVI_20051,34,6,2,1782339417.5623634
1880,MVI_20051,35,0,1,1782339417.611624
1881,MVI_20051,35,1,0,1782339417.6424563
1882,MVI_20051,35,2,0,1782339417.6824682
1883,MVI_20051,35,3,0,1782339417.7223217
1884,MVI_20051,35,4,0,1782339417.7623434
1885,MVI_20051,35,5,0,1782339417.8023436
1886,MVI_20051,35,6,2,1782339417.8423188
1887,MVI_20051,36,0,1,1782339417.8932462
1888,MVI_20051,36,1,0,1782339417.9224188
1889,MVI_20051,36,2,0,1782339417.9624193
1890,MVI_20051,36,3,0,1782339418.0029843
1891,MVI_20051,36,4,0,1782339418.0424016
1892,MVI_20051,36,5,0,1782339418.0823395
1893,MVI_20051,36,6,2,1782339418.1223593
1894,MVI_20051,37,0,1,1782339418.170489
1895,MVI_20051,37,1,0,1782339418.2024088
1896,MVI_20051,37,2,0,1782339418.242306
1897,MVI_20051,37,3,0,1782339418.2823517
1898,MVI_20051,37,4,0,1782339418.3224907
1899,MVI_20051,37,5,0,1782339418.362349
1900,MVI_20051,37,6,2,1782339418.4024727
1901,MVI_20051,38,0,1,1782339418.451768
1902,MVI_20051,38,1,0,1782339418.4824672
1903,MVI_20051,38,2,0,1782339418.5224607
1904,MVI_20051,38,3,0,1782339418.5623722
1905,MVI_20051,38,4,0,1782339418.6024244
1906,MVI_20051,38,5,0,1782339418.64244
1907,MVI_20051,38,6,2,1782339418.682362
1908,MVI_20051,39,0,1,1782339418.7328427
1909,MVI_20051,39,1,0,1782339418.762733
1910,MVI_20051,39,2,0,1782339418.802427
1911,MVI_20051,39,3,0,1782339418.8427894
1912,MVI_20051,39,4,0,1782339418.8823445
1913,MVI_20051,39,5,0,1782339418.922345
1914,MVI_20051,39,6,2,1782339418.9623811
1915,MVI_20051,40,0,1,1782339419.0109496
1916,MVI_20051,40,1,0,1782339419.0424926
1917,MVI_20051,40,2,0,1782339419.0823185
1918,MVI_20051,40,3,0,1782339419.1223838
1919,MVI_20051,40,4,0,1782339419.1624913
1920,MVI_20051,40,5,0,1782339419.2023141
1921,MVI_20051,40,6,2,1782339419.2424834
1922,MVI_20051,41,0,1,1782339419.2902064
1923,MVI_20051,41,1,0,1782339419.3223097
1924,MVI_20051,41,2,0,1782339419.3623195
1925,MVI_20051,41,3,0,1782339419.4023428
1926,MVI_20051,41,4,0,1782339419.4423418
1927,MVI_20051,41,5,0,1782339419.4825866
1928,MVI_20051,41,6,2,1782339419.52249
1929,MVI_20051,42,0,1,1782339419.5717156
1930,MVI_20051,42,1,0,1782339419.6023526
1931,MVI_20051,42,2,0,1782339419.642446
1932,MVI_20051,42,3,0,1782339419.6824648
1933,MVI_20051,42,4,0,1782339419.7223892
1934,MVI_20051,42,5,0,1782339419.7624211
1935,MVI_20051,42,6,2,1782339419.8023202
1936,MVI_20051,43,0,1,1782339419.85098
1937,MVI_20051,43,1,0,1782339419.8824067
1938,MVI_20051,43,2,0,1782339419.9223611
1939,MVI_20051,43,3,0,1782339419.9623504
1940,MVI_20051,43,4,0,1782339420.002457
1941,MVI_20051,43,5,0,1782339420.0424767
1942,MVI_20051,43,6,2,1782339420.0823674
1943,MVI_20051,44,0,0,1782339420.1322918
1944,MVI_20051,44,1,0,1782339420.1623137
1945,MVI_20051,44,2,0,1782339420.2024388
1946,MVI_20051,44,3,0,1782339420.2424555
1947,MVI_20051,44,4,0,1782339420.2824368
1948,MVI_20051,44,5,2,1782339420.322324
1949,MVI_20051,45,0,0,1782339420.3726609
1950,MVI_20051,45,1,0,1782339420.402415
1951,MVI_20051,45,2,0,1782339420.4423559
1952,MVI_20051,45,3,0,1782339420.4825282
1953,MVI_20051,45,4,0,1782339420.5224612
1954,MVI_20051,45,5,2,1782339420.5623782
1955,MVI_20051,46,0,0,1782339420.6112685
1956,MVI_20051,46,1,0,1782339420.642396
1957,MVI_20051,46,2,0,1782339420.6823595
1958,MVI_20051,46,3,0,1782339420.7224975
1959,MVI_20051,46,4,0,1782339420.7624927
1960,MVI_20051,46,5,2,1782339420.8024437
1961,MVI_20051,47,0,0,1782339420.85076
1962,MVI_20051,47,1,0,1782339420.8823423
1963,MVI_20051,47,2,0,1782339420.9223852
1964,MVI_20051,47,3,0,1782339420.962896
1965,MVI_20051,47,4,0,1782339421.0023782
1966,MVI_20051,47,5,2,1782339421.0423622
1967,MVI_20051,48,0,0,1782339421.0906212
1968,MVI_20051,48,1,0,1782339421.1224148
1969,MVI_20051,48,2,0,1782339421.162369
1970,MVI_20051,48,3,0,1782339421.2023008
1971,MVI_20051,48,4,0,1782339421.2425025
1972,MVI_20051,48,5,2,1782339421.2823489
1973,MVI_20051,49,0,0,1782339421.3305495
1974,MVI_20051,49,1,0,1782339421.3623617
1975,MVI_20051,49,2,0,1782339421.402366
1976,MVI_20051,49,3,0,1782339421.44246
1977,MVI_20051,49,4,0,1782339421.4823587
1978,MVI_20051,49,5,0,1782339421.5225008
1979,MVI_20051,49,6,2,1782339421.5623455
1980,MVI_20051,50,0,0,1782339421.6124196
1981,MVI_20051,50,1,0,1782339421.6423194
1982,MVI_20051,50,2,0,1782339421.6824133
1983,MVI_20051,50,3,0,1782339421.7224412
1984,MVI_20051,50,4,0,1782339421.7624462
1985,MVI_20051,50,5,0,1782339421.8023891
1986,MVI_20051,50,6,2,1782339421.8424785
1987,MVI_20052,1,0,0,1782339421.9765158
1988,MVI_20052,1,1,0,1782339421.97653
1989,MVI_20052,1,2,0,1782339421.9765399
1990,MVI_20052,1,3,0,1782339422.0024464
1991,MVI_20052,1,4,0,1782339422.0423677
1992,MVI_20052,1,5,0,1782339422.0822697
1993,MVI_20052,1,6,0,1782339422.122425
1994,MVI_20052,1,7,0,1782339422.162427
1995,MVI_20052,1,8,0,1782339422.2024655
1996,MVI_20052,1,9,0,1782339422.2424932
1997,MVI_20052,1,10,0,1782339422.2823586
1998,MVI_20052,1,11,0,1782339422.3223917
1999,MVI_20052,1,12,0,1782339422.3634422
2000,MVI_20052,1,13,2,1782339422.402359
2001,MVI_20052,2,0,0,1782339422.4545333
2002,MVI_20052,2,1,0,1782339422.4824076
2003,MVI_20052,2,2,0,1782339422.5224633
2004,MVI_20052,2,3,0,1782339422.5623252
2005,MVI_20052,2,4,0,1782339422.6027517
2006,MVI_20052,2,5,0,1782339422.6422987
2007,MVI_20052,2,6,0,1782339422.6824775
2008,MVI_20052,2,7,0,1782339422.7223818
2009,MVI_20052,2,8,0,1782339422.7623394
2010,MVI_20052,2,9,0,1782339422.8023677
2011,MVI_20052,2,10,0,1782339422.8424516
2012,MVI_20052,2,11,0,1782339422.882455
2013,MVI_20052,2,12,0,1782339422.9224834
2014,MVI_20052,2,13,2,1782339422.9624712
2015,MVI_20052,3,0,0,1782339423.0148203
2016,MVI_20052,3,1,0,1782339423.0423512
2017,MVI_20052,3,2,0,1782339423.0824761
2018,MVI_20052,3,3,0,1782339423.1224554
2019,MVI_20052,3,4,0,1782339423.1623442
2020,MVI_20052,3,5,0,1782339423.2023463
2021,MVI_20052,3,6,0,1782339423.2423444
2022,MVI_20052,3,7,0,1782339423.2824178
2023,MVI_20052,3,8,0,1782339423.3224251
2024,MVI_20052,3,9,0,1782339423.3624537
2025,MVI_20052,3,10,0,1782339423.4024727
2026,MVI_20052,3,11,0,1782339423.442314
2027,MVI_20052,3,12,0,1782339423.482389
2028,MVI_20052,3,13,2,1782339423.5225656
2029,MVI_20052,4,0,0,1782339423.57442
2030,MVI_20052,4,1,0,1782339423.6023474
2031,MVI_20052,4,2,0,1782339423.642314
2032,MVI_20052,4,3,0,1782339423.6823523
2033,MVI_20052,4,4,0,1782339423.7226515
2034,MVI_20052,4,5,0,1782339423.7624528
2035,MVI_20052,4,6,0,1782339423.8024547
2036,MVI_20052,4,7,0,1782339423.8424761
2037,MVI_20052,4,8,0,1782339423.8824997
2038,MVI_20052,4,9,0,1782339423.9223907
2039,MVI_20052,4,10,0,1782339423.9623823
2040,MVI_20052,4,11,0,1782339424.0024
2041,MVI_20052,4,12,0,1782339424.0423489
2042,MVI_20052,4,13,2,1782339424.0824301
2043,MVI_20052,5,0,0,1782339424.1344192
2044,MVI_20052,5,1,0,1782339424.1625116
2045,MVI_20052,5,2,0,1782339424.2023485
2046,MVI_20052,5,3,0,1782339424.2426476
2047,MVI_20052,5,4,0,1782339424.2823563
2048,MVI_20052,5,5,0,1782339424.3224232
2049,MVI_20052,5,6,0,1782339424.3627577
2050,MVI_20052,5,7,0,1782339424.4023893
2051,MVI_20052,5,8,0,1782339424.4429886
2052,MVI_20052,5,9,0,1782339424.482386
2053,MVI_20052,5,10,0,1782339424.5223212
2054,MVI_20052,5,11,0,1782339424.5623195
2055,MVI_20052,5,12,0,1782339424.6023672
2056,MVI_20052,5,13,2,1782339424.6423504
2057,MVI_20052,6,0,0,1782339424.6908205
2058,MVI_20052,6,1,0,1782339424.7224336
2059,MVI_20052,6,2,0,1782339424.7623923
2060,MVI_20052,6,3,0,1782339424.802835
2061,MVI_20052,6,4,0,1782339424.842398
2062,MVI_20052,6,5,0,1782339424.8824039
2063,MVI_20052,6,6,0,1782339424.922387
2064,MVI_20052,6,7,0,1782339424.9623609
2065,MVI_20052,6,8,0,1782339425.0024588
2066,MVI_20052,6,9,0,1782339425.0423274
2067,MVI_20052,6,10,0,1782339425.0823393
2068,MVI_20052,6,11,0,1782339425.1224418
2069,MVI_20052,6,12,0,1782339425.1623592
2070,MVI_20052,6,13,2,1782339425.2025046
2071,MVI_20052,7,0,0,1782339425.2512789
2072,MVI_20052,7,1,0,1782339425.2824445
2073,MVI_20052,7,2,0,1782339425.322414
2074,MVI_20052,7,3,0,1782339425.3624535
2075,MVI_20052,7,4,0,1782339425.4024076
2076,MVI_20052,7,5,0,1782339425.4423566
2077,MVI_20052,7,6,0,1782339425.4824271
2078,MVI_20052,7,7,0,1782339425.52238
2079,MVI_20052,7,8,0,1782339425.5623438
2080,MVI_20052,7,9,0,1782339425.602517
2081,MVI_20052,7,10,0,1782339425.6424565
2082,MVI_20052,7,11,0,1782339425.682392
2083,MVI_20052,7,12,0,1782339425.7223535
2084,MVI_20052,7,13,2,1782339425.7623768
2085,MVI_20052,8,0,0,1782339425.8098598
2086,MVI_20052,8,1,0,1782339425.8423746
2087,MVI_20052,8,2,0,1782339425.8824468
2088,MVI_20052,8,3,0,1782339425.9223964
2089,MVI_20052,8,4,0,1782339425.9623463
2090,MVI_20052,8,5,0,1782339426.002474
2091,MVI_20052,8,6,0,1782339426.042448
2092,MVI_20052,8,7,0,1782339426.0824096
2093,MVI_20052,8,8,0,1782339426.1223483
2094,MVI_20052,8,9,0,1782339426.1622999
2095,MVI_20052,8,10,0,1782339426.2024572
2096,MVI_20052,8,11,0,1782339426.2424588
2097,MVI_20052,8,12,0,1782339426.2823925
2098,MVI_20052,8,13,2,1782339426.322305
2099,MVI_20052,9,0,0,1782339426.3714736
2100,MVI_20052,9,1,0,1782339426.4025366
2101,MVI_20052,9,2,0,1782339426.4423554
2102,MVI_20052,9,3,0,1782339426.48293
2103,MVI_20052,9,4,0,1782339426.5223532
2104,MVI_20052,9,5,0,1782339426.5624807
2105,MVI_20052,9,6,0,1782339426.6031175
2106,MVI_20052,9,7,0,1782339426.642485
2107,MVI_20052,9,8,0,1782339426.6824012
2108,MVI_20052,9,9,0,1782339426.722305
2109,MVI_20052,9,10,0,1782339426.7623475
2110,MVI_20052,9,11,0,1782339426.8024216
2111,MVI_20052,9,12,0,1782339426.842416
2112,MVI_20052,9,13,2,1782339426.8823936
2113,MVI_20052,10,0,0,1782339426.9328322
2114,MVI_20052,10,1,0,1782339426.9623647
2115,MVI_20052,10,2,0,1782339427.0023549
2116,MVI_20052,10,3,0,1782339427.042395
2117,MVI_20052,10,4,0,1782339427.082338
2118,MVI_20052,10,5,0,1782339427.1223977
2119,MVI_20052,10,6,0,1782339427.162309
2120,MVI_20052,10,7,0,1782339427.2023358
2121,MVI_20052,10,8,0,1782339427.2424595
2122,MVI_20052,10,9,0,1782339427.2823765
2123,MVI_20052,10,10,0,1782339427.3223026
2124,MVI_20052,10,11,0,1782339427.3623154
2125,MVI_20052,10,12,0,1782339427.402347
2126,MVI_20052,10,13,2,1782339427.4423587
2127,MVI_20052,11,0,0,1782339427.494205
2128,MVI_20052,11,1,0,1782339427.5223103
2129,MVI_20052,11,2,0,1782339427.5623975
2130,MVI_20052,11,3,0,1782339427.6024506
2131,MVI_20052,11,4,0,1782339427.6424532
2132,MVI_20052,11,5,0,1782339427.6823628
2133,MVI_20052,11,6,0,1782339427.7223911
2134,MVI_20052,11,7,0,1782339427.762348
2135,MVI_20052,11,8,0,1782339427.8023827
2136,MVI_20052,11,9,0,1782339427.8423214
2137,MVI_20052,11,10,0,1782339427.8823528
2138,MVI_20052,11,11,0,1782339427.9224672
2139,MVI_20052,11,12,0,1782339427.962398
2140,MVI_20052,11,13,2,1782339428.0023024
2141,MVI_20052,12,0,0,1782339428.05161
2142,MVI_20052,12,1,0,1782339428.082424
2143,MVI_20052,12,2,0,1782339428.12235
2144,MVI_20052,12,3,0,1782339428.162302
2145,MVI_20052,12,4,0,1782339428.2023027
2146,MVI_20052,12,5,0,1782339428.242456
2147,MVI_20052,12,6,0,1782339428.282485
2148,MVI_20052,12,7,0,1782339428.3225796
2149,MVI_20052,12,8,0,1782339428.362318
2150,MVI_20052,12,9,0,1782339428.4025187
2151,MVI_20052,12,10,0,1782339428.4423568
2152,MVI_20052,12,11,0,1782339428.4824476
2153,MVI_20052,12,12,0,1782339428.5224059
2154,MVI_20052,12,13,2,1782339428.5625641
2155,MVI_20052,13,0,0,1782339428.6120458
2156,MVI_20052,13,1,0,1782339428.6423557
2157,MVI_20052,13,2,0,1782339428.6823785
2158,MVI_20052,13,3,0,1782339428.722357
2159,MVI_20052,13,4,0,1782339428.7624753
2160,MVI_20052,13,5,0,1782339428.8023672
2161,MVI_20052,13,6,0,1782339428.8423538
2162,MVI_20052,13,7,0,1782339428.882343
2163,MVI_20052,13,8,0,1782339428.9225326
2164,MVI_20052,13,9,0,1782339428.9623306
2165,MVI_20052,13,10,0,1782339429.00231
2166,MVI_20052,13,11,0,1782339429.0424547
2167,MVI_20052,13,12,0,1782339429.082401
2168,MVI_20052,13,13,2,1782339429.122394
2169,MVI_20052,14,0,0,1782339429.1727078
2170,MVI_20052,14,1,0,1782339429.2023213
2171,MVI_20052,14,2,0,1782339429.2424328
2172,MVI_20052,14,3,0,1782339429.2824554
2173,MVI_20052,14,4,0,1782339429.3223474
2174,MVI_20052,14,5,0,1782339429.3623958
2175,MVI_20052,14,6,0,1782339429.4023237
2176,MVI_20052,14,7,0,1782339429.442364
2177,MVI_20052,14,8,0,1782339429.4824388
2178,MVI_20052,14,9,0,1782339429.522448
2179,MVI_20052,14,10,0,1782339429.5624468
2180,MVI_20052,14,11,0,1782339429.6024613
2181,MVI_20052,14,12,0,1782339429.6425152
2182,MVI_20052,14,13,2,1782339429.6825333
2183,MVI_20052,15,0,0,1782339429.7324505
2184,MVI_20052,15,1,0,1782339429.7627175
2185,MVI_20052,15,2,0,1782339429.8023336
2186,MVI_20052,15,3,0,1782339429.8423853
2187,MVI_20052,15,4,0,1782339429.8825638
2188,MVI_20052,15,5,0,1782339429.9223332
2189,MVI_20052,15,6,0,1782339429.9624386
2190,MVI_20052,15,7,0,1782339430.002332
2191,MVI_20052,15,8,0,1782339430.0424082
2192,MVI_20052,15,9,0,1782339430.0824192
2193,MVI_20052,15,10,0,1782339430.1224494
2194,MVI_20052,15,11,0,1782339430.1624596
2195,MVI_20052,15,12,0,1782339430.2024758
2196,MVI_20052,15,13,2,1782339430.2424545
2197,MVI_20052,16,0,0,1782339430.2916567
2198,MVI_20052,16,1,0,1782339430.3224068
2199,MVI_20052,16,2,0,1782339430.3623848
2200,MVI_20052,16,3,0,1782339430.4024067
2201,MVI_20052,16,4,0,1782339430.4423523
2202,MVI_20052,16,5,0,1782339430.4825506
2203,MVI_20052,16,6,0,1782339430.5223553
2204,MVI_20052,16,7,0,1782339430.5624597
2205,MVI_20052,16,8,0,1782339430.6023352
2206,MVI_20052,16,9,0,1782339430.6424522
2207,MVI_20052,16,10,0,1782339430.6824098
2208,MVI_20052,16,11,0,1782339430.7223182
2209,MVI_20052,16,12,0,1782339430.7624137
2210,MVI_20052,16,13,2,1782339430.8023515
2211,MVI_20052,17,0,0,1782339430.8534312
2212,MVI_20052,17,1,0,1782339430.8823237
2213,MVI_20052,17,2,0,1782339430.9223144
2214,MVI_20052,17,3,0,1782339430.9623373
2215,MVI_20052,17,4,0,1782339431.002465
2216,MVI_20052,17,5,0,1782339431.042401
2217,MVI_20052,17,6,0,1782339431.082405
2218,MVI_20052,17,7,0,1782339431.122554
2219,MVI_20052,17,8,0,1782339431.1623735
2220,MVI_20052,17,9,0,1782339431.202387
2221,MVI_20052,17,10,0,1782339431.2424178
2222,MVI_20052,17,11,0,1782339431.2823026
2223,MVI_20052,17,12,0,1782339431.3224626
2224,MVI_20052,17,13,2,1782339431.3625364
2225,MVI_20052,18,0,0,1782339431.4114094
2226,MVI_20052,18,1,0,1782339431.4423926
2227,MVI_20052,18,2,0,1782339431.4823842
2228,MVI_20052,18,3,0,1782339431.5224528
2229,MVI_20052,18,4,0,1782339431.562458
2230,MVI_20052,18,5,0,1782339431.6023726
2231,MVI_20052,18,6,0,1782339431.6423945
2232,MVI_20052,18,7,0,1782339431.6823642
2233,MVI_20052,18,8,0,1782339431.7224925
2234,MVI_20052,18,9,0,1782339431.762374
2235,MVI_20052,18,10,0,1782339431.8025107
2236,MVI_20052,18,11,0,1782339431.8423193
2237,MVI_20052,18,12,0,1782339431.8823128
2238,MVI_20052,18,13,2,1782339431.9223313
2239,MVI_20052,19,0,0,1782339431.9724362
2240,MVI_20052,19,1,0,1782339432.0024803
2241,MVI_20052,19,2,0,1782339432.0423887
2242,MVI_20052,19,3,0,1782339432.082421
2243,MVI_20052,19,4,0,1782339432.1223948
2244,MVI_20052,19,5,0,1782339432.1623642
2245,MVI_20052,19,6,0,1782339432.2023444
2246,MVI_20052,19,7,0,1782339432.2423885
2247,MVI_20052,19,8,0,1782339432.2823534
2248,MVI_20052,19,9,0,1782339432.322347
2249,MVI_20052,19,10,0,1782339432.362475
2250,MVI_20052,19,11,0,1782339432.402455
2251,MVI_20052,19,12,0,1782339432.4423506
2252,MVI_20052,19,13,0,1782339432.48243
2253,MVI_20052,19,14,2,1782339432.5224164
2254,MVI_20052,20,0,0,1782339432.572528
2255,MVI_20052,20,1,0,1782339432.6023157
2256,MVI_20052,20,2,0,1782339432.6424024
2257,MVI_20052,20,3,0,1782339432.6823776
2258,MVI_20052,20,4,0,1782339432.7223759
2259,MVI_20052,20,5,0,1782339432.7623296
2260,MVI_20052,20,6,0,1782339432.8024185
2261,MVI_20052,20,7,0,1782339432.842552
2262,MVI_20052,20,8,0,1782339432.882408
2263,MVI_20052,20,9,0,1782339432.922392
2264,MVI_20052,20,10,0,1782339432.9624696
2265,MVI_20052,20,11,0,1782339433.0023367
2266,MVI_20052,20,12,0,1782339433.0425022
2267,MVI_20052,20,13,0,1782339433.0823221
2268,MVI_20052,20,14,2,1782339433.1223493
2269,MVI_20052,21,0,0,1782339433.1722546
2270,MVI_20052,21,1,0,1782339433.202454
2271,MVI_20052,21,2,0,1782339433.242604
2272,MVI_20052,21,3,0,1782339433.2823288
2273,MVI_20052,21,4,0,1782339433.3224661
2274,MVI_20052,21,5,0,1782339433.362433
2275,MVI_20052,21,6,0,1782339433.402355
2276,MVI_20052,21,7,0,1782339433.4425128
2277,MVI_20052,21,8,0,1782339433.4823399
2278,MVI_20052,21,9,0,1782339433.5223007
2279,MVI_20052,21,10,0,1782339433.5623252
2280,MVI_20052,21,11,0,1782339433.6023521
2281,MVI_20052,21,12,0,1782339433.642452
2282,MVI_20052,21,13,0,1782339433.6823852
2283,MVI_20052,21,14,2,1782339433.7223537
2284,MVI_20052,22,0,0,1782339433.771296
2285,MVI_20052,22,1,0,1782339433.8023255
2286,MVI_20052,22,2,0,1782339433.8423455
2287,MVI_20052,22,3,0,1782339433.88245
2288,MVI_20052,22,4,0,1782339433.922306
2289,MVI_20052,22,5,0,1782339433.9623437
2290,MVI_20052,22,6,0,1782339434.002356
2291,MVI_20052,22,7,0,1782339434.0423465
2292,MVI_20052,22,8,0,1782339434.0823164
2293,MVI_20052,22,9,0,1782339434.1223454
2294,MVI_20052,22,10,0,1782339434.1624131
2295,MVI_20052,22,11,0,1782339434.2024763
2296,MVI_20052,22,12,0,1782339434.2423956
2297,MVI_20052,22,13,0,1782339434.2823977
2298,MVI_20052,22,14,2,1782339434.3223133
2299,MVI_20052,23,0,0,1782339434.372192
2300,MVI_20052,23,1,0,1782339434.40239
2301,MVI_20052,23,2,0,1782339434.4424453
2302,MVI_20052,23,3,0,1782339434.4824677
2303,MVI_20052,23,4,0,1782339434.522391
2304,MVI_20052,23,5,0,1782339434.5623388
2305,MVI_20052,23,6,0,1782339434.602394
2306,MVI_20052,23,7,0,1782339434.642354
2307,MVI_20052,23,8,0,1782339434.682438
2308,MVI_20052,23,9,0,1782339434.72236
2309,MVI_20052,23,10,0,1782339434.7623699
2310,MVI_20052,23,11,0,1782339434.8023782
2311,MVI_20052,23,12,0,1782339434.8423002
2312,MVI_20052,23,13,0,1782339434.8825004
2313,MVI_20052,23,14,2,1782339434.9223468
2314,MVI_20052,24,0,0,1782339434.9707377
2315,MVI_20052,24,1,0,1782339435.0023568
2316,MVI_20052,24,2,0,1782339435.0424492
2317,MVI_20052,24,3,0,1782339435.0823371
2318,MVI_20052,24,4,0,1782339435.122343
2319,MVI_20052,24,5,0,1782339435.1623304
2320,MVI_20052,24,6,0,1782339435.202382
2321,MVI_20052,24,7,0,1782339435.2423875
2322,MVI_20052,24,8,0,1782339435.2824507
2323,MVI_20052,24,9,0,1782339435.322423
2324,MVI_20052,24,10,0,1782339435.362395
2325,MVI_20052,24,11,0,1782339435.4023807
2326,MVI_20052,24,12,0,1782339435.4423566
2327,MVI_20052,24,13,0,1782339435.482359
2328,MVI_20052,24,14,2,1782339435.522348
2329,MVI_20052,25,0,0,1782339435.5715897
2330,MVI_20052,25,1,0,1782339435.6024103
2331,MVI_20052,25,2,0,1782339435.642574
2332,MVI_20052,25,3,0,1782339435.6824412
2333,MVI_20052,25,4,0,1782339435.722303
2334,MVI_20052,25,5,0,1782339435.762352
2335,MVI_20052,25,6,0,1782339435.802366
2336,MVI_20052,25,7,0,1782339435.8424544
2337,MVI_20052,25,8,0,1782339435.882398
2338,MVI_20052,25,9,0,1782339435.9223928
2339,MVI_20052,25,10,0,1782339435.9623659
2340,MVI_20052,25,11,0,1782339436.0023885
2341,MVI_20052,25,12,0,1782339436.0423255
2342,MVI_20052,25,13,0,1782339436.082416
2343,MVI_20052,25,14,1,1782339436.1223202
2344,MVI_20052,25,15,2,1782339436.1623693
2345,MVI_20052,26,0,0,1782339436.2130466
2346,MVI_20052,26,1,0,1782339436.2423558
2347,MVI_20052,26,2,0,1782339436.2823997
2348,MVI_20052,26,3,0,1782339436.3224537
2349,MVI_20052,26,4,0,1782339436.3624597
2350,MVI_20052,26,5,0,1782339436.4024885
2351,MVI_20052,26,6,0,1782339436.4424078
2352,MVI_20052,26,7,0,1782339436.4824455
2353,MVI_20052,26,8,0,1782339436.5223913
2354,MVI_20052,26,9,0,1782339436.5623522
2355,MVI_20052,26,10,0,1782339436.6023536
2356,MVI_20052,26,11,0,1782339436.642311
2357,MVI_20052,26,12,0,1782339436.6824074
2358,MVI_20052,26,13,0,1782339436.7223973
2359,MVI_20052,26,14,1,1782339436.7623413
2360,MVI_20052,26,15,2,1782339436.80241
2361,MVI_20052,27,0,0,1782339436.851234
2362,MVI_20052,27,1,0,1782339436.8823025
2363,MVI_20052,27,2,0,1782339436.9223127
2364,MVI_20052,27,3,0,1782339436.9625525
2365,MVI_20052,27,4,0,1782339437.0023022
2366,MVI_20052,27,5,0,1782339437.0423546
2367,MVI_20052,27,6,0,1782339437.0823567
2368,MVI_20052,27,7,0,1782339437.1224167
2369,MVI_20052,27,8,0,1782339437.1625323
2370,MVI_20052,27,9,0,1782339437.2024422
2371,MVI_20052,27,10,0,1782339437.2423396
2372,MVI_20052,27,11,0,1782339437.282354
2373,MVI_20052,27,12,0,1782339437.3223484
2374,MVI_20052,27,13,0,1782339437.3624623
2375,MVI_20052,27,14,1,1782339437.40237
2376,MVI_20052,27,15,2,1782339437.4424038
2377,MVI_20052,28,0,0,1782339437.4923518
2378,MVI_20052,28,1,0,1782339437.522343
2379,MVI_20052,28,2,0,1782339437.5624013
2380,MVI_20052,28,3,0,1782339437.6024005
2381,MVI_20052,28,4,0,1782339437.6423302
2382,MVI_20052,28,5,0,1782339437.6824408
2383,MVI_20052,28,6,0,1782339437.7224195
2384,MVI_20052,28,7,0,1782339437.7624075
2385,MVI_20052,28,8,0,1782339437.8023396
2386,MVI_20052,28,9,0,1782339437.8424187
2387,MVI_20052,28,10,0,1782339437.882348
2388,MVI_20052,28,11,0,1782339437.9224708
2389,MVI_20052,28,12,0,1782339437.9624593
2390,MVI_20052,28,13,0,1782339438.002476
2391,MVI_20052,28,14,1,1782339438.0423472
2392,MVI_20052,28,15,2,1782339438.082266
2393,MVI_20052,29,0,0,1782339438.1325448
2394,MVI_20052,29,1,0,1782339438.162468
2395,MVI_20052,29,2,0,1782339438.202486
2396,MVI_20052,29,3,0,1782339438.2423463
2397,MVI_20052,29,4,0,1782339438.2823582
2398,MVI_20052,29,5,0,1782339438.3223438
2399,MVI_20052,29,6,0,1782339438.3624718
2400,MVI_20052,29,7,0,1782339438.4024153
2401,MVI_20052,29,8,0,1782339438.4423196
2402,MVI_20052,29,9,0,1782339438.4824035
2403,MVI_20052,29,10,0,1782339438.522357
2404,MVI_20052,29,11,0,1782339438.5624487
2405,MVI_20052,29,12,0,1782339438.6024077
2406,MVI_20052,29,13,0,1782339438.6423452
2407,MVI_20052,29,14,1,1782339438.6824489
2408,MVI_20052,29,15,2,1782339438.7223854
2409,MVI_20052,30,0,0,1782339438.770466
2410,MVI_20052,30,1,0,1782339438.8023472
2411,MVI_20052,30,2,0,1782339438.8424559
2412,MVI_20052,30,3,0,1782339438.8823614
2413,MVI_20052,30,4,0,1782339438.9223022
2414,MVI_20052,30,5,0,1782339438.9624066
2415,MVI_20052,30,6,0,1782339439.0024698
2416,MVI_20052,30,7,0,1782339439.0423543
2417,MVI_20052,30,8,0,1782339439.0823698
2418,MVI_20052,30,9,0,1782339439.1224496
2419,MVI_20052,30,10,0,1782339439.1623492
2420,MVI_20052,30,11,0,1782339439.2023606
2421,MVI_20052,30,12,0,1782339439.2424228
2422,MVI_20052,30,13,0,1782339439.282353
2423,MVI_20052,30,14,1,1782339439.3223674
2424,MVI_20052,30,15,2,1782339439.3623667
2425,MVI_20052,31,0,0,1782339439.4146135
2426,MVI_20052,31,1,0,1782339439.4424734
2427,MVI_20052,31,2,0,1782339439.4824317
2428,MVI_20052,31,3,0,1782339439.5224032
2429,MVI_20052,31,4,0,1782339439.5624435
2430,MVI_20052,31,5,0,1782339439.6023407
2431,MVI_20052,31,6,0,1782339439.642452
2432,MVI_20052,31,7,0,1782339439.6823068
2433,MVI_20052,31,8,0,1782339439.7223544
2434,MVI_20052,31,9,0,1782339439.7624795
2435,MVI_20052,31,10,0,1782339439.8024056
2436,MVI_20052,31,11,0,1782339439.8424187
2437,MVI_20052,31,12,0,1782339439.8823926
2438,MVI_20052,31,13,0,1782339439.922418
2439,MVI_20052,31,14,1,1782339439.962386
2440,MVI_20052,31,15,2,1782339440.0023296
2441,MVI_20052,32,0,0,1782339440.0516508
2442,MVI_20052,32,1,0,1782339440.082375
2443,MVI_20052,32,2,0,1782339440.1224322
2444,MVI_20052,32,3,0,1782339440.1625543
2445,MVI_20052,32,4,0,1782339440.2023542
2446,MVI_20052,32,5,0,1782339440.2423792
2447,MVI_20052,32,6,0,1782339440.2823894
2448,MVI_20052,32,7,0,1782339440.3223844
2449,MVI_20052,32,8,0,1782339440.3623474
2450,MVI_20052,32,9,0,1782339440.4024131
2451,MVI_20052,32,10,0,1782339440.442494
2452,MVI_20052,32,11,0,1782339440.4823492
2453,MVI_20052,32,12,0,1782339440.5223033
2454,MVI_20052,32,13,0,1782339440.5629735
2455,MVI_20052,32,14,1,1782339440.602478
2456,MVI_20052,32,15,2,1782339440.642435
2457,MVI_20052,33,0,0,1782339440.691607
2458,MVI_20052,33,1,0,1782339440.7223482
2459,MVI_20052,33,2,0,1782339440.7623844
2460,MVI_20052,33,3,0,1782339440.8024564
2461,MVI_20052,33,4,0,1782339440.8424942
2462,MVI_20052,33,5,0,1782339440.8824532
2463,MVI_20052,33,6,0,1782339440.9223456
2464,MVI_20052,33,7,0,1782339440.9624093
2465,MVI_20052,33,8,0,1782339441.0024643
2466,MVI_20052,33,9,0,1782339441.0424712
2467,MVI_20052,33,10,0,1782339441.08235
2468,MVI_20052,33,11,0,1782339441.1223924
2469,MVI_20052,33,12,0,1782339441.16235
2470,MVI_20052,33,13,0,1782339441.202456
2471,MVI_20052,33,14,1,1782339441.2423954
2472,MVI_20052,33,15,2,1782339441.2825232
2473,MVI_20052,34,0,0,1782339441.329942
2474,MVI_20052,34,1,0,1782339441.3623497
2475,MVI_20052,34,2,0,1782339441.402383
2476,MVI_20052,34,3,0,1782339441.4423954
2477,MVI_20052,34,4,0,1782339441.4824915
2478,MVI_20052,34,5,0,1782339441.5223951
2479,MVI_20052,34,6,0,1782339441.5624776
2480,MVI_20052,34,7,0,1782339441.6024995
2481,MVI_20052,34,8,0,1782339441.6424594
2482,MVI_20052,34,9,0,1782339441.6824217
2483,MVI_20052,34,10,0,1782339441.7223954
2484,MVI_20052,34,11,0,1782339441.7624557
2485,MVI_20052,34,12,0,1782339441.8023424
2486,MVI_20052,34,13,0,1782339441.842391
2487,MVI_20052,34,14,1,1782339441.8823524
2488,MVI_20052,34,15,2,1782339441.922415
2489,MVI_20052,35,0,0,1782339441.96994
2490,MVI_20052,35,1,0,1782339442.002454
2491,MVI_20052,35,2,0,1782339442.0424483
2492,MVI_20052,35,3,0,1782339442.0823755
2493,MVI_20052,35,4,0,1782339442.1223946
2494,MVI_20052,35,5,0,1782339442.1625016
2495,MVI_20052,35,6,0,1782339442.2024653
2496,MVI_20052,35,7,0,1782339442.2423544
2497,MVI_20052,35,8,0,1782339442.2823606
2498,MVI_20052,35,9,0,1782339442.3223794
2499,MVI_20052,35,10,0,1782339442.3624537
2500,MVI_20052,35,11,0,1782339442.402365
2501,MVI_20052,35,12,0,1782339442.4423678
2502,MVI_20052,35,13,0,1782339442.482393
2503,MVI_20052,35,14,1,1782339442.522415
2504,MVI_20052,35,15,2,1782339442.5623193
2505,MVI_20052,36,0,0,1782339442.6121979
2506,MVI_20052,36,1,0,1782339442.6423738
2507,MVI_20052,36,2,0,1782339442.6823916
2508,MVI_20052,36,3,0,1782339442.7223635
2509,MVI_20052,36,4,0,1782339442.762352
2510,MVI_20052,36,5,0,1782339442.8023205
2511,MVI_20052,36,6,0,1782339442.8423085
2512,MVI_20052,36,7,0,1782339442.8824503
2513,MVI_20052,36,8,0,1782339442.9223926
2514,MVI_20052,36,9,0,1782339442.962364
2515,MVI_20052,36,10,0,1782339443.0024014
2516,MVI_20052,36,11,0,1782339443.0423255
2517,MVI_20052,36,12,0,1782339443.082333
2518,MVI_20052,36,13,0,1782339443.1223865
2519,MVI_20052,36,14,1,1782339443.1623511
2520,MVI_20052,36,15,2,1782339443.2022915
2521,MVI_20052,37,0,0,1782339443.2521117
2522,MVI_20052,37,1,0,1782339443.2823973
2523,MVI_20052,37,2,0,1782339443.3224583
2524,MVI_20052,37,3,0,1782339443.362319
2525,MVI_20052,37,4,0,1782339443.4023507
2526,MVI_20052,37,5,0,1782339443.4424498
2527,MVI_20052,37,6,0,1782339443.4823532
2528,MVI_20052,37,7,0,1782339443.5223582
2529,MVI_20052,37,8,0,1782339443.5624397
2530,MVI_20052,37,9,0,1782339443.6023312
2531,MVI_20052,37,10,0,1782339443.642345
2532,MVI_20052,37,11,0,1782339443.682352
2533,MVI_20052,37,12,0,1782339443.7223482
2534,MVI_20052,37,13,0,1782339443.7623336
2535,MVI_20052,37,14,1,1782339443.8023877
2536,MVI_20052,37,15,0,1782339443.84234
2537,MVI_20052,37,16,2,1782339443.8823838
2538,MVI_20052,38,0,0,1782339443.933365
2539,MVI_20052,38,1,0,1782339443.9623485
2540,MVI_20052,38,2,0,1782339444.002392
2541,MVI_20052,38,3,0,1782339444.0423553
2542,MVI_20052,38,4,0,1782339444.0823464
2543,MVI_20052,38,5,0,1782339444.1223292
2544,MVI_20052,38,6,0,1782339444.1623642
2545,MVI_20052,38,7,0,1782339444.2023225
2546,MVI_20052,38,8,0,1782339444.2423918
2547,MVI_20052,38,9,0,1782339444.282367
2548,MVI_20052,38,10,0,1782339444.3224611
2549,MVI_20052,38,11,0,1782339444.3623724
2550,MVI_20052,38,12,0,1782339444.4023976
2551,MVI_20052,38,13,0,1782339444.4423718
2552,MVI_20052,38,14,1,1782339444.482304
2553,MVI_20052,38,15,0,1782339444.5224502
2554,MVI_20052,38,16,2,1782339444.5624037
2555,MVI_20052,39,0,0,1782339444.611965
2556,MVI_20052,39,1,0,1782339444.642396
2557,MVI_20052,39,2,0,1782339444.6824274
2558,MVI_20052,39,3,0,1782339444.7224042
2559,MVI_20052,39,4,0,1782339444.7623582
2560,MVI_20052,39,5,0,1782339444.8023367
2561,MVI_20052,39,6,0,1782339444.842346
2562,MVI_20052,39,7,0,1782339444.8823414
2563,MVI_20052,39,8,0,1782339444.9223042
2564,MVI_20052,39,9,0,1782339444.962385
2565,MVI_20052,39,10,0,1782339445.0024111
2566,MVI_20052,39,11,0,1782339445.042391
2567,MVI_20052,39,12,0,1782339445.082315
2568,MVI_20052,39,13,0,1782339445.122367
2569,MVI_20052,39,14,1,1782339445.1623416
2570,MVI_20052,39,15,0,1782339445.2023125
2571,MVI_20052,39,16,2,1782339445.2423713
2572,MVI_20052,40,0,0,1782339445.2934093
2573,MVI_20052,40,1,0,1782339445.3223522
2574,MVI_20052,40,2,0,1782339445.362351
2575,MVI_20052,40,3,0,1782339445.402426
2576,MVI_20052,40,4,0,1782339445.4423122
2577,MVI_20052,40,5,0,1782339445.4824002
2578,MVI_20052,40,6,0,1782339445.5223525
2579,MVI_20052,40,7,0,1782339445.5623457
2580,MVI_20052,40,8,0,1782339445.6023517
2581,MVI_20052,40,9,0,1782339445.6424046
2582,MVI_20052,40,10,0,1782339445.682452
2583,MVI_20052,40,11,0,1782339445.7223535
2584,MVI_20052,40,12,0,1782339445.7623525
2585,MVI_20052,40,13,0,1782339445.8023531
2586,MVI_20052,40,14,1,1782339445.8423457
2587,MVI_20052,40,15,0,1782339445.8825057
2588,MVI_20052,40,16,2,1782339445.9224489
2589,MVI_20052,41,0,0,1782339445.9723966
2590,MVI_20052,41,1,0,1782339446.0023909
2591,MVI_20052,41,2,0,1782339446.042398
2592,MVI_20052,41,3,0,1782339446.082311
2593,MVI_20052,41,4,0,1782339446.1223278
2594,MVI_20052,41,5,0,1782339446.1623728
2595,MVI_20052,41,6,0,1782339446.2023556
2596,MVI_20052,41,7,0,1782339446.2424273
2597,MVI_20052,41,8,0,1782339446.2823024
2598,MVI_20052,41,9,0,1782339446.3222935
2599,MVI_20052,41,10,0,1782339446.3623927
2600,MVI_20052,41,11,0,1782339446.4023116
2601,MVI_20052,41,12,0,1782339446.442321
2602,MVI_20052,41,13,0,1782339446.4824522
2603,MVI_20052,41,14,1,1782339446.5223868
2604,MVI_20052,41,15,0,1782339446.562383
2605,MVI_20052,41,16,2,1782339446.6023302
2606,MVI_20052,42,0,0,1782339446.6520438
2607,MVI_20052,42,1,0,1782339446.682331
2608,MVI_20052,42,2,0,1782339446.7224152
2609,MVI_20052,42,3,0,1782339446.7625473
2610,MVI_20052,42,4,0,1782339446.8023329
2611,MVI_20052,42,5,0,1782339446.8424242
2612,MVI_20052,42,6,0,1782339446.8824189
2613,MVI_20052,42,7,0,1782339446.9225452
2614,MVI_20052,42,8,0,1782339446.962332
2615,MVI_20052,42,9,0,1782339447.0023248
2616,MVI_20052,42,10,0,1782339447.0423238
2617,MVI_20052,42,11,0,1782339447.0823376
2618,MVI_20052,42,12,0,1782339447.1223872
2619,MVI_20052,42,13,0,1782339447.1623518
2620,MVI_20052,42,14,1,1782339447.202353
2621,MVI_20052,42,15,0,1782339447.242466
2622,MVI_20052,42,16,2,1782339447.282456
2623,MVI_20052,43,0,0,1782339447.3332043
2624,MVI_20052,43,1,0,1782339447.362464
2625,MVI_20052,43,2,0,1782339447.4023478
2626,MVI_20052,43,3,0,1782339447.442397
2627,MVI_20052,43,4,0,1782339447.4823751
2628,MVI_20052,43,5,0,1782339447.5223029
2629,MVI_20052,43,6,0,1782339447.562354
2630,MVI_20052,43,7,0,1782339447.6024256
2631,MVI_20052,43,8,0,1782339447.6424522
2632,MVI_20052,43,9,0,1782339447.6824095
2633,MVI_20052,43,10,0,1782339447.7225084
2634,MVI_20052,43,11,0,1782339447.7625828
2635,MVI_20052,43,12,0,1782339447.802472
2636,MVI_20052,43,13,0,1782339447.8424885
2637,MVI_20052,43,14,1,1782339447.8823545
2638,MVI_20052,43,15,0,1782339447.9223042
2639,MVI_20052,43,16,2,1782339447.9623573
2640,MVI_20052,44,0,0,1782339448.0113301
2641,MVI_20052,44,1,0,1782339448.0424213
2642,MVI_20052,44,2,0,1782339448.0824878
2643,MVI_20052,44,3,0,1782339448.1224084
2644,MVI_20052,44,4,0,1782339448.1623876
2645,MVI_20052,44,5,0,1782339448.2024686
2646,MVI_20052,44,6,0,1782339448.2424371
2647,MVI_20052,44,7,0,1782339448.282461
2648,MVI_20052,44,8,0,1782339448.3225498
2649,MVI_20052,44,9,0,1782339448.362358
2650,MVI_20052,44,10,0,1782339448.402368
2651,MVI_20052,44,11,0,1782339448.4426718
2652,MVI_20052,44,12,0,1782339448.4823887
2653,MVI_20052,44,13,0,1782339448.52233
2654,MVI_20052,44,14,1,1782339448.5625472
2655,MVI_20052,44,15,0,1782339448.602368
2656,MVI_20052,44,16,2,1782339448.6423898
2657,MVI_20052,45,0,0,1782339448.6934268
2658,MVI_20052,45,1,0,1782339448.7224643
2659,MVI_20052,45,2,0,1782339448.7623265
2660,MVI_20052,45,3,0,1782339448.8023875
2661,MVI_20052,45,4,0,1782339448.8423436
2662,MVI_20052,45,5,0,1782339448.8823445
2663,MVI_20052,45,6,0,1782339448.9225194
2664,MVI_20052,45,7,0,1782339448.9623554
2665,MVI_20052,45,8,0,1782339449.0024486
2666,MVI_20052,45,9,0,1782339449.0424411
2667,MVI_20052,45,10,0,1782339449.0823236
2668,MVI_20052,45,11,0,1782339449.1224027
2669,MVI_20052,45,12,0,1782339449.1623695
2670,MVI_20052,45,13,0,1782339449.202296
2671,MVI_20052,45,14,1,1782339449.242341
2672,MVI_20052,45,15,0,1782339449.2823071
2673,MVI_20052,45,16,2,1782339449.3224902
2674,MVI_20052,46,0,0,1782339449.3717573
2675,MVI_20052,46,1,0,1782339449.4023404
2676,MVI_20052,46,2,0,1782339449.4424477
2677,MVI_20052,46,3,0,1782339449.4823256
2678,MVI_20052,46,4,0,1782339449.5223796
2679,MVI_20052,46,5,0,1782339449.5623178
2680,MVI_20052,46,6,0,1782339449.602312
2681,MVI_20052,46,7,0,1782339449.6423924
2682,MVI_20052,46,8,0,1782339449.682308
2683,MVI_20052,46,9,0,1782339449.7224567
2684,MVI_20052,46,10,0,1782339449.7623577
2685,MVI_20052,46,11,0,1782339449.8023016
2686,MVI_20052,46,12,0,1782339449.8423207
2687,MVI_20052,46,13,0,1782339449.8823423
2688,MVI_20052,46,14,1,1782339449.9223545
2689,MVI_20052,46,15,0,1782339449.9624228
2690,MVI_20052,46,16,2,1782339450.00232
2691,MVI_20052,47,0,0,1782339450.0520802
2692,MVI_20052,47,1,0,1782339450.0824463
2693,MVI_20052,47,2,0,1782339450.1223521
2694,MVI_20052,47,3,0,1782339450.1623528
2695,MVI_20052,47,4,0,1782339450.2024078
2696,MVI_20052,47,5,0,1782339450.242385
2697,MVI_20052,47,6,0,1782339450.2823992
2698,MVI_20052,47,7,0,1782339450.322302
2699,MVI_20052,47,8,0,1782339450.3623474
2700,MVI_20052,47,9,0,1782339450.402417
2701,MVI_20052,47,10,0,1782339450.4423046
2702,MVI_20052,47,11,0,1782339450.482338
2703,MVI_20052,47,12,0,1782339450.522584
2704,MVI_20052,47,13,0,1782339450.5623066
2705,MVI_20052,47,14,1,1782339450.6024694
2706,MVI_20052,47,15,0,1782339450.6423635
2707,MVI_20052,47,16,2,1782339450.6824095
2708,MVI_20052,48,0,0,1782339450.730791
2709,MVI_20052,48,1,0,1782339450.7624245
2710,MVI_20052,48,2,0,1782339450.8023248
2711,MVI_20052,48,3,0,1782339450.8423548
2712,MVI_20052,48,4,0,1782339450.882346
2713,MVI_20052,48,5,0,1782339450.922303
2714,MVI_20052,48,6,0,1782339450.962527
2715,MVI_20052,48,7,0,1782339451.0024366
2716,MVI_20052,48,8,0,1782339451.0423536
2717,MVI_20052,48,9,0,1782339451.0822983
2718,MVI_20052,48,10,0,1782339451.1222997
2719,MVI_20052,48,11,0,1782339451.162348
2720,MVI_20052,48,12,0,1782339451.2023182
2721,MVI_20052,48,13,0,1782339451.242414
2722,MVI_20052,48,14,1,1782339451.282331
2723,MVI_20052,48,15,0,1782339451.3224163
2724,MVI_20052,48,16,2,1782339451.3623438
2725,MVI_20052,49,0,0,1782339451.4160109
2726,MVI_20052,49,1,0,1782339451.442308
2727,MVI_20052,49,2,0,1782339451.482325
2728,MVI_20052,49,3,0,1782339451.5223575
2729,MVI_20052,49,4,0,1782339451.5623727
2730,MVI_20052,49,5,0,1782339451.6024134
2731,MVI_20052,49,6,0,1782339451.642338
2732,MVI_20052,49,7,0,1782339451.6823404
2733,MVI_20052,49,8,0,1782339451.7223363
2734,MVI_20052,49,9,0,1782339451.762412
2735,MVI_20052,49,10,0,1782339451.8023515
2736,MVI_20052,49,11,0,1782339451.8423023
2737,MVI_20052,49,12,0,1782339451.8823283
2738,MVI_20052,49,13,0,1782339451.9224975
2739,MVI_20052,49,14,1,1782339451.9624665
2740,MVI_20052,49,15,0,1782339452.0023596
2741,MVI_20052,49,16,2,1782339452.042512
2742,MVI_20052,50,0,0,1782339452.0915005
2743,MVI_20052,50,1,0,1782339452.122388
2744,MVI_20052,50,2,0,1782339452.1623485
2745,MVI_20052,50,3,0,1782339452.2024608
2746,MVI_20052,50,4,0,1782339452.2423038
2747,MVI_20052,50,5,0,1782339452.282526
2748,MVI_20052,50,6,0,1782339452.322349
2749,MVI_20052,50,7,0,1782339452.36236
2750,MVI_20052,50,8,0,1782339452.402457
2751,MVI_20052,50,9,0,1782339452.442354
2752,MVI_20052,50,10,0,1782339452.4823477
2753,MVI_20052,50,11,0,1782339452.52232
2754,MVI_20052,50,12,0,1782339452.5623424
2755,MVI_20052,50,13,0,1782339452.602323
2756,MVI_20052,50,14,1,1782339452.6423595
2757,MVI_20052,50,15,0,1782339452.6823168
2758,MVI_20052,50,16,2,1782339452.7223198
2759,MVI_20061,1,0,0,1782339452.9202893
2760,MVI_20061,1,1,0,1782339452.9203215
2761,MVI_20061,1,2,1,1782339452.9203403
2762,MVI_20061,1,3,0,1782339452.920354
2763,MVI_20061,1,4,1,1782339452.9222744
2764,MVI_20061,1,5,0,1782339452.9623306
2765,MVI_20061,1,6,0,1782339453.0023673
2766,MVI_20061,1,7,0,1782339453.0423207
2767,MVI_20061,1,8,0,1782339453.0824287
2768,MVI_20061,1,9,0,1782339453.1223705
2769,MVI_20061,1,10,0,1782339453.1623526
2770,MVI_20061,1,11,0,1782339453.2023513
2771,MVI_20061,1,12,0,1782339453.2423513
2772,MVI_20061,1,13,1,1782339453.282375
2773,MVI_20061,1,14,0,1782339453.3223119
2774,MVI_20061,1,15,0,1782339453.362312
2775,MVI_20061,1,16,0,1782339453.4024537
2776,MVI_20061,2,0,0,1782339453.4511466
2777,MVI_20061,2,1,0,1782339453.4823506
2778,MVI_20061,2,2,1,1782339453.5223532
2779,MVI_20061,2,3,0,1782339453.5623293
2780,MVI_20061,2,4,1,1782339453.6023195
2781,MVI_20061,2,5,0,1782339453.6423686
2782,MVI_20061,2,6,0,1782339453.682434
2783,MVI_20061,2,7,0,1782339453.722412
2784,MVI_20061,2,8,0,1782339453.7624018
2785,MVI_20061,2,9,0,1782339453.8023157
2786,MVI_20061,2,10,0,1782339453.842404
2787,MVI_20061,2,11,0,1782339453.8823156
2788,MVI_20061,2,12,0,1782339453.922348
2789,MVI_20061,2,13,1,1782339453.9624095
2790,MVI_20061,2,14,0,1782339454.0023735
2791,MVI_20061,2,15,0,1782339454.042412
2792,MVI_20061,2,16,0,1782339454.0823784
2793,MVI_20061,3,0,0,1782339454.1312506
2794,MVI_20061,3,1,0,1782339454.1623256
2795,MVI_20061,3,2,1,1782339454.2023115
2796,MVI_20061,3,3,0,1782339454.242341
2797,MVI_20061,3,4,1,1782339454.2823858
2798,MVI_20061,3,5,0,1782339454.3223403
2799,MVI_20061,3,6,0,1782339454.3623512
2800,MVI_20061,3,7,0,1782339454.40246
2801,MVI_20061,3,8,0,1782339454.442329
2802,MVI_20061,3,9,0,1782339454.4823225
2803,MVI_20061,3,10,0,1782339454.522477
2804,MVI_20061,3,11,0,1782339454.5624568
2805,MVI_20061,3,12,0,1782339454.6023743
2806,MVI_20061,3,13,1,1782339454.6423573
2807,MVI_20061,3,14,0,1782339454.6824212
2808,MVI_20061,3,15,0,1782339454.7225208
2809,MVI_20061,3,16,0,1782339454.7623386
2810,MVI_20061,4,0,0,1782339454.8103397
2811,MVI_20061,4,1,0,1782339454.8424559
2812,MVI_20061,4,2,1,1782339454.8824663
2813,MVI_20061,4,3,0,1782339454.9223492
2814,MVI_20061,4,4,1,1782339454.9623024
2815,MVI_20061,4,5,0,1782339455.0026517
2816,MVI_20061,4,6,0,1782339455.0423284
2817,MVI_20061,4,7,0,1782339455.0823433
2818,MVI_20061,4,8,0,1782339455.1223524
2819,MVI_20061,4,9,0,1782339455.1624572
2820,MVI_20061,4,10,0,1782339455.2023194
2821,MVI_20061,4,11,0,1782339455.242359
2822,MVI_20061,4,12,0,1782339455.2823806
2823,MVI_20061,4,13,1,1782339455.3223174
2824,MVI_20061,4,14,0,1782339455.3624206
2825,MVI_20061,4,15,0,1782339455.4024277
2826,MVI_20061,4,16,0,1782339455.4425151
2827,MVI_20061,5,0,0,1782339455.4916375
2828,MVI_20061,5,1,0,1782339455.5223994
2829,MVI_20061,5,2,1,1782339455.5623436
2830,MVI_20061,5,3,0,1782339455.6024117
2831,MVI_20061,5,4,1,1782339455.6423533
2832,MVI_20061,5,5,0,1782339455.6824565
2833,MVI_20061,5,6,0,1782339455.7224782
2834,MVI_20061,5,7,0,1782339455.7623637
2835,MVI_20061,5,8,0,1782339455.8023367
2836,MVI_20061,5,9,0,1782339455.8424711
2837,MVI_20061,5,10,0,1782339455.8824396
2838,MVI_20061,5,11,0,1782339455.9225078
2839,MVI_20061,5,12,0,1782339455.9623806
2840,MVI_20061,5,13,1,1782339456.0024073
2841,MVI_20061,5,14,0,1782339456.0424645
2842,MVI_20061,5,15,0,1782339456.0824525
2843,MVI_20061,5,16,0,1782339456.1224113
2844,MVI_20061,6,0,0,1782339456.171335
2845,MVI_20061,6,1,0,1782339456.2024825
2846,MVI_20061,6,2,1,1782339456.2424312
2847,MVI_20061,6,3,0,1782339456.2824614
2848,MVI_20061,6,4,1,1782339456.3223562
2849,MVI_20061,6,5,0,1782339456.3623676
2850,MVI_20061,6,6,0,1782339456.4023888
2851,MVI_20061,6,7,0,1782339456.4424577
2852,MVI_20061,6,8,0,1782339456.4824653
2853,MVI_20061,6,9,0,1782339456.5223076
2854,MVI_20061,6,10,0,1782339456.5623436
2855,MVI_20061,6,11,0,1782339456.6023967
2856,MVI_20061,6,12,0,1782339456.6423385
2857,MVI_20061,6,13,1,1782339456.6823516
2858,MVI_20061,6,14,0,1782339456.72245
2859,MVI_20061,6,15,0,1782339456.7624161
2860,MVI_20061,6,16,0,1782339456.8023539
2861,MVI_20061,7,0,0,1782339456.8528547
2862,MVI_20061,7,1,0,1782339456.882515
2863,MVI_20061,7,2,1,1782339456.9224517
2864,MVI_20061,7,3,0,1782339456.9625158
2865,MVI_20061,7,4,1,1782339457.0023558
2866,MVI_20061,7,5,0,1782339457.042396
2867,MVI_20061,7,6,0,1782339457.0823445
2868,MVI_20061,7,7,0,1782339457.122476
2869,MVI_20061,7,8,0,1782339457.1623456
2870,MVI_20061,7,9,0,1782339457.2025216
2871,MVI_20061,7,10,0,1782339457.2423525
2872,MVI_20061,7,11,0,1782339457.2824485
2873,MVI_20061,7,12,0,1782339457.3223865
2874,MVI_20061,7,13,1,1782339457.3625202
2875,MVI_20061,7,14,0,1782339457.4023871
2876,MVI_20061,7,15,0,1782339457.442385
2877,MVI_20061,7,16,0,1782339457.482438
2878,MVI_20061,7,17,0,1782339457.5224724
2879,MVI_20061,8,0,0,1782339457.574064
2880,MVI_20061,8,1,0,1782339457.6023262
2881,MVI_20061,8,2,1,1782339457.6424336
2882,MVI_20061,8,3,0,1782339457.6824493
2883,MVI_20061,8,4,1,1782339457.722477
2884,MVI_20061,8,5,0,1782339457.7623506
2885,MVI_20061,8,6,0,1782339457.802396
2886,MVI_20061,8,7,0,1782339457.84235
2887,MVI_20061,8,8,0,1782339457.8823903
2888,MVI_20061,8,9,0,1782339457.9223716
2889,MVI_20061,8,10,0,1782339457.9624534
2890,MVI_20061,8,11,0,1782339458.0025427
2891,MVI_20061,8,12,0,1782339458.0423646
2892,MVI_20061,8,13,1,1782339458.0823085
2893,MVI_20061,8,14,0,1782339458.1224477
2894,MVI_20061,8,15,0,1782339458.1624484
2895,MVI_20061,8,16,0,1782339458.2023706
2896,MVI_20061,8,17,0,1782339458.242512
2897,MVI_20061,9,0,0,1782339458.291398
2898,MVI_20061,9,1,0,1782339458.3224854
2899,MVI_20061,9,2,1,1782339458.3624194
2900,MVI_20061,9,3,0,1782339458.4023955
2901,MVI_20061,9,4,1,1782339458.4424183
2902,MVI_20061,9,5,0,1782339458.482348
2903,MVI_20061,9,6,0,1782339458.5224757
2904,MVI_20061,9,7,0,1782339458.5625536
2905,MVI_20061,9,8,0,1782339458.6023092
2906,MVI_20061,9,9,0,1782339458.6423392
2907,MVI_20061,9,10,0,1782339458.6823785
2908,MVI_20061,9,11,0,1782339458.7224622
2909,MVI_20061,9,12,0,1782339458.7624302
2910,MVI_20061,9,13,1,1782339458.8023927
2911,MVI_20061,9,14,0,1782339458.842451
2912,MVI_20061,9,15,0,1782339458.8824914
2913,MVI_20061,9,16,0,1782339458.9224663
2914,MVI_20061,9,17,0,1782339458.962332
2915,MVI_20061,10,0,0,1782339459.0101151
2916,MVI_20061,10,1,0,1782339459.0425022
2917,MVI_20061,10,2,1,1782339459.0823886
2918,MVI_20061,10,3,0,1782339459.1224236
2919,MVI_20061,10,4,1,1782339459.1624665
2920,MVI_20061,10,5,0,1782339459.2024658
2921,MVI_20061,10,6,0,1782339459.243141
2922,MVI_20061,10,7,0,1782339459.2828255
2923,MVI_20061,10,8,0,1782339459.3224506
2924,MVI_20061,10,9,0,1782339459.3623526
2925,MVI_20061,10,10,0,1782339459.402419
2926,MVI_20061,10,11,0,1782339459.4424646
2927,MVI_20061,10,12,0,1782339459.4823356
2928,MVI_20061,10,13,1,1782339459.5223913
2929,MVI_20061,10,14,0,1782339459.562459
2930,MVI_20061,10,15,0,1782339459.6024802
2931,MVI_20061,10,16,0,1782339459.6425855
2932,MVI_20061,10,17,0,1782339459.6824648
2933,MVI_20061,11,0,0,1782339459.7339606
2934,MVI_20061,11,1,0,1782339459.76253
2935,MVI_20061,11,2,1,1782339459.8025591
2936,MVI_20061,11,3,0,1782339459.8424907
2937,MVI_20061,11,4,1,1782339459.882405
2938,MVI_20061,11,5,0,1782339459.9223194
2939,MVI_20061,11,6,0,1782339459.962373
2940,MVI_20061,11,7,0,1782339460.0024545
2941,MVI_20061,11,8,0,1782339460.0423274
2942,MVI_20061,11,9,0,1782339460.0824375
2943,MVI_20061,11,10,0,1782339460.1225405
2944,MVI_20061,11,11,0,1782339460.1623228
2945,MVI_20061,11,12,0,1782339460.2024536
2946,MVI_20061,11,13,1,1782339460.242376
2947,MVI_20061,11,14,0,1782339460.2823129
2948,MVI_20061,11,15,0,1782339460.3224409
2949,MVI_20061,11,16,0,1782339460.362489
2950,MVI_20061,11,17,0,1782339460.4024532
2951,MVI_20061,12,0,0,1782339460.4540377
2952,MVI_20061,12,1,0,1782339460.4827683
2953,MVI_20061,12,2,1,1782339460.5223951
2954,MVI_20061,12,3,0,1782339460.562384
2955,MVI_20061,12,4,1,1782339460.6023831
2956,MVI_20061,12,5,0,1782339460.642396
2957,MVI_20061,12,6,0,1782339460.6823628
2958,MVI_20061,12,7,0,1782339460.7223694
2959,MVI_20061,12,8,0,1782339460.7623596
2960,MVI_20061,12,9,0,1782339460.8025713
2961,MVI_20061,12,10,0,1782339460.8423443
2962,MVI_20061,12,11,0,1782339460.882328
2963,MVI_20061,12,12,0,1782339460.9223552
2964,MVI_20061,12,13,1,1782339460.9624112
2965,MVI_20061,12,14,0,1782339461.0025089
2966,MVI_20061,12,15,0,1782339461.0425637
2967,MVI_20061,12,16,0,1782339461.0823638
2968,MVI_20061,12,17,0,1782339461.122344
2969,MVI_20061,13,0,0,1782339461.1732662
2970,MVI_20061,13,1,0,1782339461.2023797
2971,MVI_20061,13,2,1,1782339461.242384
2972,MVI_20061,13,3,0,1782339461.2833686
2973,MVI_20061,13,4,1,1782339461.3224385
2974,MVI_20061,13,5,0,1782339461.3623433
2975,MVI_20061,13,6,0,1782339461.4023669
2976,MVI_20061,13,7,0,1782339461.4425254
2977,MVI_20061,13,8,0,1782339461.482613
2978,MVI_20061,13,9,0,1782339461.5224128
2979,MVI_20061,13,10,0,1782339461.5623515
2980,MVI_20061,13,11,0,1782339461.602462
2981,MVI_20061,13,12,0,1782339461.6424546
2982,MVI_20061,13,13,1,1782339461.682417
2983,MVI_20061,13,14,0,1782339461.72234
2984,MVI_20061,13,15,0,1782339461.762385
2985,MVI_20061,13,16,0,1782339461.8023365
2986,MVI_20061,13,17,0,1782339461.8423338
2987,MVI_20061,14,0,0,1782339461.8911858
2988,MVI_20061,14,1,0,1782339461.9223351
2989,MVI_20061,14,2,1,1782339461.962364
2990,MVI_20061,14,3,0,1782339462.0024428
2991,MVI_20061,14,4,1,1782339462.0424433
2992,MVI_20061,14,5,0,1782339462.0824845
2993,MVI_20061,14,6,0,1782339462.1223857
2994,MVI_20061,14,7,0,1782339462.1623733
2995,MVI_20061,14,8,0,1782339462.2022989
2996,MVI_20061,14,9,0,1782339462.242435
2997,MVI_20061,14,10,0,1782339462.2825792
2998,MVI_20061,14,11,0,1782339462.3225427
2999,MVI_20061,14,12,0,1782339462.3624444
3000,MVI_20061,14,13,1,1782339462.40248
3001,MVI_20061,14,14,0,1782339462.4424374
3002,MVI_20061,14,15,0,1782339462.482455
3003,MVI_20061,14,16,0,1782339462.5224504
3004,MVI_20061,14,17,0,1782339462.56231
3005,MVI_20061,15,0,0,1782339462.6132972
3006,MVI_20061,15,1,0,1782339462.6424778
3007,MVI_20061,15,2,1,1782339462.6824968
3008,MVI_20061,15,3,0,1782339462.7223887
3009,MVI_20061,15,4,1,1782339462.762428
3010,MVI_20061,15,5,0,1782339462.802457
3011,MVI_20061,15,6,0,1782339462.842376
3012,MVI_20061,15,7,0,1782339462.8825102
3013,MVI_20061,15,8,0,1782339462.9223864
3014,MVI_20061,15,9,0,1782339462.962504
3015,MVI_20061,15,10,0,1782339463.0024598
3016,MVI_20061,15,11,0,1782339463.0429592
3017,MVI_20061,15,12,0,1782339463.0824082
3018,MVI_20061,15,13,1,1782339463.1224465
3019,MVI_20061,15,14,0,1782339463.1624646
3020,MVI_20061,15,15,0,1782339463.2023015
3021,MVI_20061,15,16,0,1782339463.2424526
3022,MVI_20061,15,17,0,1782339463.28236
3023,MVI_20061,16,0,0,1782339463.3325078
3024,MVI_20061,16,1,0,1782339463.3624558
3025,MVI_20061,16,2,1,1782339463.4023962
3026,MVI_20061,16,3,0,1782339463.4424615
3027,MVI_20061,16,4,1,1782339463.4830463
3028,MVI_20061,16,5,0,1782339463.522342
3029,MVI_20061,16,6,0,1782339463.5624042
3030,MVI_20061,16,7,0,1782339463.6024752
3031,MVI_20061,16,8,0,1782339463.6424503
3032,MVI_20061,16,9,0,1782339463.682581
3033,MVI_20061,16,10,0,1782339463.7224576
3034,MVI_20061,16,11,0,1782339463.7623913
3035,MVI_20061,16,12,0,1782339463.8023698
3036,MVI_20061,16,13,1,1782339463.8423398
3037,MVI_20061,16,14,0,1782339463.882416
3038,MVI_20061,16,15,0,1782339463.9223726
3039,MVI_20061,16,16,0,1782339463.9623423
3040,MVI_20061,16,17,0,1782339464.00234
3041,MVI_20061,17,0,0,1782339464.053403
3042,MVI_20061,17,1,0,1782339464.0823622
3043,MVI_20061,17,2,1,1782339464.1223373
3044,MVI_20061,17,3,0,1782339464.1624265
3045,MVI_20061,17,4,1,1782339464.2024963
3046,MVI_20061,17,5,0,1782339464.2423754
3047,MVI_20061,17,6,0,1782339464.282429
3048,MVI_20061,17,7,0,1782339464.3223531
3049,MVI_20061,17,8,0,1782339464.3623714
3050,MVI_20061,17,9,0,1782339464.4025152
3051,MVI_20061,17,10,0,1782339464.442451
3052,MVI_20061,17,11,0,1782339464.4824488
3053,MVI_20061,17,12,0,1782339464.5224426
3054,MVI_20061,17,13,1,1782339464.5624502
3055,MVI_20061,17,14,0,1782339464.6024005
3056,MVI_20061,17,15,0,1782339464.6424084
3057,MVI_20061,17,16,0,1782339464.6824183
3058,MVI_20061,17,17,0,1782339464.7224731
3059,MVI_20061,18,0,0,1782339464.7721324
3060,MVI_20061,18,1,0,1782339464.802384
3061,MVI_20061,18,2,1,1782339464.842351
3062,MVI_20061,18,3,0,1782339464.8824046
3063,MVI_20061,18,4,1,1782339464.9224598
3064,MVI_20061,18,5,0,1782339464.9624665
3065,MVI_20061,18,6,0,1782339465.002353
3066,MVI_20061,18,7,0,1782339465.042461
3067,MVI_20061,18,8,0,1782339465.0824015
3068,MVI_20061,18,9,0,1782339465.1224873
3069,MVI_20061,18,10,0,1782339465.162453
3070,MVI_20061,18,11,0,1782339465.2024782
3071,MVI_20061,18,12,0,1782339465.2424183
3072,MVI_20061,18,13,1,1782339465.2823613
3073,MVI_20061,18,14,0,1782339465.3224049
3074,MVI_20061,18,15,0,1782339465.362502
3075,MVI_20061,18,16,0,1782339465.4023268
3076,MVI_20061,18,17,0,1782339465.442522
3077,MVI_20061,19,0,0,1782339465.4910376
3078,MVI_20061,19,1,0,1782339465.5223484
3079,MVI_20061,19,2,1,1782339465.5623648
3080,MVI_20061,19,3,0,1782339465.6023905
3081,MVI_20061,19,4,1,1782339465.64246
3082,MVI_20061,19,5,0,1782339465.6823394
3083,MVI_20061,19,6,0,1782339465.7224617
3084,MVI_20061,19,7,0,1782339465.7624922
3085,MVI_20061,19,8,0,1782339465.8025212
3086,MVI_20061,19,9,0,1782339465.8423913
3087,MVI_20061,19,10,0,1782339465.8823183
3088,MVI_20061,19,11,0,1782339465.9223852
3089,MVI_20061,19,12,0,1782339465.96304
3090,MVI_20061,19,13,1,1782339466.0023801
3091,MVI_20061,19,14,0,1782339466.0423143
3092,MVI_20061,19,15,0,1782339466.08227
3093,MVI_20061,19,16,0,1782339466.1223447
3094,MVI_20061,19,17,0,1782339466.162792
3095,MVI_20061,20,0,0,1782339466.2130597
3096,MVI_20061,20,1,0,1782339466.243859
3097,MVI_20061,20,2,1,1782339466.282393
3098,MVI_20061,20,3,0,1782339466.3225925
3099,MVI_20061,20,4,1,1782339466.3624885
3100,MVI_20061,20,5,0,1782339466.4024746
3101,MVI_20061,20,6,0,1782339466.442322
3102,MVI_20061,20,7,0,1782339466.482482
3103,MVI_20061,20,8,0,1782339466.5223606
3104,MVI_20061,20,9,0,1782339466.5624874
3105,MVI_20061,20,10,0,1782339466.6024597
3106,MVI_20061,20,11,0,1782339466.642345
3107,MVI_20061,20,12,0,1782339466.6823778
3108,MVI_20061,20,13,1,1782339466.7225158
3109,MVI_20061,20,14,0,1782339466.76252
3110,MVI_20061,20,15,0,1782339466.8024142
3111,MVI_20061,20,16,0,1782339466.8424163
3112,MVI_20061,20,17,0,1782339466.8823352
3113,MVI_20061,21,0,0,1782339466.9312232
3114,MVI_20061,21,1,0,1782339466.962475
3115,MVI_20061,21,2,1,1782339467.0023646
3116,MVI_20061,21,3,0,1782339467.0424855
3117,MVI_20061,21,4,1,1782339467.0823812
3118,MVI_20061,21,5,0,1782339467.1224046
3119,MVI_20061,21,6,0,1782339467.1624637
3120,MVI_20061,21,7,0,1782339467.202438
3121,MVI_20061,21,8,0,1782339467.2425566
3122,MVI_20061,21,9,0,1782339467.2827477
3123,MVI_20061,21,10,0,1782339467.3223283
3124,MVI_20061,21,11,0,1782339467.3623278
3125,MVI_20061,21,12,0,1782339467.4024696
3126,MVI_20061,21,13,1,1782339467.4424927
3127,MVI_20061,21,14,0,1782339467.4830642
3128,MVI_20061,21,15,0,1782339467.5224292
3129,MVI_20061,21,16,0,1782339467.562427
3130,MVI_20061,21,17,0,1782339467.6024034
3131,MVI_20061,22,0,0,1782339467.6501062
3132,MVI_20061,22,1,0,1782339467.6825783
3133,MVI_20061,22,2,1,1782339467.7224998
3134,MVI_20061,22,3,0,1782339467.7623234
3135,MVI_20061,22,4,1,1782339467.8025727
3136,MVI_20061,22,5,0,1782339467.8423028
3137,MVI_20061,22,6,0,1782339467.882401
3138,MVI_20061,22,7,0,1782339467.922358
3139,MVI_20061,22,8,0,1782339467.9624627
3140,MVI_20061,22,9,0,1782339468.0025365
3141,MVI_20061,22,10,0,1782339468.042492
3142,MVI_20061,22,11,0,1782339468.0824964
3143,MVI_20061,22,12,0,1782339468.122305
3144,MVI_20061,22,13,1,1782339468.1623871
3145,MVI_20061,22,14,0,1782339468.2025135
3146,MVI_20061,22,15,0,1782339468.2424695
3147,MVI_20061,22,16,0,1782339468.282392
3148,MVI_20061,22,17,0,1782339468.3230941
3149,MVI_20061,23,0,0,1782339468.3732822
3150,MVI_20061,23,1,0,1782339468.4023955
3151,MVI_20061,23,2,1,1782339468.442494
3152,MVI_20061,23,3,0,1782339468.48247
3153,MVI_20061,23,4,1,1782339468.5223606
3154,MVI_20061,23,5,0,1782339468.5623007
3155,MVI_20061,23,6,0,1782339468.6024985
3156,MVI_20061,23,7,0,1782339468.6424382
3157,MVI_20061,23,8,0,1782339468.6830137
3158,MVI_20061,23,9,0,1782339468.7223926
3159,MVI_20061,23,10,0,1782339468.762458
3160,MVI_20061,23,11,0,1782339468.802351
3161,MVI_20061,23,12,0,1782339468.8427775
3162,MVI_20061,23,13,1,1782339468.8831224
3163,MVI_20061,23,14,0,1782339468.9223886
3164,MVI_20061,23,15,0,1782339468.9623566
3165,MVI_20061,23,16,0,1782339469.0023496
3166,MVI_20061,23,17,0,1782339469.0424144
3167,MVI_20061,24,0,0,1782339469.0912025
3168,MVI_20061,24,1,0,1782339469.1223853
3169,MVI_20061,24,2,1,1782339469.1623435
3170,MVI_20061,24,3,0,1782339469.202362
3171,MVI_20061,24,4,1,1782339469.242398
3172,MVI_20061,24,5,0,1782339469.282332
3173,MVI_20061,24,6,0,1782339469.3224697
3174,MVI_20061,24,7,0,1782339469.3629787
3175,MVI_20061,24,8,0,1782339469.4024246
3176,MVI_20061,24,9,0,1782339469.4423122
3177,MVI_20061,24,10,0,1782339469.4824355
3178,MVI_20061,24,11,0,1782339469.522582
3179,MVI_20061,24,12,0,1782339469.56233
3180,MVI_20061,24,13,1,1782339469.6023877
3181,MVI_20061,24,14,0,1782339469.6424694
3182,MVI_20061,24,15,0,1782339469.6824048
3183,MVI_20061,24,16,0,1782339469.7224138
3184,MVI_20061,24,17,0,1782339469.7624645
3185,MVI_20061,25,0,0,1782339469.8161645
3186,MVI_20061,25,1,0,1782339469.8423917
3187,MVI_20061,25,2,1,1782339469.8823185
3188,MVI_20061,25,3,0,1782339469.9224863
3189,MVI_20061,25,4,1,1782339469.9623678
3190,MVI_20061,25,5,0,1782339470.0024064
3191,MVI_20061,25,6,0,1782339470.042474
3192,MVI_20061,25,7,0,1782339470.08282
3193,MVI_20061,25,8,0,1782339470.1224182
3194,MVI_20061,25,9,0,1782339470.1624508
3195,MVI_20061,25,10,0,1782339470.2023427
3196,MVI_20061,25,11,0,1782339470.2426565
3197,MVI_20061,25,12,0,1782339470.2823517
3198,MVI_20061,25,13,1,1782339470.3223202
3199,MVI_20061,25,14,0,1782339470.3625398
3200,MVI_20061,25,15,0,1782339470.4023848
3201,MVI_20061,25,16,0,1782339470.4424677
3202,MVI_20061,25,17,0,1782339470.4823341
3203,MVI_20061,25,18,0,1782339470.5225186
3204,MVI_20061,26,0,0,1782339470.5736625
3205,MVI_20061,26,1,0,1782339470.602546
3206,MVI_20061,26,2,1,1782339470.6424685
3207,MVI_20061,26,3,0,1782339470.6823568
3208,MVI_20061,26,4,1,1782339470.7223647
3209,MVI_20061,26,5,0,1782339470.7623818
3210,MVI_20061,26,6,0,1782339470.8024752
3211,MVI_20061,26,7,0,1782339470.8424366
3212,MVI_20061,26,8,0,1782339470.8824556
3213,MVI_20061,26,9,0,1782339470.922325
3214,MVI_20061,26,10,0,1782339470.9624202
3215,MVI_20061,26,11,0,1782339471.0024855
3216,MVI_20061,26,12,0,1782339471.0423388
3217,MVI_20061,26,13,1,1782339471.0823722
3218,MVI_20061,26,14,0,1782339471.1224701
3219,MVI_20061,26,15,0,1782339471.162468
3220,MVI_20061,26,16,0,1782339471.2024574
3221,MVI_20061,26,17,0,1782339471.2424567
3222,MVI_20061,26,18,0,1782339471.2823944
3223,MVI_20061,27,0,0,1782339471.3357034
3224,MVI_20061,27,1,0,1782339471.362509
3225,MVI_20061,27,2,1,1782339471.4024718
3226,MVI_20061,27,3,0,1782339471.4424756
3227,MVI_20061,27,4,1,1782339471.4824688
3228,MVI_20061,27,5,0,1782339471.5223064
3229,MVI_20061,27,6,0,1782339471.562426
3230,MVI_20061,27,7,0,1782339471.6024942
3231,MVI_20061,27,8,0,1782339471.6423483
3232,MVI_20061,27,9,0,1782339471.6824327
3233,MVI_20061,27,10,0,1782339471.7223713
3234,MVI_20061,27,11,0,1782339471.762352
3235,MVI_20061,27,12,0,1782339471.8024013
3236,MVI_20061,27,13,1,1782339471.8423524
3237,MVI_20061,27,14,0,1782339471.8823206
3238,MVI_20061,27,15,0,1782339471.9224403
3239,MVI_20061,27,16,0,1782339471.9623592
3240,MVI_20061,27,17,0,1782339472.0024948
3241,MVI_20061,27,18,0,1782339472.0424213
3242,MVI_20061,28,0,0,1782339472.0925105
3243,MVI_20061,28,1,0,1782339472.1224184
3244,MVI_20061,28,2,1,1782339472.1623483
3245,MVI_20061,28,3,0,1782339472.2024481
3246,MVI_20061,28,4,1,1782339472.2423816
3247,MVI_20061,28,5,0,1782339472.2824304
3248,MVI_20061,28,6,0,1782339472.322432
3249,MVI_20061,28,7,0,1782339472.3623629
3250,MVI_20061,28,8,0,1782339472.4023683
3251,MVI_20061,28,9,0,1782339472.442425
3252,MVI_20061,28,10,0,1782339472.482348
3253,MVI_20061,28,11,0,1782339472.5223634
3254,MVI_20061,28,12,0,1782339472.5623658
3255,MVI_20061,28,13,1,1782339472.602392
3256,MVI_20061,28,14,0,1782339472.6424174
3257,MVI_20061,28,15,0,1782339472.682329
3258,MVI_20061,28,16,0,1782339472.7225456
3259,MVI_20061,28,17,0,1782339472.7624815
3260,MVI_20061,28,18,0,1782339472.8023949
3261,MVI_20061,29,0,0,1782339472.8542588
3262,MVI_20061,29,1,0,1782339472.8824286
3263,MVI_20061,29,2,1,1782339472.9223716
3264,MVI_20061,29,3,0,1782339472.962542
3265,MVI_20061,29,4,1,1782339473.0024605
3266,MVI_20061,29,5,0,1782339473.0423608
3267,MVI_20061,29,6,0,1782339473.0824478
3268,MVI_20061,29,7,0,1782339473.1223438
3269,MVI_20061,29,8,0,1782339473.1623125
3270,MVI_20061,29,9,0,1782339473.20252
3271,MVI_20061,29,10,0,1782339473.2429798
3272,MVI_20061,29,11,0,1782339473.2825005
3273,MVI_20061,29,12,0,1782339473.322459
3274,MVI_20061,29,13,1,1782339473.3623273
3275,MVI_20061,29,14,0,1782339473.4024498
3276,MVI_20061,29,15,0,1782339473.4424486
3277,MVI_20061,29,16,0,1782339473.4823978
3278,MVI_20061,29,17,0,1782339473.5223844
3279,MVI_20061,29,18,0,1782339473.562455
3280,MVI_20061,30,0,0,1782339473.6156602
3281,MVI_20061,30,1,0,1782339473.6430383
3282,MVI_20061,30,2,1,1782339473.6823435
3283,MVI_20061,30,3,0,1782339473.7224562
3284,MVI_20061,30,4,1,1782339473.7625225
3285,MVI_20061,30,5,0,1782339473.8023913
3286,MVI_20061,30,6,0,1782339473.8423874
3287,MVI_20061,30,7,0,1782339473.8823524
3288,MVI_20061,30,8,0,1782339473.922423
3289,MVI_20061,30,9,0,1782339473.9624417
3290,MVI_20061,30,10,0,1782339474.0023427
3291,MVI_20061,30,11,0,1782339474.042507
3292,MVI_20061,30,12,0,1782339474.0822942
3293,MVI_20061,30,13,1,1782339474.122484
3294,MVI_20061,30,14,0,1782339474.1624475
3295,MVI_20061,30,15,0,1782339474.202405
3296,MVI_20061,30,16,0,1782339474.2423396
3297,MVI_20061,30,17,0,1782339474.28239
3298,MVI_20061,30,18,0,1782339474.3224244
3299,MVI_20061,31,0,0,1782339474.3721325
3300,MVI_20061,31,1,0,1782339474.4023876
3301,MVI_20061,31,2,1,1782339474.4423592
3302,MVI_20061,31,3,0,1782339474.48239
3303,MVI_20061,31,4,1,1782339474.522452
3304,MVI_20061,31,5,0,1782339474.5623958
3305,MVI_20061,31,6,0,1782339474.6024508
3306,MVI_20061,31,7,0,1782339474.6423907
3307,MVI_20061,31,8,0,1782339474.682427
3308,MVI_20061,31,9,0,1782339474.722416
3309,MVI_20061,31,10,0,1782339474.7624896
3310,MVI_20061,31,11,0,1782339474.8024607
3311,MVI_20061,31,12,0,1782339474.8429208
3312,MVI_20061,31,13,1,1782339474.8824866
3313,MVI_20061,31,14,0,1782339474.9223702
3314,MVI_20061,31,15,0,1782339474.9624667
3315,MVI_20061,31,16,0,1782339475.002322
3316,MVI_20061,31,17,0,1782339475.0425198
3317,MVI_20061,31,18,0,1782339475.0823762
3318,MVI_20061,31,19,2,1782339475.1224542
3319,MVI_20061,32,0,0,1782339475.1708498
3320,MVI_20061,32,1,0,1782339475.2024393
3321,MVI_20061,32,2,1,1782339475.2425046
3322,MVI_20061,32,3,0,1782339475.282347
3323,MVI_20061,32,4,1,1782339475.3224733
3324,MVI_20061,32,5,0,1782339475.3624241
3325,MVI_20061,32,6,0,1782339475.4024057
3326,MVI_20061,32,7,0,1782339475.4425085
3327,MVI_20061,32,8,0,1782339475.4824398
3328,MVI_20061,32,9,0,1782339475.522465
3329,MVI_20061,32,10,0,1782339475.5624735
3330,MVI_20061,32,11,0,1782339475.602463
3331,MVI_20061,32,12,0,1782339475.6423204
3332,MVI_20061,32,13,1,1782339475.6824453
3333,MVI_20061,32,14,0,1782339475.7223887
3334,MVI_20061,32,15,0,1782339475.762455
3335,MVI_20061,32,16,0,1782339475.8023736
3336,MVI_20061,32,17,0,1782339475.8423822
3337,MVI_20061,32,18,0,1782339475.88242
3338,MVI_20061,32,19,2,1782339475.9225185
3339,MVI_20061,33,0,0,1782339475.9747248
3340,MVI_20061,33,1,0,1782339476.0023158
3341,MVI_20061,33,2,1,1782339476.0425105
3342,MVI_20061,33,3,0,1782339476.0824566
3343,MVI_20061,33,4,1,1782339476.1233394
3344,MVI_20061,33,5,0,1782339476.162399
3345,MVI_20061,33,6,0,1782339476.2023358
3346,MVI_20061,33,7,0,1782339476.2423458
3347,MVI_20061,33,8,0,1782339476.2824757
3348,MVI_20061,33,9,0,1782339476.322398
3349,MVI_20061,33,10,0,1782339476.3624792
3350,MVI_20061,33,11,0,1782339476.4023921
3351,MVI_20061,33,12,0,1782339476.4424517
3352,MVI_20061,33,13,1,1782339476.4824584
3353,MVI_20061,33,14,0,1782339476.5223749
3354,MVI_20061,33,15,0,1782339476.5623612
3355,MVI_20061,33,16,0,1782339476.6024535
3356,MVI_20061,33,17,0,1782339476.6423516
3357,MVI_20061,33,18,0,1782339476.682521
3358,MVI_20061,33,19,2,1782339476.7223895
3359,MVI_20061,34,0,0,1782339476.7732494
3360,MVI_20061,34,1,0,1782339476.8023639
3361,MVI_20061,34,2,1,1782339476.8425045
3362,MVI_20061,34,3,0,1782339476.882353
3363,MVI_20061,34,4,1,1782339476.9224575
3364,MVI_20061,34,5,0,1782339476.9624834
3365,MVI_20061,34,6,0,1782339477.002376
3366,MVI_20061,34,7,0,1782339477.0424662
3367,MVI_20061,34,8,0,1782339477.0824738
3368,MVI_20061,34,9,0,1782339477.1223495
3369,MVI_20061,34,10,0,1782339477.1624894
3370,MVI_20061,34,11,0,1782339477.2024302
3371,MVI_20061,34,12,0,1782339477.2424114
3372,MVI_20061,34,13,1,1782339477.2824135
3373,MVI_20061,34,14,0,1782339477.3224118
3374,MVI_20061,34,15,0,1782339477.3623898
3375,MVI_20061,34,16,0,1782339477.402323
3376,MVI_20061,34,17,0,1782339477.4423115
3377,MVI_20061,34,18,0,1782339477.4824128
3378,MVI_20061,34,19,2,1782339477.5224478
3379,MVI_20061,35,0,0,1782339477.572465
3380,MVI_20061,35,1,0,1782339477.6024272
3381,MVI_20061,35,2,1,1782339477.6424117
3382,MVI_20061,35,3,0,1782339477.682392
3383,MVI_20061,35,4,1,1782339477.722468
3384,MVI_20061,35,5,0,1782339477.76316
3385,MVI_20061,35,6,0,1782339477.8023603
3386,MVI_20061,35,7,0,1782339477.84241
3387,MVI_20061,35,8,0,1782339477.8824525
3388,MVI_20061,35,9,0,1782339477.922443
3389,MVI_20061,35,10,0,1782339477.9623206
3390,MVI_20061,35,11,0,1782339478.0023634
3391,MVI_20061,35,12,0,1782339478.0431454
3392,MVI_20061,35,13,1,1782339478.0823534
3393,MVI_20061,35,14,0,1782339478.1224146
3394,MVI_20061,35,15,0,1782339478.162468
3395,MVI_20061,35,16,0,1782339478.2023618
3396,MVI_20061,35,17,0,1782339478.2424617
3397,MVI_20061,35,18,0,1782339478.2823167
3398,MVI_20061,35,19,2,1782339478.3223066
3399,MVI_20061,36,0,0,1782339478.3723915
3400,MVI_20061,36,1,0,1782339478.4023683
3401,MVI_20061,36,2,1,1782339478.4423985
3402,MVI_20061,36,3,0,1782339478.4823194
3403,MVI_20061,36,4,1,1782339478.5224054
3404,MVI_20061,36,5,0,1782339478.5624504
3405,MVI_20061,36,6,0,1782339478.6023822
3406,MVI_20061,36,7,0,1782339478.6423523
3407,MVI_20061,36,8,0,1782339478.6823485
3408,MVI_20061,36,9,0,1782339478.722398
3409,MVI_20061,36,10,0,1782339478.7623584
3410,MVI_20061,36,11,0,1782339478.802505
3411,MVI_20061,36,12,0,1782339478.8424656
3412,MVI_20061,36,13,1,1782339478.8824427
3413,MVI_20061,36,14,0,1782339478.9224372
3414,MVI_20061,36,15,0,1782339478.962456
3415,MVI_20061,36,16,0,1782339479.0023572
3416,MVI_20061,36,17,0,1782339479.0424163
3417,MVI_20061,36,18,0,1782339479.082348
3418,MVI_20061,36,19,2,1782339479.1223917
3419,MVI_20061,37,0,0,1782339479.1747031
3420,MVI_20061,37,1,0,1782339479.2024348
3421,MVI_20061,37,2,1,1782339479.2423701
3422,MVI_20061,37,3,0,1782339479.2824645
3423,MVI_20061,37,4,1,1782339479.322463
3424,MVI_20061,37,5,0,1782339479.362539
3425,MVI_20061,37,6,0,1782339479.4023318
3426,MVI_20061,37,7,0,1782339479.4424613
3427,MVI_20061,37,8,0,1782339479.4824226
3428,MVI_20061,37,9,0,1782339479.5224822
3429,MVI_20061,37,10,0,1782339479.5624375
3430,MVI_20061,37,11,0,1782339479.602424
3431,MVI_20061,37,12,0,1782339479.6427329
3432,MVI_20061,37,13,1,1782339479.682401
3433,MVI_20061,37,14,0,1782339479.722372
3434,MVI_20061,37,15,0,1782339479.762455
3435,MVI_20061,37,16,0,1782339479.8025298
3436,MVI_20061,37,17,0,1782339479.8423586
3437,MVI_20061,37,18,0,1782339479.8823962
3438,MVI_20061,37,19,2,1782339479.922306
3439,MVI_20061,38,0,0,1782339479.9742978
3440,MVI_20061,38,1,0,1782339480.002478
3441,MVI_20061,38,2,1,1782339480.0423608
3442,MVI_20061,38,3,0,1782339480.0823603
3443,MVI_20061,38,4,1,1782339480.1223857
3444,MVI_20061,38,5,0,1782339480.162441
3445,MVI_20061,38,6,0,1782339480.2025785
3446,MVI_20061,38,7,0,1782339480.242352
3447,MVI_20061,38,8,0,1782339480.2823875
3448,MVI_20061,38,9,0,1782339480.322474
3449,MVI_20061,38,10,0,1782339480.362433
3450,MVI_20061,38,11,0,1782339480.402357
3451,MVI_20061,38,12,0,1782339480.4423475
3452,MVI_20061,38,13,1,1782339480.4823864
3453,MVI_20061,38,14,0,1782339480.5225685
3454,MVI_20061,38,15,0,1782339480.5623968
3455,MVI_20061,38,16,0,1782339480.6023734
3456,MVI_20061,38,17,0,1782339480.6425529
3457,MVI_20061,38,18,0,1782339480.6823533
3458,MVI_20061,38,19,2,1782339480.7224605
3459,MVI_20061,39,0,0,1782339480.7713704
3460,MVI_20061,39,1,0,1782339480.8023896
3461,MVI_20061,39,2,1,1782339480.8424733
3462,MVI_20061,39,3,0,1782339480.8823383
3463,MVI_20061,39,4,1,1782339480.9224243
3464,MVI_20061,39,5,0,1782339480.962316
3465,MVI_20061,39,6,0,1782339481.0023608
3466,MVI_20061,39,7,0,1782339481.0424721
3467,MVI_20061,39,8,0,1782339481.0824003
3468,MVI_20061,39,9,0,1782339481.122455
3469,MVI_20061,39,10,0,1782339481.1623154
3470,MVI_20061,39,11,0,1782339481.202337
3471,MVI_20061,39,12,0,1782339481.2424557
3472,MVI_20061,39,13,1,1782339481.2823946
3473,MVI_20061,39,14,0,1782339481.3223968
3474,MVI_20061,39,15,0,1782339481.3623693
3475,MVI_20061,39,16,0,1782339481.4025736
3476,MVI_20061,39,17,0,1782339481.4423923
3477,MVI_20061,39,18,0,1782339481.4823964
3478,MVI_20061,39,19,2,1782339481.5223925
3479,MVI_20061,40,0,0,1782339481.5701003
3480,MVI_20061,40,1,0,1782339481.6024654
3481,MVI_20061,40,2,1,1782339481.6423528
3482,MVI_20061,40,3,0,1782339481.682462
3483,MVI_20061,40,4,1,1782339481.7223716
3484,MVI_20061,40,5,0,1782339481.7623544
3485,MVI_20061,40,6,0,1782339481.8025033
3486,MVI_20061,40,7,0,1782339481.8423703
3487,MVI_20061,40,8,0,1782339481.8823638
3488,MVI_20061,40,9,0,1782339481.9223816
3489,MVI_20061,40,10,0,1782339481.9624698
3490,MVI_20061,40,11,0,1782339482.0024462
3491,MVI_20061,40,12,0,1782339482.0425344
3492,MVI_20061,40,13,1,1782339482.0824475
3493,MVI_20061,40,14,0,1782339482.1223352
3494,MVI_20061,40,15,0,1782339482.1623688
3495,MVI_20061,40,16,0,1782339482.2024522
3496,MVI_20061,40,17,0,1782339482.2424579
3497,MVI_20061,40,18,0,1782339482.2825363
3498,MVI_20061,40,19,2,1782339482.3223574
3499,MVI_20061,41,0,0,1782339482.3702712
3500,MVI_20061,41,1,0,1782339482.4025185
3501,MVI_20061,41,2,1,1782339482.442334
3502,MVI_20061,41,3,0,1782339482.4824398
3503,MVI_20061,41,4,1,1782339482.5223668
3504,MVI_20061,41,5,0,1782339482.5623653
3505,MVI_20061,41,6,0,1782339482.6024656
3506,MVI_20061,41,7,0,1782339482.6424632
3507,MVI_20061,41,8,0,1782339482.6825135
3508,MVI_20061,41,9,0,1782339482.722524
3509,MVI_20061,41,10,0,1782339482.7623417
3510,MVI_20061,41,11,0,1782339482.8023975
3511,MVI_20061,41,12,0,1782339482.842588
3512,MVI_20061,41,13,1,1782339482.882331
3513,MVI_20061,41,14,0,1782339482.9225328
3514,MVI_20061,41,15,0,1782339482.9623563
3515,MVI_20061,41,16,0,1782339483.0023243
3516,MVI_20061,41,17,0,1782339483.0424197
3517,MVI_20061,41,18,0,1782339483.0823808
3518,MVI_20061,41,19,2,1782339483.1224313
3519,MVI_20061,42,0,0,1782339483.1727867
3520,MVI_20061,42,1,0,1782339483.2023587
3521,MVI_20061,42,2,1,1782339483.2425501
3522,MVI_20061,42,3,0,1782339483.2824116
3523,MVI_20061,42,4,1,1782339483.322545
3524,MVI_20061,42,5,0,1782339483.3623662
3525,MVI_20061,42,6,0,1782339483.4023192
3526,MVI_20061,42,7,0,1782339483.4423137
3527,MVI_20061,42,8,0,1782339483.4824176
3528,MVI_20061,42,9,0,1782339483.5223486
3529,MVI_20061,42,10,0,1782339483.5623035
3530,MVI_20061,42,11,0,1782339483.6024816
3531,MVI_20061,42,12,0,1782339483.642474
3532,MVI_20061,42,13,1,1782339483.6823506
3533,MVI_20061,42,14,0,1782339483.7224042
3534,MVI_20061,42,15,0,1782339483.7623792
3535,MVI_20061,42,16,0,1782339483.802408
3536,MVI_20061,42,17,0,1782339483.8423285
3537,MVI_20061,42,18,0,1782339483.8823514
3538,MVI_20061,42,19,2,1782339483.9225004
3539,MVI_20061,43,0,0,1782339483.9709074
3540,MVI_20061,43,1,0,1782339484.00252
3541,MVI_20061,43,2,1,1782339484.0424807
3542,MVI_20061,43,3,0,1782339484.0823653
3543,MVI_20061,43,4,1,1782339484.1224413
3544,MVI_20061,43,5,0,1782339484.1627781
3545,MVI_20061,43,6,0,1782339484.2023826
3546,MVI_20061,43,7,0,1782339484.2423553
3547,MVI_20061,43,8,0,1782339484.282437
3548,MVI_20061,43,9,0,1782339484.3223932
3549,MVI_20061,43,10,0,1782339484.3624034
3550,MVI_20061,43,11,0,1782339484.4023662
3551,MVI_20061,43,12,0,1782339484.442484
3552,MVI_20061,43,13,1,1782339484.4823084
3553,MVI_20061,43,14,0,1782339484.522363
3554,MVI_20061,43,15,0,1782339484.56235
3555,MVI_20061,43,16,0,1782339484.6025827
3556,MVI_20061,43,17,0,1782339484.6423345
3557,MVI_20061,43,18,0,1782339484.6824799
3558,MVI_20061,43,19,2,1782339484.7225633
3559,MVI_20061,44,0,0,1782339484.7725594
3560,MVI_20061,44,1,0,1782339484.8025405
3561,MVI_20061,44,2,1,1782339484.8424828
3562,MVI_20061,44,3,0,1782339484.882313
3563,MVI_20061,44,4,1,1782339484.9223735
3564,MVI_20061,44,5,0,1782339484.96238
3565,MVI_20061,44,6,0,1782339485.0024107
3566,MVI_20061,44,7,0,1782339485.0424087
3567,MVI_20061,44,8,0,1782339485.0825446
3568,MVI_20061,44,9,0,1782339485.1223338
3569,MVI_20061,44,10,0,1782339485.1624799
3570,MVI_20061,44,11,0,1782339485.2023766
3571,MVI_20061,44,12,0,1782339485.2423708
3572,MVI_20061,44,13,1,1782339485.2826297
3573,MVI_20061,44,14,0,1782339485.3223512
3574,MVI_20061,44,15,0,1782339485.362388
3575,MVI_20061,44,16,0,1782339485.4023428
3576,MVI_20061,44,17,0,1782339485.4423866
3577,MVI_20061,44,18,0,1782339485.483055
3578,MVI_20061,44,19,2,1782339485.522575
3579,MVI_20061,45,0,0,1782339485.5727434
3580,MVI_20061,45,1,0,1782339485.6024933
3581,MVI_20061,45,2,1,1782339485.642405
3582,MVI_20061,45,3,0,1782339485.6824725
3583,MVI_20061,45,4,1,1782339485.7224274
3584,MVI_20061,45,5,0,1782339485.7623563
3585,MVI_20061,45,6,0,1782339485.8023503
3586,MVI_20061,45,7,0,1782339485.8423514
3587,MVI_20061,45,8,0,1782339485.8823547
3588,MVI_20061,45,9,0,1782339485.9225013
3589,MVI_20061,45,10,0,1782339485.9627428
3590,MVI_20061,45,11,0,1782339486.0024765
3591,MVI_20061,45,12,0,1782339486.0423753
3592,MVI_20061,45,13,1,1782339486.08239
3593,MVI_20061,45,14,0,1782339486.1225166
3594,MVI_20061,45,15,0,1782339486.162392
3595,MVI_20061,45,16,0,1782339486.2024696
3596,MVI_20061,45,17,0,1782339486.2424536
3597,MVI_20061,45,18,0,1782339486.2826116
3598,MVI_20061,45,19,2,1782339486.322368
3599,MVI_20061,46,0,0,1782339486.3727334
3600,MVI_20061,46,1,0,1782339486.402455
3601,MVI_20061,46,2,1,1782339486.4424555
3602,MVI_20061,46,3,0,1782339486.4825058
3603,MVI_20061,46,4,1,1782339486.5223575
3604,MVI_20061,46,5,0,1782339486.5623527
3605,MVI_20061,46,6,0,1782339486.6024845
3606,MVI_20061,46,7,0,1782339486.6425362
3607,MVI_20061,46,8,0,1782339486.6823866
3608,MVI_20061,46,9,0,1782339486.722463
3609,MVI_20061,46,10,0,1782339486.7623086
3610,MVI_20061,46,11,0,1782339486.8023736
3611,MVI_20061,46,12,0,1782339486.8424082
3612,MVI_20061,46,13,1,1782339486.8825574
3613,MVI_20061,46,14,0,1782339486.9224007
3614,MVI_20061,46,15,0,1782339486.9625587
3615,MVI_20061,46,16,0,1782339487.0023153
3616,MVI_20061,46,17,0,1782339487.0423439
3617,MVI_20061,46,18,0,1782339487.0822768
3618,MVI_20061,46,19,2,1782339487.1224968
3619,MVI_20061,47,0,0,1782339487.1738079
3620,MVI_20061,47,1,0,1782339487.202408
3621,MVI_20061,47,2,1,1782339487.242313
3622,MVI_20061,47,3,0,1782339487.2824986
3623,MVI_20061,47,4,1,1782339487.322483
3624,MVI_20061,47,5,0,1782339487.3625498
3625,MVI_20061,47,6,0,1782339487.4024987
3626,MVI_20061,47,7,0,1782339487.442401
3627,MVI_20061,47,8,0,1782339487.4823565
3628,MVI_20061,47,9,0,1782339487.5223608
3629,MVI_20061,47,10,0,1782339487.562481
3630,MVI_20061,47,11,0,1782339487.602501
3631,MVI_20061,47,12,0,1782339487.6425145
3632,MVI_20061,47,13,1,1782339487.6824784
3633,MVI_20061,47,14,0,1782339487.722396
3634,MVI_20061,47,15,0,1782339487.7624369
3635,MVI_20061,47,16,0,1782339487.8027232
3636,MVI_20061,47,17,0,1782339487.84248
3637,MVI_20061,47,18,0,1782339487.8825912
3638,MVI_20061,47,19,2,1782339487.9224834
3639,MVI_20061,48,0,0,1782339487.970414
3640,MVI_20061,48,1,0,1782339488.002388
3641,MVI_20061,48,2,1,1782339488.0423908
3642,MVI_20061,48,3,0,1782339488.0823603
3643,MVI_20061,48,4,1,1782339488.1223204
3644,MVI_20061,48,5,0,1782339488.162467
3645,MVI_20061,48,6,0,1782339488.2023973
3646,MVI_20061,48,7,0,1782339488.2423587
3647,MVI_20061,48,8,0,1782339488.282365
3648,MVI_20061,48,9,0,1782339488.3223886
3649,MVI_20061,48,10,0,1782339488.3623252
3650,MVI_20061,48,11,0,1782339488.4024901
3651,MVI_20061,48,12,0,1782339488.4426177
3652,MVI_20061,48,13,1,1782339488.482395
3653,MVI_20061,48,14,0,1782339488.5225918
3654,MVI_20061,48,15,0,1782339488.5624304
3655,MVI_20061,48,16,0,1782339488.602512
3656,MVI_20061,48,17,0,1782339488.6424806
3657,MVI_20061,48,18,0,1782339488.6826644
3658,MVI_20061,48,19,2,1782339488.7224653
3659,MVI_20061,49,0,0,1782339488.7747707
3660,MVI_20061,49,1,0,1782339488.802564
3661,MVI_20061,49,2,1,1782339488.8424191
3662,MVI_20061,49,3,0,1782339488.8825219
3663,MVI_20061,49,4,1,1782339488.9224482
3664,MVI_20061,49,5,0,1782339488.962495
3665,MVI_20061,49,6,0,1782339489.00245
3666,MVI_20061,49,7,0,1782339489.042331
3667,MVI_20061,49,8,0,1782339489.0823588
3668,MVI_20061,49,9,0,1782339489.1223385
3669,MVI_20061,49,10,0,1782339489.1624348
3670,MVI_20061,49,11,0,1782339489.2024617
3671,MVI_20061,49,12,0,1782339489.2423575
3672,MVI_20061,49,13,1,1782339489.2825632
3673,MVI_20061,49,14,0,1782339489.322556
3674,MVI_20061,49,15,0,1782339489.3623626
3675,MVI_20061,49,16,0,1782339489.4025629
3676,MVI_20061,49,17,0,1782339489.4423478
3677,MVI_20061,49,18,0,1782339489.482569
3678,MVI_20061,49,19,0,1782339489.5223722
3679,MVI_20061,49,20,2,1782339489.5623183
3680,MVI_20061,50,0,0,1782339489.615173
3681,MVI_20061,50,1,0,1782339489.6424227
3682,MVI_20061,50,2,1,1782339489.68248
3683,MVI_20061,50,3,0,1782339489.7223666
3684,MVI_20061,50,4,1,1782339489.762483
3685,MVI_20061,50,5,0,1782339489.802378
3686,MVI_20061,50,6,0,1782339489.8423166
3687,MVI_20061,50,7,0,1782339489.8824363
3688,MVI_20061,50,8,0,1782339489.922304
3689,MVI_20061,50,9,0,1782339489.9623563
3690,MVI_20061,50,10,0,1782339490.0023203
3691,MVI_20061,50,11,0,1782339490.0423553
3692,MVI_20061,50,12,0,1782339490.0823183
3693,MVI_20061,50,13,1,1782339490.1223264
3694,MVI_20061,50,14,0,1782339490.162362
3695,MVI_20061,50,15,0,1782339490.202637
3696,MVI_20061,50,16,0,1782339490.2424514
3697,MVI_20061,50,17,0,1782339490.2825227
3698,MVI_20061,50,18,0,1782339490.3223972
3699,MVI_20061,50,19,0,1782339490.3624613
3700,MVI_20061,50,20,2,1782339490.4024823
