scenario,round,edge_id,sensor_id,outage_active,live_samples,fallback_samples,samples_received,queue_fill_seconds,queue_fill_complete
outage_replay_kde,1,edge0,intersection_00,False,16,0,16,0.04534312733449042,True
outage_replay_kde,1,edge0,intersection_01,False,16,0,16,0.1505816224962473,True
outage_replay_kde,1,edge0,intersection_02,False,16,0,16,0.05868595442734659,True
outage_replay_kde,1,edge0,intersection_03,False,16,0,16,0.1197182259056717,True
outage_replay_kde,1,edge0,intersection_04,False,16,0,16,0.06257261475548148,True
outage_replay_kde,1,edge0,intersection_05,False,16,0,16,0.00018134363926947117,True
outage_replay_kde,1,edge0,intersection_06,False,16,0,16,0.17780706891790032,True
outage_replay_kde,1,edge1,intersection_07,False,16,0,16,0.060190760297700756,True
outage_replay_kde,1,edge1,intersection_08,False,16,0,16,0.05927335983142257,True
outage_replay_kde,1,edge1,intersection_09,False,16,0,16,0.03140449780039489,True
outage_replay_kde,1,edge1,intersection_10,False,16,0,16,0.07463429239578545,True
outage_replay_kde,1,edge1,intersection_11,False,16,0,16,0.12024843646213411,True
outage_replay_kde,1,edge1,intersection_12,False,16,0,16,0.00013931002467870712,True
outage_replay_kde,1,edge1,intersection_13,False,16,0,16,0.23855669633485377,True
outage_replay_kde,1,edge2,intersection_14,False,16,0,16,0.17582323285751045,True
outage_replay_kde,1,edge2,intersection_15,False,16,0,16,0.10833844006992877,True
outage_replay_kde,1,edge2,intersection_16,False,16,0,16,0.17812373023480177,True
outage_replay_kde,1,edge2,intersection_17,False,16,0,16,0.059619113337248564,True
outage_replay_kde,1,edge2,intersection_18,False,16,0,16,0.059215347515419126,True
outage_replay_kde,1,edge2,intersection_19,False,16,0,16,0.15753587940707803,True
outage_replay_kde,1,edge2,intersection_20,False,16,0,16,0.05923173460178077,True
outage_replay_kde,2,edge0,intersection_00,False,16,0,16,0.00017397943884134293,True
outage_replay_kde,2,edge0,intersection_01,False,16,0,16,0.15346503094770014,True
outage_replay_kde,2,edge0,intersection_02,False,16,0,16,0.05930954171344638,True
outage_replay_kde,2,edge0,intersection_03,False,16,0,16,0.1194476776290685,True
outage_replay_kde,2,edge0,intersection_04,False,16,0,16,0.050906555727124214,True
outage_replay_kde,2,edge0,intersection_05,False,16,0,16,0.05921971285715699,True
outage_replay_kde,2,edge0,intersection_06,False,16,0,16,0.0001740597654134035,True
outage_replay_kde,2,edge1,intersection_07,False,16,0,16,0.0002387072890996933,True
outage_replay_kde,2,edge1,intersection_08,False,16,0,16,0.05990376253612339,True
outage_replay_kde,2,edge1,intersection_09,False,16,0,16,0.059384884778410196,True
outage_replay_kde,2,edge1,intersection_10,False,16,0,16,0.060033221961930394,True
outage_replay_kde,2,edge1,intersection_11,False,16,0,16,0.2350778947584331,True
outage_replay_kde,2,edge1,intersection_12,False,16,0,16,0.17643287032842636,True
outage_replay_kde,2,edge1,intersection_13,False,16,0,16,0.05968093569390476,True
outage_replay_kde,2,edge2,intersection_14,False,16,0,16,0.06024436047300696,True
outage_replay_kde,2,edge2,intersection_15,False,16,0,16,0.12938116840086877,True
outage_replay_kde,2,edge2,intersection_16,False,16,0,16,0.17856597481295466,True
outage_replay_kde,2,edge2,intersection_17,False,16,0,16,0.00022779591381549835,True
outage_replay_kde,2,edge2,intersection_18,False,16,0,16,0.0575962990988046,True
outage_replay_kde,2,edge2,intersection_19,False,16,0,16,0.17845324170775712,True
outage_replay_kde,2,edge2,intersection_20,False,16,0,16,0.029849122976884242,True
outage_replay_kde,3,edge0,intersection_00,False,16,0,16,0.05997126316651702,True
outage_replay_kde,3,edge0,intersection_01,False,16,0,16,0.05973817384801805,True
outage_replay_kde,3,edge0,intersection_02,False,16,0,16,0.11839064978994429,True
outage_replay_kde,3,edge0,intersection_03,False,16,0,16,0.00023145275190472603,True
outage_replay_kde,3,edge0,intersection_04,False,16,0,16,0.05936676636338233,True
outage_replay_kde,3,edge0,intersection_05,False,16,0,16,0.060232907067984336,True
outage_replay_kde,3,edge0,intersection_06,False,16,0,16,0.05930423690006137,True
outage_replay_kde,3,edge1,intersection_07,False,16,0,16,0.06017597089521586,True
outage_replay_kde,3,edge1,intersection_08,False,16,0,16,0.00021654576994478703,True
outage_replay_kde,3,edge1,intersection_09,False,16,0,16,0.0001898889895528555,True
outage_replay_kde,3,edge1,intersection_10,False,16,0,16,0.13631450477987528,True
outage_replay_kde,3,edge1,intersection_11,False,16,0,16,0.05895288498140871,True
outage_replay_kde,3,edge1,intersection_12,False,16,0,16,0.06000335328280926,True
outage_replay_kde,3,edge1,intersection_13,False,16,0,16,0.11861409340053797,True
outage_replay_kde,3,edge2,intersection_14,False,16,0,16,0.05572540150023997,True
outage_replay_kde,3,edge2,intersection_15,False,16,0,16,0.05948415072634816,True
outage_replay_kde,3,edge2,intersection_16,False,16,0,16,0.17809767927974463,True
outage_replay_kde,3,edge2,intersection_17,False,16,0,16,0.2041922661010176,True
outage_replay_kde,3,edge2,intersection_18,False,16,0,16,0.07617847761139274,True
outage_replay_kde,3,edge2,intersection_19,False,16,0,16,0.20328517584130168,True
outage_replay_kde,3,edge2,intersection_20,False,16,0,16,0.11942298826761542,True
outage_replay_kde,4,edge0,intersection_00,False,16,0,16,0.1202679385896772,True
outage_replay_kde,4,edge0,intersection_01,False,16,0,16,0.015615617390722035,True
outage_replay_kde,4,edge0,intersection_02,False,16,0,16,0.17809122917242348,True
outage_replay_kde,4,edge0,intersection_03,False,16,0,16,0.0009433886734768747,True
outage_replay_kde,4,edge0,intersection_04,False,16,0,16,0.05973628163337708,True
outage_replay_kde,4,edge0,intersection_05,False,16,0,16,0.002273682970553636,True
outage_replay_kde,4,edge0,intersection_06,False,16,0,16,0.05966397328302265,True
outage_replay_kde,4,edge1,intersection_07,False,16,0,16,0.06277301115915179,True
outage_replay_kde,4,edge1,intersection_08,False,16,0,16,0.060002276673912995,True
outage_replay_kde,4,edge1,intersection_09,False,16,0,16,0.060091436142101884,True
outage_replay_kde,4,edge1,intersection_10,False,16,0,16,0.17301937798038125,True
outage_replay_kde,4,edge1,intersection_11,False,16,0,16,0.11973349959589541,True
outage_replay_kde,4,edge1,intersection_12,False,16,0,16,0.18008328694850206,True
outage_replay_kde,4,edge1,intersection_13,False,16,0,16,0.11940360488370061,True
outage_replay_kde,4,edge2,intersection_14,False,16,0,16,0.1676006990019232,True
outage_replay_kde,4,edge2,intersection_15,False,16,0,16,0.19473312818445265,True
outage_replay_kde,4,edge2,intersection_16,False,16,0,16,0.07414999906904995,True
outage_replay_kde,4,edge2,intersection_17,False,16,0,16,0.1989333680830896,True
outage_replay_kde,4,edge2,intersection_18,False,16,0,16,0.001206252840347588,True
outage_replay_kde,4,edge2,intersection_19,False,16,0,16,0.17606598930433393,True
outage_replay_kde,4,edge2,intersection_20,False,16,0,16,0.12018431769683956,True
outage_replay_kde,5,edge0,intersection_00,False,16,0,16,0.015147746074944733,True
outage_replay_kde,5,edge0,intersection_01,False,16,0,16,0.11729844869114459,True
outage_replay_kde,5,edge0,intersection_02,False,16,0,16,0.11926807998679578,True
outage_replay_kde,5,edge0,intersection_03,False,16,0,16,0.05876746983267367,True
outage_replay_kde,5,edge0,intersection_04,False,16,0,16,0.059446237981319434,True
outage_replay_kde,5,edge0,intersection_05,False,16,0,16,0.00018302816897630692,True
outage_replay_kde,5,edge0,intersection_06,False,16,0,16,0.058885860489681356,True
outage_replay_kde,5,edge1,intersection_07,False,16,0,16,0.3097706539556384,True
outage_replay_kde,5,edge1,intersection_08,False,16,0,16,0.06025243597105145,True
outage_replay_kde,5,edge1,intersection_09,False,16,0,16,0.07017664960585535,True
outage_replay_kde,5,edge1,intersection_10,False,16,0,16,0.11977987363934517,True
outage_replay_kde,5,edge1,intersection_11,False,16,0,16,0.1261218551080674,True
outage_replay_kde,5,edge1,intersection_12,False,16,0,16,0.26456418726593256,True
outage_replay_kde,5,edge1,intersection_13,False,16,0,16,0.1782738226465881,True
outage_replay_kde,5,edge2,intersection_14,False,16,0,16,0.11883563920855522,True
outage_replay_kde,5,edge2,intersection_15,False,16,0,16,0.10041219531558454,True
outage_replay_kde,5,edge2,intersection_16,False,16,0,16,0.05971772316843271,True
outage_replay_kde,5,edge2,intersection_17,False,16,0,16,0.1788576883263886,True
outage_replay_kde,5,edge2,intersection_18,False,16,0,16,0.05911067849956453,True
outage_replay_kde,5,edge2,intersection_19,False,16,0,16,0.1195905280765146,True
outage_replay_kde,5,edge2,intersection_20,False,16,0,16,0.05838206899352372,True
outage_replay_kde,6,edge0,intersection_00,False,16,0,16,0.11835934524424374,True
outage_replay_kde,6,edge0,intersection_01,False,16,0,16,0.1767026362940669,True
outage_replay_kde,6,edge0,intersection_02,False,16,0,16,0.05353813082911074,True
outage_replay_kde,6,edge0,intersection_03,False,16,0,16,0.12022020784206687,True
outage_replay_kde,6,edge0,intersection_04,False,16,0,16,0.11768213310278952,True
outage_replay_kde,6,edge0,intersection_05,False,16,0,16,0.20479783811606467,True
outage_replay_kde,6,edge0,intersection_06,False,16,0,16,0.12141027953475714,True
outage_replay_kde,6,edge1,intersection_07,False,16,0,16,0.24098421493545175,True
outage_replay_kde,6,edge1,intersection_08,False,16,0,16,0.0407119351439178,True
outage_replay_kde,6,edge1,intersection_09,False,16,0,16,0.0002442167606204748,True
outage_replay_kde,6,edge1,intersection_10,False,16,0,16,0.1441996293142438,True
outage_replay_kde,6,edge1,intersection_11,False,16,0,16,0.057507508201524615,True
outage_replay_kde,6,edge1,intersection_12,False,16,0,16,0.00021028798073530197,True
outage_replay_kde,6,edge1,intersection_13,False,16,0,16,0.11852483288384974,True
outage_replay_kde,6,edge2,intersection_14,False,16,0,16,0.11886619031429291,True
outage_replay_kde,6,edge2,intersection_15,False,16,0,16,0.17790856934152544,True
outage_replay_kde,6,edge2,intersection_16,False,16,0,16,0.06022933777421712,True
outage_replay_kde,6,edge2,intersection_17,False,16,0,16,0.16484773135744035,True
outage_replay_kde,6,edge2,intersection_18,False,16,0,16,0.060257925419136875,True
outage_replay_kde,6,edge2,intersection_19,False,16,0,16,0.17531738011166453,True
outage_replay_kde,6,edge2,intersection_20,False,16,0,16,0.00020628748461604118,True
outage_replay_kde,7,edge0,intersection_00,False,16,0,16,0.17760529019869864,True
outage_replay_kde,7,edge0,intersection_01,False,16,0,16,0.059699122328311205,True
outage_replay_kde,7,edge0,intersection_02,False,16,0,16,0.1769315751735121,True
outage_replay_kde,7,edge0,intersection_03,False,16,0,16,0.10245760693214834,True
outage_replay_kde,7,edge0,intersection_04,False,16,0,16,0.07344710081815718,True
outage_replay_kde,7,edge0,intersection_05,False,16,0,16,0.064181785332039,True
outage_replay_kde,7,edge0,intersection_06,False,16,0,16,0.11979978915769607,True
outage_replay_kde,7,edge1,intersection_07,False,16,0,16,0.22568251239135861,True
outage_replay_kde,7,edge1,intersection_08,False,16,0,16,0.06021963665261864,True
outage_replay_kde,7,edge1,intersection_09,False,16,0,16,0.17815498914569616,True
outage_replay_kde,7,edge1,intersection_10,False,16,0,16,0.11752036050893366,True
outage_replay_kde,7,edge1,intersection_11,False,16,0,16,0.18694782257080078,True
outage_replay_kde,7,edge1,intersection_12,False,16,0,16,0.0595465237274766,True
outage_replay_kde,7,edge1,intersection_13,False,16,0,16,0.00025010760873556137,True
outage_replay_kde,7,edge2,intersection_14,False,16,0,16,0.11974683427251875,True
outage_replay_kde,7,edge2,intersection_15,False,16,0,16,0.17428016243502498,True
outage_replay_kde,7,edge2,intersection_16,False,16,0,16,0.002985164988785982,True
outage_replay_kde,7,edge2,intersection_17,False,16,0,16,0.11829541972838342,True
outage_replay_kde,7,edge2,intersection_18,False,16,0,16,0.12011552369222045,True
outage_replay_kde,7,edge2,intersection_19,False,16,0,16,0.11939688352867961,True
outage_replay_kde,7,edge2,intersection_20,False,16,0,16,0.11750420718453825,True
outage_replay_kde,8,edge0,intersection_00,False,16,0,16,0.11789565114304423,True
outage_replay_kde,8,edge0,intersection_01,False,16,0,16,0.057457544375210994,True
outage_replay_kde,8,edge0,intersection_02,False,16,0,16,0.17605466907843947,True
outage_replay_kde,8,edge0,intersection_03,False,16,0,16,0.0002333379816263914,True
outage_replay_kde,8,edge0,intersection_04,False,16,0,16,0.1781368216034025,True
outage_replay_kde,8,edge0,intersection_05,False,16,0,16,0.17502196202985942,True
outage_replay_kde,8,edge0,intersection_06,False,16,0,16,0.17724180780351162,True
outage_replay_kde,8,edge1,intersection_07,False,16,0,16,0.11942742043174803,True
outage_replay_kde,8,edge1,intersection_08,False,16,0,16,0.05950049567036331,True
outage_replay_kde,8,edge1,intersection_09,False,16,0,16,0.060245300875976675,True
outage_replay_kde,8,edge1,intersection_10,False,16,0,16,0.07021253160201013,True
outage_replay_kde,8,edge1,intersection_11,False,16,0,16,0.16544455755501986,True
outage_replay_kde,8,edge1,intersection_12,False,16,0,16,0.25993858580477536,True
outage_replay_kde,8,edge1,intersection_13,False,16,0,16,0.00020280643366277218,True
outage_replay_kde,8,edge2,intersection_14,False,16,0,16,0.07813570322468877,True
outage_replay_kde,8,edge2,intersection_15,False,16,0,16,0.08733624964952469,True
outage_replay_kde,8,edge2,intersection_16,False,16,0,16,0.34288694290444255,True
outage_replay_kde,8,edge2,intersection_17,False,16,0,16,0.13623362104408443,True
outage_replay_kde,8,edge2,intersection_18,False,16,0,16,0.05759259616024792,True
outage_replay_kde,8,edge2,intersection_19,False,16,0,16,0.15165604534558952,True
outage_replay_kde,8,edge2,intersection_20,False,16,0,16,0.06027881568297743,True
outage_replay_kde,9,edge0,intersection_00,False,16,0,16,0.1608617608435452,True
outage_replay_kde,9,edge0,intersection_01,False,16,0,16,0.11846808670088649,True
outage_replay_kde,9,edge0,intersection_02,False,16,0,16,0.0002280606422573328,True
outage_replay_kde,9,edge0,intersection_03,False,16,0,16,0.0003478877479210496,True
outage_replay_kde,9,edge0,intersection_04,False,16,0,16,0.11943772016093135,True
outage_replay_kde,9,edge0,intersection_05,False,16,0,16,0.12009937479160726,True
outage_replay_kde,9,edge0,intersection_06,False,16,0,16,0.1155257700011134,True
outage_replay_kde,9,edge1,intersection_07,False,16,0,16,0.17753953719511628,True
outage_replay_kde,9,edge1,intersection_08,False,16,0,16,0.05907993041910231,True
outage_replay_kde,9,edge1,intersection_09,False,16,0,16,0.07891201809979975,True
outage_replay_kde,9,edge1,intersection_10,False,16,0,16,0.05842289258725941,True
outage_replay_kde,9,edge1,intersection_11,False,16,0,16,0.00020882370881736279,True
outage_replay_kde,9,edge1,intersection_12,False,16,0,16,0.11927400366403162,True
outage_replay_kde,9,edge1,intersection_13,False,16,0,16,0.12000995059497654,True
outage_replay_kde,9,edge2,intersection_14,False,16,0,16,0.23815400409512222,True
outage_replay_kde,9,edge2,intersection_15,False,16,0,16,0.11657059099525213,True
outage_replay_kde,9,edge2,intersection_16,False,16,0,16,0.0001412462443113327,True
outage_replay_kde,9,edge2,intersection_17,False,16,0,16,0.0001581166870892048,True
outage_replay_kde,9,edge2,intersection_18,False,16,0,16,0.2377460398711264,True
outage_replay_kde,9,edge2,intersection_19,False,16,0,16,0.00024563074111938477,True
outage_replay_kde,9,edge2,intersection_20,False,16,0,16,0.059655895922332995,True
outage_replay_kde,10,edge0,intersection_00,False,16,0,16,0.1333877914585173,True
outage_replay_kde,10,edge0,intersection_01,False,16,0,16,0.00019477051682770252,True
outage_replay_kde,10,edge0,intersection_02,False,16,0,16,0.01944883493706584,True
outage_replay_kde,10,edge0,intersection_03,False,16,0,16,0.12026408943347631,True
outage_replay_kde,10,edge0,intersection_04,False,16,0,16,0.0002673680428415537,True
outage_replay_kde,10,edge0,intersection_05,False,16,0,16,0.11922001047059894,True
outage_replay_kde,10,edge0,intersection_06,False,16,0,16,0.346165286609903,True
outage_replay_kde,10,edge1,intersection_07,False,16,0,16,0.07019604882225394,True
outage_replay_kde,10,edge1,intersection_08,False,16,0,16,0.17664478393271565,True
outage_replay_kde,10,edge1,intersection_09,False,16,0,16,0.10216364497318862,True
outage_replay_kde,10,edge1,intersection_10,False,16,0,16,0.0002096397802233696,True
outage_replay_kde,10,edge1,intersection_11,False,16,0,16,0.11943430686369538,True
outage_replay_kde,10,edge1,intersection_12,False,16,0,16,0.1189130877610296,True
outage_replay_kde,10,edge1,intersection_13,False,16,0,16,0.00018020649440586567,True
outage_replay_kde,10,edge2,intersection_14,False,16,0,16,0.059361340012401335,True
outage_replay_kde,10,edge2,intersection_15,False,16,0,16,0.10796201508492231,True
outage_replay_kde,10,edge2,intersection_16,False,16,0,16,0.059688170440495014,True
outage_replay_kde,10,edge2,intersection_17,False,16,0,16,0.06001917319372296,True
outage_replay_kde,10,edge2,intersection_18,False,16,0,16,0.05947358510456979,True
outage_replay_kde,10,edge2,intersection_19,False,16,0,16,0.06003909441642463,True
outage_replay_kde,10,edge2,intersection_20,False,16,0,16,0.058309777639806264,True
outage_replay_kde,11,edge0,intersection_00,False,16,0,16,0.05549228121526539,True
outage_replay_kde,11,edge0,intersection_01,False,16,0,16,0.05979556776583195,True
outage_replay_kde,11,edge0,intersection_02,False,16,0,16,0.2368903944734484,True
outage_replay_kde,11,edge0,intersection_03,False,16,0,16,0.19422649359330535,True
outage_replay_kde,11,edge0,intersection_04,False,16,0,16,0.05922346538864076,True
outage_replay_kde,11,edge0,intersection_05,False,16,0,16,0.08316379529424012,True
outage_replay_kde,11,edge0,intersection_06,False,16,0,16,0.060255554271861904,True
outage_replay_kde,11,edge1,intersection_07,False,16,0,16,0.056985965464264154,True
outage_replay_kde,11,edge1,intersection_08,False,16,0,16,0.2392810198944062,True
outage_replay_kde,11,edge1,intersection_09,False,16,0,16,0.10775023116730154,True
outage_replay_kde,11,edge1,intersection_10,False,16,0,16,0.060378038790076964,True
outage_replay_kde,11,edge1,intersection_11,False,16,0,16,0.06028389348648488,True
outage_replay_kde,11,edge1,intersection_12,False,16,0,16,0.059670118615031235,True
outage_replay_kde,11,edge1,intersection_13,False,16,0,16,0.11870098486542702,True
outage_replay_kde,11,edge2,intersection_14,False,16,0,16,0.0002510084304958582,True
outage_replay_kde,11,edge2,intersection_15,False,16,0,16,0.12830439303070307,True
outage_replay_kde,11,edge2,intersection_16,False,16,0,16,0.15785873658023775,True
outage_replay_kde,11,edge2,intersection_17,False,16,0,16,0.06025926512666046,True
outage_replay_kde,11,edge2,intersection_18,False,16,0,16,0.12023065076209603,True
outage_replay_kde,11,edge2,intersection_19,False,16,0,16,0.116946489084512,True
outage_replay_kde,11,edge2,intersection_20,False,16,0,16,0.11549299443140626,True
outage_replay_kde,12,edge0,intersection_00,False,16,0,16,0.106956347823143,True
outage_replay_kde,12,edge0,intersection_01,False,16,0,16,0.2728113189805299,True
outage_replay_kde,12,edge0,intersection_02,False,16,0,16,0.059336062520742416,True
outage_replay_kde,12,edge0,intersection_03,False,16,0,16,0.105552562745288,True
outage_replay_kde,12,edge0,intersection_04,False,16,0,16,0.17724959854967892,True
outage_replay_kde,12,edge0,intersection_05,False,16,0,16,0.11896073166280985,True
outage_replay_kde,12,edge0,intersection_06,False,16,0,16,0.11969414842315018,True
outage_replay_kde,12,edge1,intersection_07,False,16,0,16,0.23530813329853117,True
outage_replay_kde,12,edge1,intersection_08,False,16,0,16,0.11918628332205117,True
outage_replay_kde,12,edge1,intersection_09,False,16,0,16,0.058780469466000795,True
outage_replay_kde,12,edge1,intersection_10,False,16,0,16,0.00020918715745210648,True
outage_replay_kde,12,edge1,intersection_11,False,16,0,16,0.026669462211430073,True
outage_replay_kde,12,edge1,intersection_12,False,16,0,16,0.05974841630086303,True
outage_replay_kde,12,edge1,intersection_13,False,16,0,16,0.05940813338384032,True
outage_replay_kde,12,edge2,intersection_14,False,16,0,16,0.05997159145772457,True
outage_replay_kde,12,edge2,intersection_15,False,16,0,16,0.00017629563808441162,True
outage_replay_kde,12,edge2,intersection_16,False,16,0,16,0.059941059444099665,True
outage_replay_kde,12,edge2,intersection_17,False,16,0,16,0.1193829937838018,True
outage_replay_kde,12,edge2,intersection_18,False,16,0,16,0.2046888668555766,True
outage_replay_kde,12,edge2,intersection_19,False,16,0,16,0.06009967206045985,True
outage_replay_kde,12,edge2,intersection_20,False,16,0,16,0.17713358323089778,True
outage_replay_kde,13,edge0,intersection_00,False,16,0,16,0.05904029426164925,True
outage_replay_kde,13,edge0,intersection_01,False,16,0,16,0.05764894117601215,True
outage_replay_kde,13,edge0,intersection_02,False,16,0,16,0.11777052190154791,True
outage_replay_kde,13,edge0,intersection_03,False,16,0,16,0.17942382907494903,True
outage_replay_kde,13,edge0,intersection_04,False,16,0,16,0.11862271907739341,True
outage_replay_kde,13,edge0,intersection_05,False,16,0,16,0.09098307392559946,True
outage_replay_kde,13,edge0,intersection_06,False,16,0,16,0.06022146739996969,True
outage_replay_kde,13,edge1,intersection_07,False,16,0,16,0.10070062498562038,True
outage_replay_kde,13,edge1,intersection_08,False,16,0,16,0.2379391707945615,True
outage_replay_kde,13,edge1,intersection_09,False,16,0,16,0.00021493388339877129,True
outage_replay_kde,13,edge1,intersection_10,False,16,0,16,0.07503817742690444,True
outage_replay_kde,13,edge1,intersection_11,False,16,0,16,0.0049089265521615735,True
outage_replay_kde,13,edge1,intersection_12,False,16,0,16,0.00023832428269088268,True
outage_replay_kde,13,edge1,intersection_13,False,16,0,16,0.05940773570910096,True
outage_replay_kde,13,edge2,intersection_14,False,16,0,16,0.11927154986187816,True
outage_replay_kde,13,edge2,intersection_15,False,16,0,16,0.05829004594124853,True
outage_replay_kde,13,edge2,intersection_16,False,16,0,16,0.0002667906228452921,True
outage_replay_kde,13,edge2,intersection_17,False,16,0,16,0.19313910254277286,True
outage_replay_kde,13,edge2,intersection_18,False,16,0,16,0.17881012451834977,True
outage_replay_kde,13,edge2,intersection_19,False,16,0,16,0.043459531618282206,True
outage_replay_kde,13,edge2,intersection_20,False,16,0,16,0.1271650104317814,True
outage_replay_kde,14,edge0,intersection_00,False,16,0,16,0.23833127273246646,True
outage_replay_kde,14,edge0,intersection_01,False,16,0,16,0.11966711888089776,True
outage_replay_kde,14,edge0,intersection_02,False,16,0,16,0.004942041588947177,True
outage_replay_kde,14,edge0,intersection_03,False,16,0,16,0.1771203053649515,True
outage_replay_kde,14,edge0,intersection_04,False,16,0,16,0.00023669376969337463,True
outage_replay_kde,14,edge0,intersection_05,False,16,0,16,0.11564092710614204,True
outage_replay_kde,14,edge0,intersection_06,False,16,0,16,0.05806312756612897,True
outage_replay_kde,14,edge1,intersection_07,False,16,0,16,0.05929485312663019,True
outage_replay_kde,14,edge1,intersection_08,False,16,0,16,0.05882868287153543,True
outage_replay_kde,14,edge1,intersection_09,False,16,0,16,0.012430105125531554,True
outage_replay_kde,14,edge1,intersection_10,False,16,0,16,0.11725684627890587,True
outage_replay_kde,14,edge1,intersection_11,False,16,0,16,0.02368898352142423,True
outage_replay_kde,14,edge1,intersection_12,False,16,0,16,0.0004500983050093055,True
outage_replay_kde,14,edge1,intersection_13,False,16,0,16,0.11811138829216361,True
outage_replay_kde,14,edge2,intersection_14,False,16,0,16,0.2031625034287572,True
outage_replay_kde,14,edge2,intersection_15,False,16,0,16,0.11890382831916213,True
outage_replay_kde,14,edge2,intersection_16,False,16,0,16,0.23891503922641277,True
outage_replay_kde,14,edge2,intersection_17,False,16,0,16,0.06020377506501972,True
outage_replay_kde,14,edge2,intersection_18,False,16,0,16,0.059634950710460544,True
outage_replay_kde,14,edge2,intersection_19,False,16,0,16,0.09009738522581756,True
outage_replay_kde,14,edge2,intersection_20,False,16,0,16,0.23630209174007177,True
outage_replay_kde,15,edge0,intersection_00,False,16,0,16,0.12847266742028296,True
outage_replay_kde,15,edge0,intersection_01,False,16,0,16,0.18001755559816957,True
outage_replay_kde,15,edge0,intersection_02,False,16,0,16,0.03494323999620974,True
outage_replay_kde,15,edge0,intersection_03,False,16,0,16,0.11939949519000947,True
outage_replay_kde,15,edge0,intersection_04,False,16,0,16,0.17662430251948535,True
outage_replay_kde,15,edge0,intersection_05,False,16,0,16,0.00021153572015464306,True
outage_replay_kde,15,edge0,intersection_06,False,16,0,16,0.06016839435324072,True
outage_replay_kde,15,edge1,intersection_07,False,16,0,16,0.0003163679502904415,True
outage_replay_kde,15,edge1,intersection_08,False,16,0,16,0.05975731345824897,True
outage_replay_kde,15,edge1,intersection_09,False,16,0,16,0.021658765384927392,True
outage_replay_kde,15,edge1,intersection_10,False,16,0,16,0.05893432395532727,True
outage_replay_kde,15,edge1,intersection_11,False,16,0,16,0.16614977433346212,True
outage_replay_kde,15,edge1,intersection_12,False,16,0,16,0.179229789879173,True
outage_replay_kde,15,edge1,intersection_13,False,16,0,16,0.2391057552304119,True
outage_replay_kde,15,edge2,intersection_14,False,16,0,16,0.1751440262887627,True
outage_replay_kde,15,edge2,intersection_15,False,16,0,16,0.14565650979056954,True
outage_replay_kde,15,edge2,intersection_16,False,16,0,16,0.00023754499852657318,True
outage_replay_kde,15,edge2,intersection_17,False,16,0,16,0.2172663293313235,True
outage_replay_kde,15,edge2,intersection_18,False,16,0,16,0.29369913460686803,True
outage_replay_kde,15,edge2,intersection_19,False,16,0,16,0.05863575474359095,True
outage_replay_kde,15,edge2,intersection_20,False,16,0,16,0.1588790868408978,True
outage_replay_kde,16,edge0,intersection_00,False,16,0,16,0.08819937135558575,True
outage_replay_kde,16,edge0,intersection_01,False,16,0,16,0.173080526990816,True
outage_replay_kde,16,edge0,intersection_02,False,16,0,16,0.20946228178218007,True
outage_replay_kde,16,edge0,intersection_03,False,16,0,16,0.023837456712499257,True
outage_replay_kde,16,edge0,intersection_04,False,16,0,16,0.11881992476992309,True
outage_replay_kde,16,edge0,intersection_05,False,16,0,16,0.35689417482353747,True
outage_replay_kde,16,edge0,intersection_06,False,16,0,16,0.00020032422617077827,True
outage_replay_kde,16,edge1,intersection_07,False,16,0,16,0.06018950720317661,True
outage_replay_kde,16,edge1,intersection_08,False,16,0,16,0.00021264934912323952,True
outage_replay_kde,16,edge1,intersection_09,False,16,0,16,0.00020823371596634388,True
outage_replay_kde,16,edge1,intersection_10,False,16,0,16,0.05546662723645568,True
outage_replay_kde,16,edge1,intersection_11,False,16,0,16,0.060298254247754805,True
outage_replay_kde,16,edge1,intersection_12,False,16,0,16,0.015853722114115953,True
outage_replay_kde,16,edge1,intersection_13,False,16,0,16,0.09680173778906465,True
outage_replay_kde,16,edge2,intersection_14,False,16,0,16,0.05973742227070033,True
outage_replay_kde,16,edge2,intersection_15,False,16,0,16,0.23751386534422636,True
outage_replay_kde,16,edge2,intersection_16,False,16,0,16,0.23706512991338968,True
outage_replay_kde,16,edge2,intersection_17,False,16,0,16,0.16778797307051718,True
outage_replay_kde,16,edge2,intersection_18,False,16,0,16,0.00017536338418722153,True
outage_replay_kde,16,edge2,intersection_19,False,16,0,16,0.058604727499187,True
outage_replay_kde,16,edge2,intersection_20,False,16,0,16,0.058260611956939094,True
outage_replay_kde,17,edge0,intersection_00,False,16,0,16,0.03817991865798831,True
outage_replay_kde,17,edge0,intersection_01,False,16,0,16,0.1203036254737526,True
outage_replay_kde,17,edge0,intersection_02,False,16,0,16,0.0002479841932654381,True
outage_replay_kde,17,edge0,intersection_03,False,16,0,16,0.17921418673358858,True
outage_replay_kde,17,edge0,intersection_04,False,16,0,16,0.06009525037370622,True
outage_replay_kde,17,edge0,intersection_05,False,16,0,16,0.08366631506942211,True
outage_replay_kde,17,edge0,intersection_06,False,16,0,16,0.05863005807623268,True
outage_replay_kde,17,edge1,intersection_07,False,16,0,16,0.11808059643954039,True
outage_replay_kde,17,edge1,intersection_08,False,16,0,16,0.00022373837418854237,True
outage_replay_kde,17,edge1,intersection_09,False,16,0,16,0.0002042872365564108,True
outage_replay_kde,17,edge1,intersection_10,False,16,0,16,0.0001828914973884821,True
outage_replay_kde,17,edge1,intersection_11,False,16,0,16,0.2968719827476889,True
outage_replay_kde,17,edge1,intersection_12,False,16,0,16,0.058908258099108934,True
outage_replay_kde,17,edge1,intersection_13,False,16,0,16,0.1168599019292742,True
outage_replay_kde,17,edge2,intersection_14,False,16,0,16,0.17917821719311178,True
outage_replay_kde,17,edge2,intersection_15,False,16,0,16,0.05962799512781203,True
outage_replay_kde,17,edge2,intersection_16,False,16,0,16,0.1781434188596904,True
outage_replay_kde,17,edge2,intersection_17,False,16,0,16,0.26954559865407646,True
outage_replay_kde,17,edge2,intersection_18,False,16,0,16,0.17799726640805602,True
outage_replay_kde,17,edge2,intersection_19,False,16,0,16,0.1174568913411349,True
outage_replay_kde,17,edge2,intersection_20,False,16,0,16,0.08600643486715853,True
outage_replay_kde,18,edge0,intersection_00,False,16,0,16,0.06017128168605267,True
outage_replay_kde,18,edge0,intersection_01,False,16,0,16,0.1183178685605526,True
outage_replay_kde,18,edge0,intersection_02,False,16,0,16,0.06022753636352717,True
outage_replay_kde,18,edge0,intersection_03,False,16,0,16,0.11793521465733647,True
outage_replay_kde,18,edge0,intersection_04,False,16,0,16,0.1929293901193887,True
outage_replay_kde,18,edge0,intersection_05,False,16,0,16,0.17812520149163902,True
outage_replay_kde,18,edge0,intersection_06,False,16,0,16,0.11973158712498844,True
outage_replay_kde,18,edge1,intersection_07,False,16,0,16,0.19813858391717076,True
outage_replay_kde,18,edge1,intersection_08,False,16,0,16,0.1368564327713102,True
outage_replay_kde,18,edge1,intersection_09,False,16,0,16,0.1787760122679174,True
outage_replay_kde,18,edge1,intersection_10,False,16,0,16,0.178891075309366,True
outage_replay_kde,18,edge1,intersection_11,False,16,0,16,0.11774677131325006,True
outage_replay_kde,18,edge1,intersection_12,False,16,0,16,0.23627658328041434,True
outage_replay_kde,18,edge1,intersection_13,False,16,0,16,0.13882854650728405,True
outage_replay_kde,18,edge2,intersection_14,False,16,0,16,0.1748960972763598,True
outage_replay_kde,18,edge2,intersection_15,False,16,0,16,0.00027973903343081474,True
outage_replay_kde,18,edge2,intersection_16,False,16,0,16,0.11834963201545179,True
outage_replay_kde,18,edge2,intersection_17,False,16,0,16,0.0001804728526622057,True
outage_replay_kde,18,edge2,intersection_18,False,16,0,16,0.00022611301392316818,True
outage_replay_kde,18,edge2,intersection_19,False,16,0,16,0.03381110564805567,True
outage_replay_kde,18,edge2,intersection_20,False,16,0,16,0.007307959953323007,True
outage_replay_kde,19,edge0,intersection_00,False,16,0,16,0.11539419577457011,True
outage_replay_kde,19,edge0,intersection_01,False,16,0,16,0.00012559536844491959,True
outage_replay_kde,19,edge0,intersection_02,False,16,0,16,0.00021444610320031643,True
outage_replay_kde,19,edge0,intersection_03,False,16,0,16,0.03169171465560793,True
outage_replay_kde,19,edge0,intersection_04,False,16,0,16,0.11758629069663584,True
outage_replay_kde,19,edge0,intersection_05,False,16,0,16,0.00026280153542757034,True
outage_replay_kde,19,edge0,intersection_06,False,16,0,16,0.06448312452994287,True
outage_replay_kde,19,edge1,intersection_07,False,16,0,16,0.05934627330861985,True
outage_replay_kde,19,edge1,intersection_08,False,16,0,16,0.06016556615941226,True
outage_replay_kde,19,edge1,intersection_09,False,16,0,16,0.11887470190413295,True
outage_replay_kde,19,edge1,intersection_10,False,16,0,16,0.00022700615227222443,True
outage_replay_kde,19,edge1,intersection_11,False,16,0,16,0.0582955579739064,True
outage_replay_kde,19,edge1,intersection_12,False,16,0,16,0.05985717289149761,True
outage_replay_kde,19,edge1,intersection_13,False,16,0,16,0.11665321537293494,True
outage_replay_kde,19,edge2,intersection_14,False,16,0,16,0.11914098681882024,True
outage_replay_kde,19,edge2,intersection_15,False,16,0,16,0.00020966911688446999,True
outage_replay_kde,19,edge2,intersection_16,False,16,0,16,0.06018596817739308,True
outage_replay_kde,19,edge2,intersection_17,False,16,0,16,0.17441161500755697,True
outage_replay_kde,19,edge2,intersection_18,False,16,0,16,0.06065004912670702,True
outage_replay_kde,19,edge2,intersection_19,False,16,0,16,0.11764845321886241,True
outage_replay_kde,19,edge2,intersection_20,False,16,0,16,0.17876724153757095,True
outage_replay_kde,20,edge0,intersection_00,True,0,16,16,0.12725314421407927,True
outage_replay_kde,20,edge0,intersection_01,False,16,0,16,0.06012290297076106,True
outage_replay_kde,20,edge0,intersection_02,False,16,0,16,0.00021601980552077293,True
outage_replay_kde,20,edge0,intersection_03,False,16,0,16,0.0001844777725636959,True
outage_replay_kde,20,edge0,intersection_04,False,16,0,16,0.047326122177764766,True
outage_replay_kde,20,edge0,intersection_05,False,16,0,16,0.12022465025074779,True
outage_replay_kde,20,edge0,intersection_06,False,16,0,16,0.05989316035993398,True
outage_replay_kde,20,edge1,intersection_07,False,16,0,16,0.05053905327804386,True
outage_replay_kde,20,edge1,intersection_08,False,16,0,16,0.13295081327669322,True
outage_replay_kde,20,edge1,intersection_09,False,16,0,16,0.0001966587733477354,True
outage_replay_kde,20,edge1,intersection_10,False,16,0,16,0.17799085192382336,True
outage_replay_kde,20,edge1,intersection_11,False,16,0,16,0.1786690321750939,True
outage_replay_kde,20,edge1,intersection_12,False,16,0,16,0.13768244022503495,True
outage_replay_kde,20,edge1,intersection_13,False,16,0,16,0.11713745957240462,True
outage_replay_kde,20,edge2,intersection_14,False,16,0,16,0.10312758013606071,True
outage_replay_kde,20,edge2,intersection_15,False,16,0,16,0.08756272844038904,True
outage_replay_kde,20,edge2,intersection_16,False,16,0,16,0.11960274213925004,True
outage_replay_kde,20,edge2,intersection_17,False,16,0,16,0.23570172814652324,True
outage_replay_kde,20,edge2,intersection_18,False,16,0,16,0.06017204537056386,True
outage_replay_kde,20,edge2,intersection_19,False,16,0,16,0.05903217406012118,True
outage_replay_kde,20,edge2,intersection_20,False,16,0,16,0.0005271794507279992,True
outage_replay_kde,21,edge0,intersection_00,True,0,16,16,0.013595259528279467,True
outage_replay_kde,21,edge0,intersection_01,False,16,0,16,0.1791972650680691,True
outage_replay_kde,21,edge0,intersection_02,False,16,0,16,0.015572412172332406,True
outage_replay_kde,21,edge0,intersection_03,False,16,0,16,0.06976318405941127,True
outage_replay_kde,21,edge0,intersection_04,False,16,0,16,0.06008831365033984,True
outage_replay_kde,21,edge0,intersection_05,False,16,0,16,0.05946175870485603,True
outage_replay_kde,21,edge0,intersection_06,False,16,0,16,0.0002776214387267828,True
outage_replay_kde,21,edge1,intersection_07,False,16,0,16,0.00017045089043676853,True
outage_replay_kde,21,edge1,intersection_08,False,16,0,16,0.19071419769898057,True
outage_replay_kde,21,edge1,intersection_09,False,16,0,16,0.11897465703077614,True
outage_replay_kde,21,edge1,intersection_10,False,16,0,16,0.06003607390448451,True
outage_replay_kde,21,edge1,intersection_11,False,16,0,16,0.12022752151824533,True
outage_replay_kde,21,edge1,intersection_12,False,16,0,16,0.059341675601899624,True
outage_replay_kde,21,edge1,intersection_13,False,16,0,16,0.06036430574022233,True
outage_replay_kde,21,edge2,intersection_14,False,16,0,16,0.024615901056677103,True
outage_replay_kde,21,edge2,intersection_15,False,16,0,16,0.29745401651598513,True
outage_replay_kde,21,edge2,intersection_16,False,16,0,16,0.00022258725948631763,True
outage_replay_kde,21,edge2,intersection_17,False,16,0,16,0.059958171332255006,True
outage_replay_kde,21,edge2,intersection_18,False,16,0,16,0.23447258863598108,True
outage_replay_kde,21,edge2,intersection_19,False,16,0,16,0.17467086878605187,True
outage_replay_kde,21,edge2,intersection_20,False,16,0,16,0.06464017904363573,True
outage_replay_kde,22,edge0,intersection_00,True,0,16,16,0.07052234309881904,True
outage_replay_kde,22,edge0,intersection_01,False,16,0,16,0.07609559199772775,True
outage_replay_kde,22,edge0,intersection_02,False,16,0,16,0.2952433524187654,True
outage_replay_kde,22,edge0,intersection_03,False,16,0,16,0.11858833348378539,True
outage_replay_kde,22,edge0,intersection_04,False,16,0,16,0.16680211131460965,True
outage_replay_kde,22,edge0,intersection_05,False,16,0,16,0.0575384390540421,True
outage_replay_kde,22,edge0,intersection_06,False,16,0,16,0.05855168681591749,True
outage_replay_kde,22,edge1,intersection_07,False,16,0,16,0.09550259984098375,True
outage_replay_kde,22,edge1,intersection_08,False,16,0,16,0.06880808761343359,True
outage_replay_kde,22,edge1,intersection_09,False,16,0,16,0.23874935088679194,True
outage_replay_kde,22,edge1,intersection_10,False,16,0,16,0.12589181680232286,True
outage_replay_kde,22,edge1,intersection_11,False,16,0,16,0.05937638692557812,True
outage_replay_kde,22,edge1,intersection_12,False,16,0,16,0.06049806659575551,True
outage_replay_kde,22,edge1,intersection_13,False,16,0,16,0.060014926828444004,True
outage_replay_kde,22,edge2,intersection_14,False,16,0,16,0.11925601516850293,True
outage_replay_kde,22,edge2,intersection_15,False,16,0,16,0.03765835659578442,True
outage_replay_kde,22,edge2,intersection_16,False,16,0,16,0.11858292249962687,True
outage_replay_kde,22,edge2,intersection_17,False,16,0,16,0.09127558930777013,True
outage_replay_kde,22,edge2,intersection_18,False,16,0,16,0.0002104579471051693,True
outage_replay_kde,22,edge2,intersection_19,False,16,0,16,0.10208715288899839,True
outage_replay_kde,22,edge2,intersection_20,False,16,0,16,0.1976562556810677,True
outage_replay_kde,23,edge0,intersection_00,True,0,16,16,0.06874820934432721,True
outage_replay_kde,23,edge0,intersection_01,False,16,0,16,0.17818062752485275,True
outage_replay_kde,23,edge0,intersection_02,False,16,0,16,0.12006005086004734,True
outage_replay_kde,23,edge0,intersection_03,False,16,0,16,0.23430467094294727,True
outage_replay_kde,23,edge0,intersection_04,False,16,0,16,0.17848899308592078,True
outage_replay_kde,23,edge0,intersection_05,False,16,0,16,0.11909393942914903,True
outage_replay_kde,23,edge0,intersection_06,False,16,0,16,0.06351776630617678,True
outage_replay_kde,23,edge1,intersection_07,False,16,0,16,0.05882436106912792,True
outage_replay_kde,23,edge1,intersection_08,False,16,0,16,0.060158253880217664,True
outage_replay_kde,23,edge1,intersection_09,False,16,0,16,0.12978783692233264,True
outage_replay_kde,23,edge1,intersection_10,False,16,0,16,0.058821798069402575,True
outage_replay_kde,23,edge1,intersection_11,False,16,0,16,0.11898720660246909,True
outage_replay_kde,23,edge1,intersection_12,False,16,0,16,0.11932637984864412,True
outage_replay_kde,23,edge1,intersection_13,False,16,0,16,0.1780270340386778,True
outage_replay_kde,23,edge2,intersection_14,False,16,0,16,0.0002011342439800501,True
outage_replay_kde,23,edge2,intersection_15,False,16,0,16,0.11771116266027093,True
outage_replay_kde,23,edge2,intersection_16,False,16,0,16,0.00020879600197076797,True
outage_replay_kde,23,edge2,intersection_17,False,16,0,16,0.1202651720959693,True
outage_replay_kde,23,edge2,intersection_18,False,16,0,16,0.059568686410784714,True
outage_replay_kde,23,edge2,intersection_19,False,16,0,16,0.1185853227507323,True
outage_replay_kde,23,edge2,intersection_20,False,16,0,16,0.05849234969355166,True
outage_replay_kde,24,edge0,intersection_00,True,0,16,16,0.11524479662913244,True
outage_replay_kde,24,edge0,intersection_01,False,16,0,16,0.00024907197803258896,True
outage_replay_kde,24,edge0,intersection_02,False,16,0,16,0.05993552762083709,True
outage_replay_kde,24,edge0,intersection_03,False,16,0,16,0.13438008888624609,True
outage_replay_kde,24,edge0,intersection_04,False,16,0,16,0.09375890693627298,True
outage_replay_kde,24,edge0,intersection_05,False,16,0,16,0.0002026185393333435,True
outage_replay_kde,24,edge0,intersection_06,False,16,0,16,0.11601746245287359,True
outage_replay_kde,24,edge1,intersection_07,False,16,0,16,0.1294322838075459,True
outage_replay_kde,24,edge1,intersection_08,False,16,0,16,0.11638082633726299,True
outage_replay_kde,24,edge1,intersection_09,False,16,0,16,0.059789257124066346,True
outage_replay_kde,24,edge1,intersection_10,False,16,0,16,0.059935721568763256,True
outage_replay_kde,24,edge1,intersection_11,False,16,0,16,0.05853342521004379,True
outage_replay_kde,24,edge1,intersection_12,False,16,0,16,0.06025534635409712,True
outage_replay_kde,24,edge1,intersection_13,False,16,0,16,0.05953290546312928,True
outage_replay_kde,24,edge2,intersection_14,False,16,0,16,0.11934770224615932,True
outage_replay_kde,24,edge2,intersection_15,False,16,0,16,0.11933315568603574,True
outage_replay_kde,24,edge2,intersection_16,False,16,0,16,0.05978023004718125,True
outage_replay_kde,24,edge2,intersection_17,False,16,0,16,0.00013328250497579575,True
outage_replay_kde,24,edge2,intersection_18,False,16,0,16,0.06018312368541955,True
outage_replay_kde,24,edge2,intersection_19,False,16,0,16,0.08484537224285303,True
outage_replay_kde,24,edge2,intersection_20,False,16,0,16,0.1079253894276917,True
outage_replay_kde,25,edge0,intersection_00,True,0,16,16,0.008794206528089144,True
outage_replay_kde,25,edge0,intersection_01,False,16,0,16,0.08114147023297845,True
outage_replay_kde,25,edge0,intersection_02,False,16,0,16,0.05765700316987932,True
outage_replay_kde,25,edge0,intersection_03,False,16,0,16,0.11722358386032283,True
outage_replay_kde,25,edge0,intersection_04,False,16,0,16,0.00017255940474569798,True
outage_replay_kde,25,edge0,intersection_05,False,16,0,16,0.060226932400837534,True
outage_replay_kde,25,edge0,intersection_06,False,16,0,16,0.04977822490036487,True
outage_replay_kde,25,edge1,intersection_07,False,16,0,16,0.12266679084859788,True
outage_replay_kde,25,edge1,intersection_08,False,16,0,16,0.10611488856375217,True
outage_replay_kde,25,edge1,intersection_09,False,16,0,16,0.11988617037422955,True
outage_replay_kde,25,edge1,intersection_10,False,16,0,16,0.05978228640742601,True
outage_replay_kde,25,edge1,intersection_11,False,16,0,16,0.11115139885805547,True
outage_replay_kde,25,edge1,intersection_12,False,16,0,16,0.00020124390721321106,True
outage_replay_kde,25,edge1,intersection_13,False,16,0,16,0.16527684498578307,True
outage_replay_kde,25,edge2,intersection_14,False,16,0,16,0.0861589480191469,True
outage_replay_kde,25,edge2,intersection_15,False,16,0,16,0.11655510496348143,True
outage_replay_kde,25,edge2,intersection_16,False,16,0,16,0.06991802295669913,True
outage_replay_kde,25,edge2,intersection_17,False,16,0,16,0.05988651257939637,True
outage_replay_kde,25,edge2,intersection_18,False,16,0,16,0.000195635249838233,True
outage_replay_kde,25,edge2,intersection_19,False,16,0,16,0.07122780987992883,True
outage_replay_kde,25,edge2,intersection_20,False,16,0,16,0.0788540553767234,True
outage_replay_kde,26,edge0,intersection_00,True,0,16,16,0.06711570587967752,True
outage_replay_kde,26,edge0,intersection_01,False,16,0,16,0.00022923736833035946,True
outage_replay_kde,26,edge0,intersection_02,False,16,0,16,0.18025696557015178,True
outage_replay_kde,26,edge0,intersection_03,False,16,0,16,0.05741229257546365,True
outage_replay_kde,26,edge0,intersection_04,False,16,0,16,0.17978952801786363,True
outage_replay_kde,26,edge0,intersection_05,False,16,0,16,0.08269982854835689,True
outage_replay_kde,26,edge0,intersection_06,False,16,0,16,0.00028132158331573004,True
outage_replay_kde,26,edge1,intersection_07,False,16,0,16,0.17842620774172246,True
outage_replay_kde,26,edge1,intersection_08,False,16,0,16,0.11997632985003291,True
outage_replay_kde,26,edge1,intersection_09,False,16,0,16,0.06024193880148232,True
outage_replay_kde,26,edge1,intersection_10,False,16,0,16,0.05917671974748373,True
outage_replay_kde,26,edge1,intersection_11,False,16,0,16,0.17269488400779665,True
outage_replay_kde,26,edge1,intersection_12,False,16,0,16,0.0602034437470138,True
outage_replay_kde,26,edge1,intersection_13,False,16,0,16,0.0001821101177483797,True
outage_replay_kde,26,edge2,intersection_14,False,16,0,16,0.00019340193830430508,True
outage_replay_kde,26,edge2,intersection_15,False,16,0,16,0.09558613854460418,True
outage_replay_kde,26,edge2,intersection_16,False,16,0,16,0.00023015332408249378,True
outage_replay_kde,26,edge2,intersection_17,False,16,0,16,0.012659926665946841,True
outage_replay_kde,26,edge2,intersection_18,False,16,0,16,0.08650375809520483,True
outage_replay_kde,26,edge2,intersection_19,False,16,0,16,0.060372559586539865,True
outage_replay_kde,26,edge2,intersection_20,False,16,0,16,0.03953708778135478,True
outage_replay_kde,27,edge0,intersection_00,True,0,16,16,0.11730730604730573,True
outage_replay_kde,27,edge0,intersection_01,False,16,0,16,0.0001911623403429985,True
outage_replay_kde,27,edge0,intersection_02,False,16,0,16,0.04349317960441113,True
outage_replay_kde,27,edge0,intersection_03,False,16,0,16,0.136157747823745,True
outage_replay_kde,27,edge0,intersection_04,False,16,0,16,0.11778796021826565,True
outage_replay_kde,27,edge0,intersection_05,False,16,0,16,0.15665515116415918,True
outage_replay_kde,27,edge0,intersection_06,False,16,0,16,0.23837755946442485,True
outage_replay_kde,27,edge1,intersection_07,False,16,0,16,0.08529590885154903,True
outage_replay_kde,27,edge1,intersection_08,False,16,0,16,0.17921365262009203,True
outage_replay_kde,27,edge1,intersection_09,False,16,0,16,0.12021238286979495,True
outage_replay_kde,27,edge1,intersection_10,False,16,0,16,0.00020199990831315517,True
outage_replay_kde,27,edge1,intersection_11,False,16,0,16,0.060235174838453524,True
outage_replay_kde,27,edge1,intersection_12,False,16,0,16,0.05983234290033579,True
outage_replay_kde,27,edge1,intersection_13,False,16,0,16,0.12002483312971889,True
outage_replay_kde,27,edge2,intersection_14,False,16,0,16,0.05977448960766196,True
outage_replay_kde,27,edge2,intersection_15,False,16,0,16,0.17769268504343927,True
outage_replay_kde,27,edge2,intersection_16,False,16,0,16,0.05890140729025006,True
outage_replay_kde,27,edge2,intersection_17,False,16,0,16,0.2357736963313073,True
outage_replay_kde,27,edge2,intersection_18,False,16,0,16,0.16125978529453278,True
outage_replay_kde,27,edge2,intersection_19,False,16,0,16,0.17924350686371326,True
outage_replay_kde,27,edge2,intersection_20,False,16,0,16,0.15374562330543995,True
outage_replay_kde,28,edge0,intersection_00,True,0,16,16,0.012168698174764677,True
outage_replay_kde,28,edge0,intersection_01,False,16,0,16,0.214377612574026,True
outage_replay_kde,28,edge0,intersection_02,False,16,0,16,0.00020680553279817104,True
outage_replay_kde,28,edge0,intersection_03,False,16,0,16,0.018673498881980777,True
outage_replay_kde,28,edge0,intersection_04,False,16,0,16,0.08190291281789541,True
outage_replay_kde,28,edge0,intersection_05,False,16,0,16,0.00022290600463747978,True
outage_replay_kde,28,edge0,intersection_06,False,16,0,16,0.13131006178446114,True
outage_replay_kde,28,edge1,intersection_07,False,16,0,16,0.18675399431958795,True
outage_replay_kde,28,edge1,intersection_08,False,16,0,16,0.292761845048517,True
outage_replay_kde,28,edge1,intersection_09,False,16,0,16,0.06024596956558525,True
outage_replay_kde,28,edge1,intersection_10,False,16,0,16,0.0004094697069376707,True
outage_replay_kde,28,edge1,intersection_11,False,16,0,16,0.06011286936700344,True
outage_replay_kde,28,edge1,intersection_12,False,16,0,16,0.0001634056679904461,True
outage_replay_kde,28,edge1,intersection_13,False,16,0,16,0.0708378383424133,True
outage_replay_kde,28,edge2,intersection_14,False,16,0,16,0.06018874631263315,True
outage_replay_kde,28,edge2,intersection_15,False,16,0,16,0.06014990888070315,True
outage_replay_kde,28,edge2,intersection_16,False,16,0,16,0.00014395778998732567,True
outage_replay_kde,28,edge2,intersection_17,False,16,0,16,0.0535683564376086,True
outage_replay_kde,28,edge2,intersection_18,False,16,0,16,0.11977284378372133,True
outage_replay_kde,28,edge2,intersection_19,False,16,0,16,0.07381090032868087,True
outage_replay_kde,28,edge2,intersection_20,False,16,0,16,0.00019192323088645935,True
outage_replay_kde,29,edge0,intersection_00,True,0,16,16,0.008092474714758392,True
outage_replay_kde,29,edge0,intersection_01,False,16,0,16,0.05980824283324182,True
outage_replay_kde,29,edge0,intersection_02,False,16,0,16,0.00019159680232405663,True
outage_replay_kde,29,edge0,intersection_03,False,16,0,16,0.17898818175308406,True
outage_replay_kde,29,edge0,intersection_04,False,16,0,16,0.11985843093134461,True
outage_replay_kde,29,edge0,intersection_05,False,16,0,16,0.058590334840118885,True
outage_replay_kde,29,edge0,intersection_06,False,16,0,16,0.10756576852872968,True
outage_replay_kde,29,edge1,intersection_07,False,16,0,16,0.17619511322118342,True
outage_replay_kde,29,edge1,intersection_08,False,16,0,16,0.05893173906952143,True
outage_replay_kde,29,edge1,intersection_09,False,16,0,16,0.0002126398030668497,True
outage_replay_kde,29,edge1,intersection_10,False,16,0,16,0.0001706392504274845,True
outage_replay_kde,29,edge1,intersection_11,False,16,0,16,0.1194663958158344,True
outage_replay_kde,29,edge1,intersection_12,False,16,0,16,0.011413094820454717,True
outage_replay_kde,29,edge1,intersection_13,False,16,0,16,0.1798917131964117,True
outage_replay_kde,29,edge2,intersection_14,False,16,0,16,0.11914085876196623,True
outage_replay_kde,29,edge2,intersection_15,False,16,0,16,0.1919939152430743,True
outage_replay_kde,29,edge2,intersection_16,False,16,0,16,0.059970066184177995,True
outage_replay_kde,29,edge2,intersection_17,False,16,0,16,0.059401800623163574,True
outage_replay_kde,29,edge2,intersection_18,False,16,0,16,0.03146551898680627,True
outage_replay_kde,29,edge2,intersection_19,False,16,0,16,0.019214170053601265,True
outage_replay_kde,29,edge2,intersection_20,False,16,0,16,0.1338809945154935,True
outage_replay_kde,30,edge0,intersection_00,True,0,16,16,0.06981135460309132,True
outage_replay_kde,30,edge0,intersection_01,False,16,0,16,0.00019796891137957573,True
outage_replay_kde,30,edge0,intersection_02,False,16,0,16,0.05695750145241618,True
outage_replay_kde,30,edge0,intersection_03,False,16,0,16,0.1789423688314855,True
outage_replay_kde,30,edge0,intersection_04,False,16,0,16,0.05929347104392946,True
outage_replay_kde,30,edge0,intersection_05,False,16,0,16,0.0002968262415379286,True
outage_replay_kde,30,edge0,intersection_06,False,16,0,16,0.20257307239808142,True
outage_replay_kde,30,edge1,intersection_07,False,16,0,16,0.02536005829460919,True
outage_replay_kde,30,edge1,intersection_08,False,16,0,16,0.00021648360416293144,True
outage_replay_kde,30,edge1,intersection_09,False,16,0,16,0.05965574295260012,True
outage_replay_kde,30,edge1,intersection_10,False,16,0,16,0.1428396471310407,True
outage_replay_kde,30,edge1,intersection_11,False,16,0,16,0.00019857031293213367,True
outage_replay_kde,30,edge1,intersection_12,False,16,0,16,0.06001855270005762,True
outage_replay_kde,30,edge1,intersection_13,False,16,0,16,0.06023226375691592,True
outage_replay_kde,30,edge2,intersection_14,False,16,0,16,0.12428978178650141,True
outage_replay_kde,30,edge2,intersection_15,False,16,0,16,0.11867476440966129,True
outage_replay_kde,30,edge2,intersection_16,False,16,0,16,0.02576339361257851,True
outage_replay_kde,30,edge2,intersection_17,False,16,0,16,0.2248923280276358,True
outage_replay_kde,30,edge2,intersection_18,False,16,0,16,0.06024062284268439,True
outage_replay_kde,30,edge2,intersection_19,False,16,0,16,0.0600544607732445,True
outage_replay_kde,30,edge2,intersection_20,False,16,0,16,0.11060139769688249,True
outage_replay_kde,31,edge0,intersection_00,True,0,16,16,0.06284384128058859,True
outage_replay_kde,31,edge0,intersection_01,False,16,0,16,0.0757172079756856,True
outage_replay_kde,31,edge0,intersection_02,False,16,0,16,0.11940945941023529,True
outage_replay_kde,31,edge0,intersection_03,False,16,0,16,0.17791370023041964,True
outage_replay_kde,31,edge0,intersection_04,False,16,0,16,0.11894282791763544,True
outage_replay_kde,31,edge0,intersection_05,False,16,0,16,0.05857530003413558,True
outage_replay_kde,31,edge0,intersection_06,False,16,0,16,0.14273990993387997,True
outage_replay_kde,31,edge1,intersection_07,False,16,0,16,0.11987328389659524,True
outage_replay_kde,31,edge1,intersection_08,False,16,0,16,0.00019165128469467163,True
outage_replay_kde,31,edge1,intersection_09,False,16,0,16,0.17640447616577148,True
outage_replay_kde,31,edge1,intersection_10,False,16,0,16,0.11801057774573565,True
outage_replay_kde,31,edge1,intersection_11,False,16,0,16,0.19867373863235116,True
outage_replay_kde,31,edge1,intersection_12,False,16,0,16,0.00023235962726175785,True
outage_replay_kde,31,edge1,intersection_13,False,16,0,16,0.1943204014096409,True
outage_replay_kde,31,edge2,intersection_14,False,16,0,16,0.178954373113811,True
outage_replay_kde,31,edge2,intersection_15,False,16,0,16,0.05760687100701035,True
outage_replay_kde,31,edge2,intersection_16,False,16,0,16,0.12684496492147446,True
outage_replay_kde,31,edge2,intersection_17,False,16,0,16,0.00022140564396977425,True
outage_replay_kde,31,edge2,intersection_18,False,16,0,16,0.06016259198077023,True
outage_replay_kde,31,edge2,intersection_19,False,16,0,16,0.11840099538676441,True
outage_replay_kde,31,edge2,intersection_20,False,16,0,16,0.05166308442130685,True
outage_replay_kde,32,edge0,intersection_00,True,0,16,16,0.0645768109099334,True
outage_replay_kde,32,edge0,intersection_01,False,16,0,16,0.1328188395127654,True
outage_replay_kde,32,edge0,intersection_02,False,16,0,16,0.06022911635227501,True
outage_replay_kde,32,edge0,intersection_03,False,16,0,16,0.0001989633310586214,True
outage_replay_kde,32,edge0,intersection_04,False,16,0,16,0.0002616983838379383,True
outage_replay_kde,32,edge0,intersection_05,False,16,0,16,0.09671881515532732,True
outage_replay_kde,32,edge0,intersection_06,False,16,0,16,0.059475094312801964,True
outage_replay_kde,32,edge1,intersection_07,False,16,0,16,0.1334457779303193,True
outage_replay_kde,32,edge1,intersection_08,False,16,0,16,0.06477956008166075,True
outage_replay_kde,32,edge1,intersection_09,False,16,0,16,0.09845513897016644,True
outage_replay_kde,32,edge1,intersection_10,False,16,0,16,0.00018120091408491135,True
outage_replay_kde,32,edge1,intersection_11,False,16,0,16,0.05966123007237911,True
outage_replay_kde,32,edge1,intersection_12,False,16,0,16,0.14528269576840103,True
outage_replay_kde,32,edge1,intersection_13,False,16,0,16,0.00020618829876184464,True
outage_replay_kde,32,edge2,intersection_14,False,16,0,16,0.060479430248960846,True
outage_replay_kde,32,edge2,intersection_15,False,16,0,16,0.00019050226546823978,True
outage_replay_kde,32,edge2,intersection_16,False,16,0,16,0.05968160624615849,True
outage_replay_kde,32,edge2,intersection_17,False,16,0,16,0.05862860847264528,True
outage_replay_kde,32,edge2,intersection_18,False,16,0,16,0.0002528759650886059,True
outage_replay_kde,32,edge2,intersection_19,False,16,0,16,0.060193781275302165,True
outage_replay_kde,32,edge2,intersection_20,False,16,0,16,0.0010029060067608953,True
outage_replay_kde,33,edge0,intersection_00,True,0,16,16,0.010458279530078409,True
outage_replay_kde,33,edge0,intersection_01,False,16,0,16,0.05921186739578843,True
outage_replay_kde,33,edge0,intersection_02,False,16,0,16,0.05843638977967202,True
outage_replay_kde,33,edge0,intersection_03,False,16,0,16,0.06023382046259939,True
outage_replay_kde,33,edge0,intersection_04,False,16,0,16,0.14616576419211924,True
outage_replay_kde,33,edge0,intersection_05,False,16,0,16,0.1213541142642498,True
outage_replay_kde,33,edge0,intersection_06,False,16,0,16,0.06024487502872943,True
outage_replay_kde,33,edge1,intersection_07,False,16,0,16,0.05957773094996809,True
outage_replay_kde,33,edge1,intersection_08,False,16,0,16,0.15265488158911467,True
outage_replay_kde,33,edge1,intersection_09,False,16,0,16,0.11791173508390783,True
outage_replay_kde,33,edge1,intersection_10,False,16,0,16,0.00021737022325396538,True
outage_replay_kde,33,edge1,intersection_11,False,16,0,16,0.059222911484539516,True
outage_replay_kde,33,edge1,intersection_12,False,16,0,16,0.11764994426630437,True
outage_replay_kde,33,edge1,intersection_13,False,16,0,16,0.11730975680984557,True
outage_replay_kde,33,edge2,intersection_14,False,16,0,16,0.1184325790964067,True
outage_replay_kde,33,edge2,intersection_15,False,16,0,16,0.058888588799163706,True
outage_replay_kde,33,edge2,intersection_16,False,16,0,16,0.0002243362832814455,True
outage_replay_kde,33,edge2,intersection_17,False,16,0,16,0.0397571693174541,True
outage_replay_kde,33,edge2,intersection_18,False,16,0,16,0.018590260529890653,True
outage_replay_kde,33,edge2,intersection_19,False,16,0,16,0.11793972388841212,True
outage_replay_kde,33,edge2,intersection_20,False,16,0,16,0.18019693205133078,True
outage_replay_kde,34,edge0,intersection_00,True,0,16,16,0.07097452889579622,True
outage_replay_kde,34,edge0,intersection_01,False,16,0,16,0.1180648731533438,True
outage_replay_kde,34,edge0,intersection_02,False,16,0,16,0.05551898223347961,True
outage_replay_kde,34,edge0,intersection_03,False,16,0,16,0.1106098957825452,True
outage_replay_kde,34,edge0,intersection_04,False,16,0,16,0.058423893293365836,True
outage_replay_kde,34,edge0,intersection_05,False,16,0,16,0.04715479863807559,True
outage_replay_kde,34,edge0,intersection_06,False,16,0,16,0.12080630473792553,True
outage_replay_kde,34,edge1,intersection_07,False,16,0,16,0.07876118877902627,True
outage_replay_kde,34,edge1,intersection_08,False,16,0,16,0.1592638366855681,True
outage_replay_kde,34,edge1,intersection_09,False,16,0,16,0.11548495339229703,True
outage_replay_kde,34,edge1,intersection_10,False,16,0,16,0.15765093290247023,True
outage_replay_kde,34,edge1,intersection_11,False,16,0,16,0.06315866368822753,True
outage_replay_kde,34,edge1,intersection_12,False,16,0,16,0.12973763258196414,True
outage_replay_kde,34,edge1,intersection_13,False,16,0,16,0.17896405328065157,True
outage_replay_kde,34,edge2,intersection_14,False,16,0,16,0.023914381861686703,True
outage_replay_kde,34,edge2,intersection_15,False,16,0,16,0.11791311530396342,True
outage_replay_kde,34,edge2,intersection_16,False,16,0,16,0.060184609144926064,True
outage_replay_kde,34,edge2,intersection_17,False,16,0,16,0.11818002071231604,True
outage_replay_kde,34,edge2,intersection_18,False,16,0,16,0.00021878606639802456,True
outage_replay_kde,34,edge2,intersection_19,False,16,0,16,0.08230446721427143,True
outage_replay_kde,34,edge2,intersection_20,False,16,0,16,0.11887001176364718,True
outage_replay_kde,35,edge0,intersection_00,True,0,16,16,0.11633171751063259,True
outage_replay_kde,35,edge0,intersection_01,False,16,0,16,0.017910432070493698,True
outage_replay_kde,35,edge0,intersection_02,False,16,0,16,0.11887401598505676,True
outage_replay_kde,35,edge0,intersection_03,False,16,0,16,0.0002127564512193203,True
outage_replay_kde,35,edge0,intersection_04,False,16,0,16,0.2021456928923726,True
outage_replay_kde,35,edge0,intersection_05,False,16,0,16,0.13863769499585032,True
outage_replay_kde,35,edge0,intersection_06,False,16,0,16,0.17844032263383267,True
outage_replay_kde,35,edge1,intersection_07,False,16,0,16,0.06010548421181739,True
outage_replay_kde,35,edge1,intersection_08,False,16,0,16,0.12026746454648672,True
outage_replay_kde,35,edge1,intersection_09,False,16,0,16,0.00015617418102920053,True
outage_replay_kde,35,edge1,intersection_10,False,16,0,16,0.11986847966909409,True
outage_replay_kde,35,edge1,intersection_11,False,16,0,16,0.1760243228636682,True
outage_replay_kde,35,edge1,intersection_12,False,16,0,16,0.05766409542411566,True
outage_replay_kde,35,edge1,intersection_13,False,16,0,16,0.060122452210634954,True
outage_replay_kde,35,edge2,intersection_14,False,16,0,16,0.05862704035826027,True
outage_replay_kde,35,edge2,intersection_15,False,16,0,16,0.11553865391761065,True
outage_replay_kde,35,edge2,intersection_16,False,16,0,16,0.00022337562404572964,True
outage_replay_kde,35,edge2,intersection_17,False,16,0,16,0.12076457426883279,True
outage_replay_kde,35,edge2,intersection_18,False,16,0,16,0.11962092272005975,True
outage_replay_kde,35,edge2,intersection_19,False,16,0,16,0.00020714686252176762,True
outage_replay_kde,35,edge2,intersection_20,False,16,0,16,0.12024836218915878,True
outage_replay_kde,36,edge0,intersection_00,True,0,16,16,0.12286068101367806,True
outage_replay_kde,36,edge0,intersection_01,False,16,0,16,0.11855005286633968,True
outage_replay_kde,36,edge0,intersection_02,False,16,0,16,0.11928445380181074,True
outage_replay_kde,36,edge0,intersection_03,False,16,0,16,0.058492098934948444,True
outage_replay_kde,36,edge0,intersection_04,False,16,0,16,0.09105812385678291,True
outage_replay_kde,36,edge0,intersection_05,False,16,0,16,0.058483458356931806,True
outage_replay_kde,36,edge0,intersection_06,False,16,0,16,0.1586657476145774,True
outage_replay_kde,36,edge1,intersection_07,False,16,0,16,0.11874003615230322,True
outage_replay_kde,36,edge1,intersection_08,False,16,0,16,0.16671391599811614,True
outage_replay_kde,36,edge1,intersection_09,False,16,0,16,0.0002027633599936962,True
outage_replay_kde,36,edge1,intersection_10,False,16,0,16,0.000237281434237957,True
outage_replay_kde,36,edge1,intersection_11,False,16,0,16,0.10769310756586492,True
outage_replay_kde,36,edge1,intersection_12,False,16,0,16,0.11739864898845553,True
outage_replay_kde,36,edge1,intersection_13,False,16,0,16,0.18237074231728911,True
outage_replay_kde,36,edge2,intersection_14,False,16,0,16,0.11918422183953226,True
outage_replay_kde,36,edge2,intersection_15,False,16,0,16,0.00024369661696255207,True
outage_replay_kde,36,edge2,intersection_16,False,16,0,16,0.11822211788967252,True
outage_replay_kde,36,edge2,intersection_17,False,16,0,16,0.041056678863242276,True
outage_replay_kde,36,edge2,intersection_18,False,16,0,16,0.117688653874211,True
outage_replay_kde,36,edge2,intersection_19,False,16,0,16,0.2927834182046354,True
outage_replay_kde,36,edge2,intersection_20,False,16,0,16,0.26333171501755714,True
outage_replay_kde,37,edge0,intersection_00,True,0,16,16,0.07124835697154255,True
outage_replay_kde,37,edge0,intersection_01,False,16,0,16,0.17649963684380054,True
outage_replay_kde,37,edge0,intersection_02,False,16,0,16,0.11895269202068447,True
outage_replay_kde,37,edge0,intersection_03,False,16,0,16,0.1258062059059739,True
outage_replay_kde,37,edge0,intersection_04,False,16,0,16,0.025579141685739156,True
outage_replay_kde,37,edge0,intersection_05,False,16,0,16,0.06034395704045891,True
outage_replay_kde,37,edge0,intersection_06,False,16,0,16,0.17796033388003707,True
outage_replay_kde,37,edge1,intersection_07,False,16,0,16,0.05896903062239289,True
outage_replay_kde,37,edge1,intersection_08,False,16,0,16,0.12054087081924081,True
outage_replay_kde,37,edge1,intersection_09,False,16,0,16,0.12432554899714887,True
outage_replay_kde,37,edge1,intersection_10,False,16,0,16,0.1183787954505533,True
outage_replay_kde,37,edge1,intersection_11,False,16,0,16,0.1001386740244925,True
outage_replay_kde,37,edge1,intersection_12,False,16,0,16,0.06649959902279079,True
outage_replay_kde,37,edge1,intersection_13,False,16,0,16,0.05929481890052557,True
outage_replay_kde,37,edge2,intersection_14,False,16,0,16,0.00021152500994503498,True
outage_replay_kde,37,edge2,intersection_15,False,16,0,16,0.058894305722787976,True
outage_replay_kde,37,edge2,intersection_16,False,16,0,16,0.1822984537575394,True
outage_replay_kde,37,edge2,intersection_17,False,16,0,16,0.10578175028786063,True
outage_replay_kde,37,edge2,intersection_18,False,16,0,16,0.00020407489500939846,True
outage_replay_kde,37,edge2,intersection_19,False,16,0,16,0.04992768284864723,True
outage_replay_kde,37,edge2,intersection_20,False,16,0,16,0.11829353566281497,True
outage_replay_kde,38,edge0,intersection_00,True,0,16,16,0.007697980380361078,True
outage_replay_kde,38,edge0,intersection_01,False,16,0,16,0.12347787525504827,True
outage_replay_kde,38,edge0,intersection_02,False,16,0,16,0.09972334280610085,True
outage_replay_kde,38,edge0,intersection_03,False,16,0,16,0.00017147674225270748,True
outage_replay_kde,38,edge0,intersection_04,False,16,0,16,0.00020556198433041573,True
outage_replay_kde,38,edge0,intersection_05,False,16,0,16,0.05578366620466113,True
outage_replay_kde,38,edge0,intersection_06,False,16,0,16,0.05982825718820095,True
outage_replay_kde,38,edge1,intersection_07,False,16,0,16,0.11749974079430103,True
outage_replay_kde,38,edge1,intersection_08,False,16,0,16,0.00019806833006441593,True
outage_replay_kde,38,edge1,intersection_09,False,16,0,16,0.03336373111233115,True
outage_replay_kde,38,edge1,intersection_10,False,16,0,16,0.22148226690478623,True
outage_replay_kde,38,edge1,intersection_11,False,16,0,16,0.11805157130584121,True
outage_replay_kde,38,edge1,intersection_12,False,16,0,16,0.00016510416753590107,True
outage_replay_kde,38,edge1,intersection_13,False,16,0,16,0.06029083533212542,True
outage_replay_kde,38,edge2,intersection_14,False,16,0,16,0.1774148193653673,True
outage_replay_kde,38,edge2,intersection_15,False,16,0,16,0.06017783703282475,True
outage_replay_kde,38,edge2,intersection_16,False,16,0,16,0.11933224741369486,True
outage_replay_kde,38,edge2,intersection_17,False,16,0,16,0.11883082892745733,True
outage_replay_kde,38,edge2,intersection_18,False,16,0,16,0.01195326552260667,True
outage_replay_kde,38,edge2,intersection_19,False,16,0,16,0.08308535814285278,True
outage_replay_kde,38,edge2,intersection_20,False,16,0,16,0.11634000646881759,True
outage_replay_kde,39,edge0,intersection_00,True,0,16,16,0.011668796743196621,True
outage_replay_kde,39,edge0,intersection_01,False,16,0,16,0.060184086905792356,True
outage_replay_kde,39,edge0,intersection_02,False,16,0,16,0.06007036380469799,True
outage_replay_kde,39,edge0,intersection_03,False,16,0,16,0.11977451154962182,True
outage_replay_kde,39,edge0,intersection_04,False,16,0,16,0.17885282752104104,True
outage_replay_kde,39,edge0,intersection_05,False,16,0,16,0.06019431422464549,True
outage_replay_kde,39,edge0,intersection_06,False,16,0,16,0.0709784822538495,True
outage_replay_kde,39,edge1,intersection_07,False,16,0,16,0.1204882797319442,True
outage_replay_kde,39,edge1,intersection_08,False,16,0,16,0.15395648684352636,True
outage_replay_kde,39,edge1,intersection_09,False,16,0,16,0.06007054867222905,True
outage_replay_kde,39,edge1,intersection_10,False,16,0,16,0.08455413603223859,True
outage_replay_kde,39,edge1,intersection_11,False,16,0,16,0.00019456702284514904,True
outage_replay_kde,39,edge1,intersection_12,False,16,0,16,0.00020461715757846832,True
outage_replay_kde,39,edge1,intersection_13,False,16,0,16,0.00020071561448276043,True
outage_replay_kde,39,edge2,intersection_14,False,16,0,16,0.11154220020398498,True
outage_replay_kde,39,edge2,intersection_15,False,16,0,16,0.19209280656650662,True
outage_replay_kde,39,edge2,intersection_16,False,16,0,16,0.059958755038678646,True
outage_replay_kde,39,edge2,intersection_17,False,16,0,16,0.268679111963138,True
outage_replay_kde,39,edge2,intersection_18,False,16,0,16,0.00022530392743647099,True
outage_replay_kde,39,edge2,intersection_19,False,16,0,16,0.00020560366101562977,True
outage_replay_kde,39,edge2,intersection_20,False,16,0,16,0.11938683269545436,True
outage_replay_kde,40,edge0,intersection_00,True,0,16,16,0.12514297146888553,True
outage_replay_kde,40,edge0,intersection_01,False,16,0,16,0.11861037462949753,True
outage_replay_kde,40,edge0,intersection_02,False,16,0,16,0.1207201307406649,True
outage_replay_kde,40,edge0,intersection_03,False,16,0,16,0.00039549090433865786,True
outage_replay_kde,40,edge0,intersection_04,False,16,0,16,0.060278561664745205,True
outage_replay_kde,40,edge0,intersection_05,False,16,0,16,0.06526042893528938,True
outage_replay_kde,40,edge0,intersection_06,False,16,0,16,0.059968949761241674,True
outage_replay_kde,40,edge1,intersection_07,False,16,0,16,0.16418606042861938,True
outage_replay_kde,40,edge1,intersection_08,False,16,0,16,0.00016093207523226738,True
outage_replay_kde,40,edge1,intersection_09,False,16,0,16,0.0909538110718131,True
outage_replay_kde,40,edge1,intersection_10,False,16,0,16,0.11492337309755385,True
outage_replay_kde,40,edge1,intersection_11,False,16,0,16,0.11927200108766556,True
outage_replay_kde,40,edge1,intersection_12,False,16,0,16,0.11532518290914595,True
outage_replay_kde,40,edge1,intersection_13,False,16,0,16,0.08506905566900967,True
outage_replay_kde,40,edge2,intersection_14,False,16,0,16,0.09035938628949225,True
outage_replay_kde,40,edge2,intersection_15,False,16,0,16,0.1184623590670526,True
outage_replay_kde,40,edge2,intersection_16,False,16,0,16,0.16250881366431713,True
outage_replay_kde,40,edge2,intersection_17,False,16,0,16,0.12018821947276592,True
outage_replay_kde,40,edge2,intersection_18,False,16,0,16,0.060139198787510395,True
outage_replay_kde,40,edge2,intersection_19,False,16,0,16,0.00018743332475423813,True
outage_replay_kde,40,edge2,intersection_20,False,16,0,16,0.11903215595521033,True
outage_replay_kde,41,edge0,intersection_00,True,0,16,16,0.06621390634197162,True
outage_replay_kde,41,edge0,intersection_01,False,16,0,16,0.17858654609881341,True
outage_replay_kde,41,edge0,intersection_02,False,16,0,16,0.01121566444635391,True
outage_replay_kde,41,edge0,intersection_03,False,16,0,16,0.05969261704012751,True
outage_replay_kde,41,edge0,intersection_04,False,16,0,16,0.11850530095398426,True
outage_replay_kde,41,edge0,intersection_05,False,16,0,16,0.0071690373588353395,True
outage_replay_kde,41,edge0,intersection_06,False,16,0,16,0.17674747295677662,True
outage_replay_kde,41,edge1,intersection_07,False,16,0,16,0.04973975056782364,True
outage_replay_kde,41,edge1,intersection_08,False,16,0,16,0.11696136137470603,True
outage_replay_kde,41,edge1,intersection_09,False,16,0,16,0.00021849852055311203,True
outage_replay_kde,41,edge1,intersection_10,False,16,0,16,0.04738436266779899,True
outage_replay_kde,41,edge1,intersection_11,False,16,0,16,0.09389229910448194,True
outage_replay_kde,41,edge1,intersection_12,False,16,0,16,0.025120945647358894,True
outage_replay_kde,41,edge1,intersection_13,False,16,0,16,0.05374049348756671,True
outage_replay_kde,41,edge2,intersection_14,False,16,0,16,0.0001602985430508852,True
outage_replay_kde,41,edge2,intersection_15,False,16,0,16,0.17802304192446172,True
outage_replay_kde,41,edge2,intersection_16,False,16,0,16,0.1788627221249044,True
outage_replay_kde,41,edge2,intersection_17,False,16,0,16,0.11984806670807302,True
outage_replay_kde,41,edge2,intersection_18,False,16,0,16,0.09218776831403375,True
outage_replay_kde,41,edge2,intersection_19,False,16,0,16,0.11973945912905037,True
outage_replay_kde,41,edge2,intersection_20,False,16,0,16,0.0601634532213211,True
outage_replay_kde,42,edge0,intersection_00,True,0,16,16,0.17979676348456802,True
outage_replay_kde,42,edge0,intersection_01,False,16,0,16,0.00020195310935378075,True
outage_replay_kde,42,edge0,intersection_02,False,16,0,16,0.00018724310211837292,True
outage_replay_kde,42,edge0,intersection_03,False,16,0,16,0.00018410198390483856,True
outage_replay_kde,42,edge0,intersection_04,False,16,0,16,0.060084415366873145,True
outage_replay_kde,42,edge0,intersection_05,False,16,0,16,0.17377254646271467,True
outage_replay_kde,42,edge0,intersection_06,False,16,0,16,0.00016802852042019367,True
outage_replay_kde,42,edge1,intersection_07,False,16,0,16,0.112987577682361,True
outage_replay_kde,42,edge1,intersection_08,False,16,0,16,0.028194806771352884,True
outage_replay_kde,42,edge1,intersection_09,False,16,0,16,0.13451287453062832,True
outage_replay_kde,42,edge1,intersection_10,False,16,0,16,0.1797890611924231,True
outage_replay_kde,42,edge1,intersection_11,False,16,0,16,0.041847010841593146,True
outage_replay_kde,42,edge1,intersection_12,False,16,0,16,0.022186982445418835,True
outage_replay_kde,42,edge1,intersection_13,False,16,0,16,0.003322009462863207,True
outage_replay_kde,42,edge2,intersection_14,False,16,0,16,0.17908869101665914,True
outage_replay_kde,42,edge2,intersection_15,False,16,0,16,0.05731996917165816,True
outage_replay_kde,42,edge2,intersection_16,False,16,0,16,0.17915385239757597,True
outage_replay_kde,42,edge2,intersection_17,False,16,0,16,0.14523974806070328,True
outage_replay_kde,42,edge2,intersection_18,False,16,0,16,0.0002108858898282051,True
outage_replay_kde,42,edge2,intersection_19,False,16,0,16,0.17360658082179725,True
outage_replay_kde,42,edge2,intersection_20,False,16,0,16,0.19232673896476626,True
outage_replay_kde,43,edge0,intersection_00,True,0,16,16,0.06411659315827592,True
outage_replay_kde,43,edge0,intersection_01,False,16,0,16,0.06001657247543335,True
outage_replay_kde,43,edge0,intersection_02,False,16,0,16,0.17915626545436678,True
outage_replay_kde,43,edge0,intersection_03,False,16,0,16,0.1193329447414726,True
outage_replay_kde,43,edge0,intersection_04,False,16,0,16,0.11980025633238256,True
outage_replay_kde,43,edge0,intersection_05,False,16,0,16,0.05994288669899106,True
outage_replay_kde,43,edge0,intersection_06,False,16,0,16,0.11727715865708889,True
outage_replay_kde,43,edge1,intersection_07,False,16,0,16,0.05730597535148264,True
outage_replay_kde,43,edge1,intersection_08,False,16,0,16,0.1788962099235505,True
outage_replay_kde,43,edge1,intersection_09,False,16,0,16,0.09332211851142347,True
outage_replay_kde,43,edge1,intersection_10,False,16,0,16,0.06820404832251369,True
outage_replay_kde,43,edge1,intersection_11,False,16,0,16,0.18586106481961906,True
outage_replay_kde,43,edge1,intersection_12,False,16,0,16,0.1802097272593528,True
outage_replay_kde,43,edge1,intersection_13,False,16,0,16,0.11841235286556184,True
outage_replay_kde,43,edge2,intersection_14,False,16,0,16,0.1797678901348263,True
outage_replay_kde,43,edge2,intersection_15,False,16,0,16,0.11972820456139743,True
outage_replay_kde,43,edge2,intersection_16,False,16,0,16,0.05903712520375848,True
outage_replay_kde,43,edge2,intersection_17,False,16,0,16,0.09418535372242332,True
outage_replay_kde,43,edge2,intersection_18,False,16,0,16,0.00020143226720392704,True
outage_replay_kde,43,edge2,intersection_19,False,16,0,16,0.06026013125665485,True
outage_replay_kde,43,edge2,intersection_20,False,16,0,16,0.12417493294924498,True
outage_replay_kde,44,edge0,intersection_00,True,0,16,16,0.012776427788725349,True
outage_replay_kde,44,edge0,intersection_01,False,16,0,16,0.002243272727355361,True
outage_replay_kde,44,edge0,intersection_02,False,16,0,16,0.062048947671428316,True
outage_replay_kde,44,edge0,intersection_03,False,16,0,16,0.11792962136678398,True
outage_replay_kde,44,edge0,intersection_04,False,16,0,16,0.03167389542795717,True
outage_replay_kde,44,edge0,intersection_05,False,16,0,16,0.17966438410803676,True
outage_replay_kde,44,edge0,intersection_06,False,16,0,16,0.0001779997255653143,True
outage_replay_kde,44,edge1,intersection_07,False,16,0,16,0.00024461117573082447,True
outage_replay_kde,44,edge1,intersection_08,False,16,0,16,0.06051325844600797,True
outage_replay_kde,44,edge1,intersection_09,False,16,0,16,0.11946167354471982,True
outage_replay_kde,44,edge1,intersection_10,False,16,0,16,0.057504622731357806,True
outage_replay_kde,44,edge1,intersection_11,False,16,0,16,0.2382648854982108,True
outage_replay_kde,44,edge1,intersection_12,False,16,0,16,0.11106611113063991,True
outage_replay_kde,44,edge1,intersection_13,False,16,0,16,0.0002017009537667036,True
outage_replay_kde,44,edge2,intersection_14,False,16,0,16,0.00023544044233858585,True
outage_replay_kde,44,edge2,intersection_15,False,16,0,16,0.059514374705031514,True
outage_replay_kde,44,edge2,intersection_16,False,16,0,16,0.0001767908688634634,True
outage_replay_kde,44,edge2,intersection_17,False,16,0,16,0.09012622432783246,True
outage_replay_kde,44,edge2,intersection_18,False,16,0,16,0.0888060349971056,True
outage_replay_kde,44,edge2,intersection_19,False,16,0,16,0.11581978294998407,True
outage_replay_kde,44,edge2,intersection_20,False,16,0,16,0.05900560622103513,True
outage_replay_kde,45,edge0,intersection_00,True,0,16,16,0.17198157512366555,True
outage_replay_kde,45,edge0,intersection_01,False,16,0,16,0.1189935605507344,True
outage_replay_kde,45,edge0,intersection_02,False,16,0,16,0.05880748317576945,True
outage_replay_kde,45,edge0,intersection_03,False,16,0,16,0.059394388692453504,True
outage_replay_kde,45,edge0,intersection_04,False,16,0,16,0.05951601383276284,True
outage_replay_kde,45,edge0,intersection_05,False,16,0,16,0.05915948469191789,True
outage_replay_kde,45,edge0,intersection_06,False,16,0,16,0.11893029510974884,True
outage_replay_kde,45,edge1,intersection_07,False,16,0,16,0.05740731745027006,True
outage_replay_kde,45,edge1,intersection_08,False,16,0,16,0.00031264452263712883,True
outage_replay_kde,45,edge1,intersection_09,False,16,0,16,0.00015485985204577446,True
outage_replay_kde,45,edge1,intersection_10,False,16,0,16,0.056800830410793424,True
outage_replay_kde,45,edge1,intersection_11,False,16,0,16,0.05759763135574758,True
outage_replay_kde,45,edge1,intersection_12,False,16,0,16,0.11676713032647967,True
outage_replay_kde,45,edge1,intersection_13,False,16,0,16,0.000187575351446867,True
outage_replay_kde,45,edge2,intersection_14,False,16,0,16,0.009663032600656154,True
outage_replay_kde,45,edge2,intersection_15,False,16,0,16,0.17878086352720857,True
outage_replay_kde,45,edge2,intersection_16,False,16,0,16,0.00017744069918990135,True
outage_replay_kde,45,edge2,intersection_17,False,16,0,16,0.17800859711132944,True
outage_replay_kde,45,edge2,intersection_18,False,16,0,16,0.11804782692342997,True
outage_replay_kde,45,edge2,intersection_19,False,16,0,16,0.0590515669900924,True
outage_replay_kde,45,edge2,intersection_20,False,16,0,16,0.1202539438381791,True
outage_replay_kde,46,edge0,intersection_00,True,0,16,16,0.012040250974665094,True
outage_replay_kde,46,edge0,intersection_01,False,16,0,16,0.16450933436863124,True
outage_replay_kde,46,edge0,intersection_02,False,16,0,16,0.00022051623091101646,True
outage_replay_kde,46,edge0,intersection_03,False,16,0,16,0.00016941851936280727,True
outage_replay_kde,46,edge0,intersection_04,False,16,0,16,0.058772192569449544,True
outage_replay_kde,46,edge0,intersection_05,False,16,0,16,0.00020170793868601322,True
outage_replay_kde,46,edge0,intersection_06,False,16,0,16,0.11797188455238938,True
outage_replay_kde,46,edge1,intersection_07,False,16,0,16,0.08232674794271588,True
outage_replay_kde,46,edge1,intersection_08,False,16,0,16,0.13076158985495567,True
outage_replay_kde,46,edge1,intersection_09,False,16,0,16,0.11010503955185413,True
outage_replay_kde,46,edge1,intersection_10,False,16,0,16,0.10130422213114798,True
outage_replay_kde,46,edge1,intersection_11,False,16,0,16,0.06025122618302702,True
outage_replay_kde,46,edge1,intersection_12,False,16,0,16,0.0002025999128818512,True
outage_replay_kde,46,edge1,intersection_13,False,16,0,16,0.05892885196954012,True
outage_replay_kde,46,edge2,intersection_14,False,16,0,16,0.1921620874200016,True
outage_replay_kde,46,edge2,intersection_15,False,16,0,16,0.007068979321047663,True
outage_replay_kde,46,edge2,intersection_16,False,16,0,16,0.07409370387904346,True
outage_replay_kde,46,edge2,intersection_17,False,16,0,16,0.0595468683168292,True
outage_replay_kde,46,edge2,intersection_18,False,16,0,16,0.030620219185948372,True
outage_replay_kde,46,edge2,intersection_19,False,16,0,16,0.11770831514149904,True
outage_replay_kde,46,edge2,intersection_20,False,16,0,16,0.06035404792055487,True
outage_replay_kde,47,edge0,intersection_00,True,0,16,16,0.1233747886893521,True
outage_replay_kde,47,edge0,intersection_01,False,16,0,16,0.05824807891622185,True
outage_replay_kde,47,edge0,intersection_02,False,16,0,16,0.002164060133509338,True
outage_replay_kde,47,edge0,intersection_03,False,16,0,16,0.11992708081379533,True
outage_replay_kde,47,edge0,intersection_04,False,16,0,16,0.1790304910391569,True
outage_replay_kde,47,edge0,intersection_05,False,16,0,16,0.1790665767621249,True
outage_replay_kde,47,edge0,intersection_06,False,16,0,16,0.1080841205548495,True
outage_replay_kde,47,edge1,intersection_07,False,16,0,16,0.11930672801099718,True
outage_replay_kde,47,edge1,intersection_08,False,16,0,16,0.23455295083113015,True
outage_replay_kde,47,edge1,intersection_09,False,16,0,16,0.11928026471287012,True
outage_replay_kde,47,edge1,intersection_10,False,16,0,16,0.00020413263700902462,True
outage_replay_kde,47,edge1,intersection_11,False,16,0,16,0.058554223738610744,True
outage_replay_kde,47,edge1,intersection_12,False,16,0,16,0.23701596562750638,True
outage_replay_kde,47,edge1,intersection_13,False,16,0,16,0.11739759263582528,True
outage_replay_kde,47,edge2,intersection_14,False,16,0,16,0.02519688685424626,True
outage_replay_kde,47,edge2,intersection_15,False,16,0,16,0.0578917150851339,True
outage_replay_kde,47,edge2,intersection_16,False,16,0,16,0.1188234155997634,True
outage_replay_kde,47,edge2,intersection_17,False,16,0,16,0.17914065485820174,True
outage_replay_kde,47,edge2,intersection_18,False,16,0,16,0.12174165109172463,True
outage_replay_kde,47,edge2,intersection_19,False,16,0,16,0.17619600938633084,True
outage_replay_kde,47,edge2,intersection_20,False,16,0,16,0.06021336768753826,True
outage_replay_kde,48,edge0,intersection_00,True,0,16,16,0.12657424445132626,True
outage_replay_kde,48,edge0,intersection_01,False,16,0,16,0.11082159751094878,True
outage_replay_kde,48,edge0,intersection_02,False,16,0,16,0.00024840631522238255,True
outage_replay_kde,48,edge0,intersection_03,False,16,0,16,0.2294263986404985,True
outage_replay_kde,48,edge0,intersection_04,False,16,0,16,0.08195248199626802,True
outage_replay_kde,48,edge0,intersection_05,False,16,0,16,0.000222453149035573,True
outage_replay_kde,48,edge0,intersection_06,False,16,0,16,0.03088862402364612,True
outage_replay_kde,48,edge1,intersection_07,False,16,0,16,0.11838225065730512,True
outage_replay_kde,48,edge1,intersection_08,False,16,0,16,0.11986352410167456,True
outage_replay_kde,48,edge1,intersection_09,False,16,0,16,0.00021370500326156616,True
outage_replay_kde,48,edge1,intersection_10,False,16,0,16,0.059883448760956526,True
outage_replay_kde,48,edge1,intersection_11,False,16,0,16,0.1310775401070714,True
outage_replay_kde,48,edge1,intersection_12,False,16,0,16,0.11716255289502442,True
outage_replay_kde,48,edge1,intersection_13,False,16,0,16,0.18026493792422113,True
outage_replay_kde,48,edge2,intersection_14,False,16,0,16,0.0598601708188653,True
outage_replay_kde,48,edge2,intersection_15,False,16,0,16,0.17944623273797333,True
outage_replay_kde,48,edge2,intersection_16,False,16,0,16,0.0002309153787791729,True
outage_replay_kde,48,edge2,intersection_17,False,16,0,16,0.1201077695004642,True
outage_replay_kde,48,edge2,intersection_18,False,16,0,16,0.17936724447645247,True
outage_replay_kde,48,edge2,intersection_19,False,16,0,16,0.06025138148106634,True
outage_replay_kde,48,edge2,intersection_20,False,16,0,16,0.2405504712369293,True
outage_replay_kde,49,edge0,intersection_00,True,0,16,16,0.06693012650356263,True
outage_replay_kde,49,edge0,intersection_01,False,16,0,16,0.09870173688977955,True
outage_replay_kde,49,edge0,intersection_02,False,16,0,16,0.10061836685054004,True
outage_replay_kde,49,edge0,intersection_03,False,16,0,16,0.00026523368433117867,True
outage_replay_kde,49,edge0,intersection_04,False,16,0,16,0.0002159967552870512,True
outage_replay_kde,49,edge0,intersection_05,False,16,0,16,0.2377087257336825,True
outage_replay_kde,49,edge0,intersection_06,False,16,0,16,0.00016763526946306229,True
outage_replay_kde,49,edge1,intersection_07,False,16,0,16,0.11702561448328197,True
outage_replay_kde,49,edge1,intersection_08,False,16,0,16,0.2367203119210899,True
outage_replay_kde,49,edge1,intersection_09,False,16,0,16,0.11703122709877789,True
outage_replay_kde,49,edge1,intersection_10,False,16,0,16,0.1169908856973052,True
outage_replay_kde,49,edge1,intersection_11,False,16,0,16,0.03547249408438802,True
outage_replay_kde,49,edge1,intersection_12,False,16,0,16,0.05930544435977936,True
outage_replay_kde,49,edge1,intersection_13,False,16,0,16,0.03927314002066851,True
outage_replay_kde,49,edge2,intersection_14,False,16,0,16,0.09714170428924263,True
outage_replay_kde,49,edge2,intersection_15,False,16,0,16,0.0002402693498879671,True
outage_replay_kde,49,edge2,intersection_16,False,16,0,16,0.06665901211090385,True
outage_replay_kde,49,edge2,intersection_17,False,16,0,16,0.05889776116237044,True
outage_replay_kde,49,edge2,intersection_18,False,16,0,16,0.12071742361877114,True
outage_replay_kde,49,edge2,intersection_19,False,16,0,16,0.00023248419165611267,True
outage_replay_kde,49,edge2,intersection_20,False,16,0,16,0.11814845656044781,True
outage_replay_kde,50,edge0,intersection_00,True,0,16,16,0.012333971816081769,True
outage_replay_kde,50,edge0,intersection_01,False,16,0,16,0.1187334838323295,True
outage_replay_kde,50,edge0,intersection_02,False,16,0,16,0.11822171602398157,True
outage_replay_kde,50,edge0,intersection_03,False,16,0,16,0.1630179772619158,True
outage_replay_kde,50,edge0,intersection_04,False,16,0,16,0.14261976443231106,True
outage_replay_kde,50,edge0,intersection_05,False,16,0,16,0.0809695441275835,True
outage_replay_kde,50,edge0,intersection_06,False,16,0,16,0.07247123215347528,True
outage_replay_kde,50,edge1,intersection_07,False,16,0,16,0.060247459448874,True
outage_replay_kde,50,edge1,intersection_08,False,16,0,16,0.0002471150364726782,True
outage_replay_kde,50,edge1,intersection_09,False,16,0,16,0.06711228657513856,True
outage_replay_kde,50,edge1,intersection_10,False,16,0,16,0.005745269590988755,True
outage_replay_kde,50,edge1,intersection_11,False,16,0,16,0.17784834746271372,True
outage_replay_kde,50,edge1,intersection_12,False,16,0,16,0.059758064337074764,True
outage_replay_kde,50,edge1,intersection_13,False,16,0,16,0.059204517398029566,True
outage_replay_kde,50,edge2,intersection_14,False,16,0,16,0.13795152446255088,True
outage_replay_kde,50,edge2,intersection_15,False,16,0,16,0.11899448744952679,True
outage_replay_kde,50,edge2,intersection_16,False,16,0,16,0.00019639194943010807,True
outage_replay_kde,50,edge2,intersection_17,False,16,0,16,0.1592781322542578,True
outage_replay_kde,50,edge2,intersection_18,False,16,0,16,0.11708721169270575,True
outage_replay_kde,50,edge2,intersection_19,False,16,0,16,0.06295754504390061,True
outage_replay_kde,50,edge2,intersection_20,False,16,0,16,0.06019505695439876,True
outage_replay_kde,51,edge0,intersection_00,True,0,16,16,0.11925954547536102,True
outage_replay_kde,51,edge0,intersection_01,False,16,0,16,0.00018779560923576355,True
outage_replay_kde,51,edge0,intersection_02,False,16,0,16,0.18003812641836703,True
outage_replay_kde,51,edge0,intersection_03,False,16,0,16,0.00022553373128175735,True
outage_replay_kde,51,edge0,intersection_04,False,16,0,16,0.13834374770522118,True
outage_replay_kde,51,edge0,intersection_05,False,16,0,16,0.059711765730753534,True
outage_replay_kde,51,edge0,intersection_06,False,16,0,16,0.11263377428986132,True
outage_replay_kde,51,edge1,intersection_07,False,16,0,16,0.11983307101763785,True
outage_replay_kde,51,edge1,intersection_08,False,16,0,16,0.21457134070806205,True
outage_replay_kde,51,edge1,intersection_09,False,16,0,16,0.07802782393991947,True
outage_replay_kde,51,edge1,intersection_10,False,16,0,16,0.06021075532771646,True
outage_replay_kde,51,edge1,intersection_11,False,16,0,16,0.00024245725944638252,True
outage_replay_kde,51,edge1,intersection_12,False,16,0,16,0.05758692556992173,True
outage_replay_kde,51,edge1,intersection_13,False,16,0,16,0.10156963113695382,True
outage_replay_kde,51,edge2,intersection_14,False,16,0,16,0.2007126093376428,True
outage_replay_kde,51,edge2,intersection_15,False,16,0,16,0.0002060632687062025,True
outage_replay_kde,51,edge2,intersection_16,False,16,0,16,0.0601915088482201,True
outage_replay_kde,51,edge2,intersection_17,False,16,0,16,0.11867677210830152,True
outage_replay_kde,51,edge2,intersection_18,False,16,0,16,0.00017903116531670094,True
outage_replay_kde,51,edge2,intersection_19,False,16,0,16,0.07847583969123662,True
outage_replay_kde,51,edge2,intersection_20,False,16,0,16,0.17661211779341102,True
outage_replay_kde,52,edge0,intersection_00,True,0,16,16,0.0074013127891859,True
outage_replay_kde,52,edge0,intersection_01,False,16,0,16,0.11995656928047538,True
outage_replay_kde,52,edge0,intersection_02,False,16,0,16,0.06877012900076807,True
outage_replay_kde,52,edge0,intersection_03,False,16,0,16,0.07081345771439373,True
outage_replay_kde,52,edge0,intersection_04,False,16,0,16,0.00022321799769997597,True
outage_replay_kde,52,edge0,intersection_05,False,16,0,16,0.059096932178363204,True
outage_replay_kde,52,edge0,intersection_06,False,16,0,16,0.11611587414517999,True
outage_replay_kde,52,edge1,intersection_07,False,16,0,16,0.059568137396126986,True
outage_replay_kde,52,edge1,intersection_08,False,16,0,16,0.13964597042649984,True
outage_replay_kde,52,edge1,intersection_09,False,16,0,16,0.05971359880641102,True
outage_replay_kde,52,edge1,intersection_10,False,16,0,16,0.060200837207958095,True
outage_replay_kde,52,edge1,intersection_11,False,16,0,16,0.00021629268303513527,True
outage_replay_kde,52,edge1,intersection_12,False,16,0,16,0.00022621406242251396,True
outage_replay_kde,52,edge1,intersection_13,False,16,0,16,0.19030397851020098,True
outage_replay_kde,52,edge2,intersection_14,False,16,0,16,0.07202875381335616,True
outage_replay_kde,52,edge2,intersection_15,False,16,0,16,0.1772145265713334,True
outage_replay_kde,52,edge2,intersection_16,False,16,0,16,0.00014624139294028282,True
outage_replay_kde,52,edge2,intersection_17,False,16,0,16,0.08730864245444536,True
outage_replay_kde,52,edge2,intersection_18,False,16,0,16,0.17716829502023757,True
outage_replay_kde,52,edge2,intersection_19,False,16,0,16,0.06003799359314144,True
outage_replay_kde,52,edge2,intersection_20,False,16,0,16,0.060096275061368935,True
outage_replay_kde,53,edge0,intersection_00,True,0,16,16,0.05803423169550358,True
outage_replay_kde,53,edge0,intersection_01,False,16,0,16,0.0992097589187324,True
outage_replay_kde,53,edge0,intersection_02,False,16,0,16,0.05877673556096852,True
outage_replay_kde,53,edge0,intersection_03,False,16,0,16,0.06002536206506193,True
outage_replay_kde,53,edge0,intersection_04,False,16,0,16,0.05942516587674618,True
outage_replay_kde,53,edge0,intersection_05,False,16,0,16,0.006849241675809026,True
outage_replay_kde,53,edge0,intersection_06,False,16,0,16,0.00019554328173398972,True
outage_replay_kde,53,edge1,intersection_07,False,16,0,16,0.060233293101191514,True
outage_replay_kde,53,edge1,intersection_08,False,16,0,16,0.05921382922679186,True
outage_replay_kde,53,edge1,intersection_09,False,16,0,16,0.06031205551698803,True
outage_replay_kde,53,edge1,intersection_10,False,16,0,16,0.05928106349892914,True
outage_replay_kde,53,edge1,intersection_11,False,16,0,16,0.0620376942679286,True
outage_replay_kde,53,edge1,intersection_12,False,16,0,16,0.17893330729566514,True
outage_replay_kde,53,edge1,intersection_13,False,16,0,16,0.05901549593545496,True
outage_replay_kde,53,edge2,intersection_14,False,16,0,16,0.05431103426963091,True
outage_replay_kde,53,edge2,intersection_15,False,16,0,16,0.05905989743769169,True
outage_replay_kde,53,edge2,intersection_16,False,16,0,16,0.19401916326023638,True
outage_replay_kde,53,edge2,intersection_17,False,16,0,16,0.23540554475039244,True
outage_replay_kde,53,edge2,intersection_18,False,16,0,16,0.030545356683433056,True
outage_replay_kde,53,edge2,intersection_19,False,16,0,16,0.00021365494467318058,True
outage_replay_kde,53,edge2,intersection_20,False,16,0,16,0.12192018772475421,True
outage_replay_kde,54,edge0,intersection_00,True,0,16,16,0.011997408297284597,True
outage_replay_kde,54,edge0,intersection_01,False,16,0,16,0.0002480547409504652,True
outage_replay_kde,54,edge0,intersection_02,False,16,0,16,0.1388080425094813,True
outage_replay_kde,54,edge0,intersection_03,False,16,0,16,0.1050424869172275,True
outage_replay_kde,54,edge0,intersection_04,False,16,0,16,0.07129715755581856,True
outage_replay_kde,54,edge0,intersection_05,False,16,0,16,0.10894993809051812,True
outage_replay_kde,54,edge0,intersection_06,False,16,0,16,0.11970095243304968,True
outage_replay_kde,54,edge1,intersection_07,False,16,0,16,0.11616268614307047,True
outage_replay_kde,54,edge1,intersection_08,False,16,0,16,0.11809407128021121,True
outage_replay_kde,54,edge1,intersection_09,False,16,0,16,0.1992930171545595,True
outage_replay_kde,54,edge1,intersection_10,False,16,0,16,0.1770799297373742,True
outage_replay_kde,54,edge1,intersection_11,False,16,0,16,0.05981134483590722,True
outage_replay_kde,54,edge1,intersection_12,False,16,0,16,0.09594596340321004,True
outage_replay_kde,54,edge1,intersection_13,False,16,0,16,0.09714568918570876,True
outage_replay_kde,54,edge2,intersection_14,False,16,0,16,0.11245427676476538,True
outage_replay_kde,54,edge2,intersection_15,False,16,0,16,0.060217709979042404,True
outage_replay_kde,54,edge2,intersection_16,False,16,0,16,0.07207655673846602,True
outage_replay_kde,54,edge2,intersection_17,False,16,0,16,0.14789220644161105,True
outage_replay_kde,54,edge2,intersection_18,False,16,0,16,0.05948282498866319,True
outage_replay_kde,54,edge2,intersection_19,False,16,0,16,0.00021760864183306694,True
outage_replay_kde,54,edge2,intersection_20,False,16,0,16,0.05992545490153134,True
outage_replay_kde,55,edge0,intersection_00,True,0,16,16,0.1182429872566276,True
outage_replay_kde,55,edge0,intersection_01,False,16,0,16,0.1197363284882158,True
outage_replay_kde,55,edge0,intersection_02,False,16,0,16,0.05879948125220835,True
outage_replay_kde,55,edge0,intersection_03,False,16,0,16,0.05912075471132994,True
outage_replay_kde,55,edge0,intersection_04,False,16,0,16,0.05854069418273866,True
outage_replay_kde,55,edge0,intersection_05,False,16,0,16,0.20309584634378552,True
outage_replay_kde,55,edge0,intersection_06,False,16,0,16,0.0850285585038364,True
outage_replay_kde,55,edge1,intersection_07,False,16,0,16,0.0008144491584971547,True
outage_replay_kde,55,edge1,intersection_08,False,16,0,16,0.1776627292856574,True
outage_replay_kde,55,edge1,intersection_09,False,16,0,16,0.12022943748161195,True
outage_replay_kde,55,edge1,intersection_10,False,16,0,16,0.07591175264678895,True
outage_replay_kde,55,edge1,intersection_11,False,16,0,16,0.1784626068547368,True
outage_replay_kde,55,edge1,intersection_12,False,16,0,16,0.10426866030320525,True
outage_replay_kde,55,edge1,intersection_13,False,16,0,16,0.2359369264449924,True
outage_replay_kde,55,edge2,intersection_14,False,16,0,16,0.00018217647448182106,True
outage_replay_kde,55,edge2,intersection_15,False,16,0,16,0.05748208845034242,True
outage_replay_kde,55,edge2,intersection_16,False,16,0,16,0.11996934283524752,True
outage_replay_kde,55,edge2,intersection_17,False,16,0,16,0.059691310161724694,True
outage_replay_kde,55,edge2,intersection_18,False,16,0,16,0.1195623385719955,True
outage_replay_kde,55,edge2,intersection_19,False,16,0,16,0.12026500119827686,True
outage_replay_kde,55,edge2,intersection_20,False,16,0,16,0.13319330965168774,True
outage_replay_kde,56,edge0,intersection_00,True,0,16,16,0.12752008215867253,True
outage_replay_kde,56,edge0,intersection_01,False,16,0,16,0.3141754742246121,True
outage_replay_kde,56,edge0,intersection_02,False,16,0,16,0.23910353449173272,True
outage_replay_kde,56,edge0,intersection_03,False,16,0,16,0.038521212060004466,True
outage_replay_kde,56,edge0,intersection_04,False,16,0,16,0.10521297692321241,True
outage_replay_kde,56,edge0,intersection_05,False,16,0,16,0.2149535627104342,True
outage_replay_kde,56,edge0,intersection_06,False,16,0,16,0.16325440118089318,True
outage_replay_kde,56,edge1,intersection_07,False,16,0,16,0.0005285034421831369,True
outage_replay_kde,56,edge1,intersection_08,False,16,0,16,0.059301224537193775,True
outage_replay_kde,56,edge1,intersection_09,False,16,0,16,0.11875461111776531,True
outage_replay_kde,56,edge1,intersection_10,False,16,0,16,0.05789380217902362,True
outage_replay_kde,56,edge1,intersection_11,False,16,0,16,0.17728692875243723,True
outage_replay_kde,56,edge1,intersection_12,False,16,0,16,0.058064446551725275,True
outage_replay_kde,56,edge1,intersection_13,False,16,0,16,0.06980166723951697,True
outage_replay_kde,56,edge2,intersection_14,False,16,0,16,0.026966435369104143,True
outage_replay_kde,56,edge2,intersection_15,False,16,0,16,0.10362671315670013,True
outage_replay_kde,56,edge2,intersection_16,False,16,0,16,0.17784624849446118,True
outage_replay_kde,56,edge2,intersection_17,False,16,0,16,0.03723838459700346,True
outage_replay_kde,56,edge2,intersection_18,False,16,0,16,0.17764755454845726,True
outage_replay_kde,56,edge2,intersection_19,False,16,0,16,0.00023777689784765244,True
outage_replay_kde,56,edge2,intersection_20,False,16,0,16,0.11981632001698017,True
outage_replay_kde,57,edge0,intersection_00,True,0,16,16,0.12928461371850122,True
outage_replay_kde,57,edge0,intersection_01,False,16,0,16,0.11860648880247027,True
outage_replay_kde,57,edge0,intersection_02,False,16,0,16,0.05896412394940853,True
outage_replay_kde,57,edge0,intersection_03,False,16,0,16,0.17769549135118723,True
outage_replay_kde,57,edge0,intersection_04,False,16,0,16,0.14505262626335025,True
outage_replay_kde,57,edge0,intersection_05,False,16,0,16,0.12014720169827342,True
outage_replay_kde,57,edge0,intersection_06,False,16,0,16,0.0721120850648731,True
outage_replay_kde,57,edge1,intersection_07,False,16,0,16,0.05909818015061319,True
outage_replay_kde,57,edge1,intersection_08,False,16,0,16,0.11814414407126606,True
outage_replay_kde,57,edge1,intersection_09,False,16,0,16,0.059324335656128824,True
outage_replay_kde,57,edge1,intersection_10,False,16,0,16,0.08318267110735178,True
outage_replay_kde,57,edge1,intersection_11,False,16,0,16,0.00021057366393506527,True
outage_replay_kde,57,edge1,intersection_12,False,16,0,16,0.060187047114595764,True
outage_replay_kde,57,edge1,intersection_13,False,16,0,16,0.12028007791377603,True
outage_replay_kde,57,edge2,intersection_14,False,16,0,16,0.06040128250606358,True
outage_replay_kde,57,edge2,intersection_15,False,16,0,16,0.0002099168486893177,True
outage_replay_kde,57,edge2,intersection_16,False,16,0,16,0.0006843466544523835,True
outage_replay_kde,57,edge2,intersection_17,False,16,0,16,0.00026231794618070126,True
outage_replay_kde,57,edge2,intersection_18,False,16,0,16,0.0595832853578031,True
outage_replay_kde,57,edge2,intersection_19,False,16,0,16,0.13239208795130253,True
outage_replay_kde,57,edge2,intersection_20,False,16,0,16,0.058801468228921294,True
outage_replay_kde,58,edge0,intersection_00,True,0,16,16,0.06618625907957965,True
outage_replay_kde,58,edge0,intersection_01,False,16,0,16,0.08671117690391839,True
outage_replay_kde,58,edge0,intersection_02,False,16,0,16,0.11826837947592139,True
outage_replay_kde,58,edge0,intersection_03,False,16,0,16,0.2049565096385777,True
outage_replay_kde,58,edge0,intersection_04,False,16,0,16,0.2203856233973056,True
outage_replay_kde,58,edge0,intersection_05,False,16,0,16,0.07522421726025641,True
outage_replay_kde,58,edge0,intersection_06,False,16,0,16,0.10256971255876124,True
outage_replay_kde,58,edge1,intersection_07,False,16,0,16,0.058863555314019315,True
outage_replay_kde,58,edge1,intersection_08,False,16,0,16,0.060275966301560395,True
outage_replay_kde,58,edge1,intersection_09,False,16,0,16,0.060093681095168,True
outage_replay_kde,58,edge1,intersection_10,False,16,0,16,0.00024042720906436443,True
outage_replay_kde,58,edge1,intersection_11,False,16,0,16,0.0594677918124944,True
outage_replay_kde,58,edge1,intersection_12,False,16,0,16,0.23739805002696812,True
outage_replay_kde,58,edge1,intersection_13,False,16,0,16,0.11899796407669781,True
outage_replay_kde,58,edge2,intersection_14,False,16,0,16,0.000499953282997012,True
outage_replay_kde,58,edge2,intersection_15,False,16,0,16,0.11514564557000995,True
outage_replay_kde,58,edge2,intersection_16,False,16,0,16,0.1214395728893578,True
outage_replay_kde,58,edge2,intersection_17,False,16,0,16,0.0001976520288735628,True
outage_replay_kde,58,edge2,intersection_18,False,16,0,16,0.00017333822324872017,True
outage_replay_kde,58,edge2,intersection_19,False,16,0,16,0.06034109322354197,True
outage_replay_kde,58,edge2,intersection_20,False,16,0,16,0.12010426842607558,True
outage_replay_kde,59,edge0,intersection_00,True,0,16,16,0.11809391733923408,True
outage_replay_kde,59,edge0,intersection_01,False,16,0,16,0.11972277145832777,True
outage_replay_kde,59,edge0,intersection_02,False,16,0,16,0.15818224078975618,True
outage_replay_kde,59,edge0,intersection_03,False,16,0,16,0.05740348412655294,True
outage_replay_kde,59,edge0,intersection_04,False,16,0,16,0.0514332412276417,True
outage_replay_kde,59,edge0,intersection_05,False,16,0,16,0.05952180828899145,True
outage_replay_kde,59,edge0,intersection_06,False,16,0,16,0.0002246163785457611,True
outage_replay_kde,59,edge1,intersection_07,False,16,0,16,0.17814723844639957,True
outage_replay_kde,59,edge1,intersection_08,False,16,0,16,0.17909969273023307,True
outage_replay_kde,59,edge1,intersection_09,False,16,0,16,0.2975241157691926,True
outage_replay_kde,59,edge1,intersection_10,False,16,0,16,0.0002549230121076107,True
outage_replay_kde,59,edge1,intersection_11,False,16,0,16,0.07318234047852457,True
outage_replay_kde,59,edge1,intersection_12,False,16,0,16,0.11840465455316007,True
outage_replay_kde,59,edge1,intersection_13,False,16,0,16,0.059848221484571695,True
outage_replay_kde,59,edge2,intersection_14,False,16,0,16,0.11730005615390837,True
outage_replay_kde,59,edge2,intersection_15,False,16,0,16,0.20912071387283504,True
outage_replay_kde,59,edge2,intersection_16,False,16,0,16,0.15822288673371077,True
outage_replay_kde,59,edge2,intersection_17,False,16,0,16,0.0002182342577725649,True
outage_replay_kde,59,edge2,intersection_18,False,16,0,16,0.17733779596164823,True
outage_replay_kde,59,edge2,intersection_19,False,16,0,16,0.10695636225864291,True
outage_replay_kde,59,edge2,intersection_20,False,16,0,16,0.11804791959002613,True
outage_replay_kde,60,edge0,intersection_00,True,0,16,16,0.12447905585031149,True
outage_replay_kde,60,edge0,intersection_01,False,16,0,16,0.11823190888389945,True
outage_replay_kde,60,edge0,intersection_02,False,16,0,16,0.06018425151705741,True
outage_replay_kde,60,edge0,intersection_03,False,16,0,16,0.1181805138476193,True
outage_replay_kde,60,edge0,intersection_04,False,16,0,16,0.2970720478333533,True
outage_replay_kde,60,edge0,intersection_05,False,16,0,16,0.00019594654440879822,True
outage_replay_kde,60,edge0,intersection_06,False,16,0,16,0.11958832549862564,True
outage_replay_kde,60,edge1,intersection_07,False,16,0,16,0.00017712870612740517,True
outage_replay_kde,60,edge1,intersection_08,False,16,0,16,0.13133303611539304,True
outage_replay_kde,60,edge1,intersection_09,False,16,0,16,0.11758180917240679,True
outage_replay_kde,60,edge1,intersection_10,False,16,0,16,0.05893353093415499,True
outage_replay_kde,60,edge1,intersection_11,False,16,0,16,0.09856081940233707,True
outage_replay_kde,60,edge1,intersection_12,False,16,0,16,0.07175614777952433,True
outage_replay_kde,60,edge1,intersection_13,False,16,0,16,0.06000165082514286,True
outage_replay_kde,60,edge2,intersection_14,False,16,0,16,0.060111560858786106,True
outage_replay_kde,60,edge2,intersection_15,False,16,0,16,0.05692506697960197,True
outage_replay_kde,60,edge2,intersection_16,False,16,0,16,0.11562839173711836,True
outage_replay_kde,60,edge2,intersection_17,False,16,0,16,0.17508499370887876,True
outage_replay_kde,60,edge2,intersection_18,False,16,0,16,0.1778545242268592,True
outage_replay_kde,60,edge2,intersection_19,False,16,0,16,0.16899935039691627,True
outage_replay_kde,60,edge2,intersection_20,False,16,0,16,0.11597446212545037,True
outage_replay_kde,61,edge0,intersection_00,False,16,0,16,0.17100385623052716,True
outage_replay_kde,61,edge0,intersection_01,False,16,0,16,0.11925982940010726,True
outage_replay_kde,61,edge0,intersection_02,False,16,0,16,0.22902935766614974,True
outage_replay_kde,61,edge0,intersection_03,False,16,0,16,0.00022788415662944317,True
outage_replay_kde,61,edge0,intersection_04,False,16,0,16,0.17778044776059687,True
outage_replay_kde,61,edge0,intersection_05,False,16,0,16,0.11855949414893985,True
outage_replay_kde,61,edge0,intersection_06,False,16,0,16,0.059793319553136826,True
outage_replay_kde,61,edge1,intersection_07,False,16,0,16,0.162192853866145,True
outage_replay_kde,61,edge1,intersection_08,False,16,0,16,0.00019432487897574902,True
outage_replay_kde,61,edge1,intersection_09,False,16,0,16,0.00023134401999413967,True
outage_replay_kde,61,edge1,intersection_10,False,16,0,16,0.11847527930513024,True
outage_replay_kde,61,edge1,intersection_11,False,16,0,16,0.22571669169701636,True
outage_replay_kde,61,edge1,intersection_12,False,16,0,16,0.12965907179750502,True
outage_replay_kde,61,edge1,intersection_13,False,16,0,16,0.1199838041793555,True
outage_replay_kde,61,edge2,intersection_14,False,16,0,16,0.25354297435842454,True
outage_replay_kde,61,edge2,intersection_15,False,16,0,16,0.06417210283689201,True
outage_replay_kde,61,edge2,intersection_16,False,16,0,16,0.1198165165260434,True
outage_replay_kde,61,edge2,intersection_17,False,16,0,16,0.09653787687420845,True
outage_replay_kde,61,edge2,intersection_18,False,16,0,16,0.060030636144801974,True
outage_replay_kde,61,edge2,intersection_19,False,16,0,16,0.06017261021770536,True
outage_replay_kde,61,edge2,intersection_20,False,16,0,16,0.00022762245498597622,True
outage_replay_kde,62,edge0,intersection_00,False,16,0,16,0.13394387369044125,True
outage_replay_kde,62,edge0,intersection_01,False,16,0,16,0.14692951715551317,True
outage_replay_kde,62,edge0,intersection_02,False,16,0,16,0.17652095947414637,True
outage_replay_kde,62,edge0,intersection_03,False,16,0,16,0.12026662845164536,True
outage_replay_kde,62,edge0,intersection_04,False,16,0,16,0.058640152448788285,True
outage_replay_kde,62,edge0,intersection_05,False,16,0,16,0.10335072036832571,True
outage_replay_kde,62,edge0,intersection_06,False,16,0,16,0.08863950613886118,True
outage_replay_kde,62,edge1,intersection_07,False,16,0,16,0.058677217923104756,True
outage_replay_kde,62,edge1,intersection_08,False,16,0,16,0.06457836553454399,True
outage_replay_kde,62,edge1,intersection_09,False,16,0,16,0.2247827739920467,True
outage_replay_kde,62,edge1,intersection_10,False,16,0,16,0.13509282981976867,True
outage_replay_kde,62,edge1,intersection_11,False,16,0,16,0.11753859813325107,True
outage_replay_kde,62,edge1,intersection_12,False,16,0,16,0.11900884634815156,True
outage_replay_kde,62,edge1,intersection_13,False,16,0,16,0.11953357374295592,True
outage_replay_kde,62,edge2,intersection_14,False,16,0,16,0.06017155945301055,True
outage_replay_kde,62,edge2,intersection_15,False,16,0,16,0.09491390851326287,True
outage_replay_kde,62,edge2,intersection_16,False,16,0,16,0.11710365326143801,True
outage_replay_kde,62,edge2,intersection_17,False,16,0,16,0.11956485570408404,True
outage_replay_kde,62,edge2,intersection_18,False,16,0,16,0.11600472556892782,True
outage_replay_kde,62,edge2,intersection_19,False,16,0,16,0.0598507821559906,True
outage_replay_kde,62,edge2,intersection_20,False,16,0,16,0.11776381288655102,True
outage_replay_kde,63,edge0,intersection_00,False,16,0,16,0.060238575097173445,True
outage_replay_kde,63,edge0,intersection_01,False,16,0,16,0.06022192048840224,True
outage_replay_kde,63,edge0,intersection_02,False,16,0,16,0.285589880309999,True
outage_replay_kde,63,edge0,intersection_03,False,16,0,16,0.059535850770771497,True
outage_replay_kde,63,edge0,intersection_04,False,16,0,16,0.11940259579569101,True
outage_replay_kde,63,edge0,intersection_05,False,16,0,16,0.005537229590117931,True
outage_replay_kde,63,edge0,intersection_06,False,16,0,16,0.10501538286916912,True
outage_replay_kde,63,edge1,intersection_07,False,16,0,16,0.27415230218321085,True
outage_replay_kde,63,edge1,intersection_08,False,16,0,16,0.1134735094383359,True
outage_replay_kde,63,edge1,intersection_09,False,16,0,16,0.11811453616246581,True
outage_replay_kde,63,edge1,intersection_10,False,16,0,16,0.08294997224584222,True
outage_replay_kde,63,edge1,intersection_11,False,16,0,16,0.059702428756281734,True
outage_replay_kde,63,edge1,intersection_12,False,16,0,16,0.00017992383800446987,True
outage_replay_kde,63,edge1,intersection_13,False,16,0,16,0.06022409023717045,True
outage_replay_kde,63,edge2,intersection_14,False,16,0,16,0.08815152943134306,True
outage_replay_kde,63,edge2,intersection_15,False,16,0,16,0.23617443558759987,True
outage_replay_kde,63,edge2,intersection_16,False,16,0,16,0.21641510422341526,True
outage_replay_kde,63,edge2,intersection_17,False,16,0,16,0.21403089654631913,True
outage_replay_kde,63,edge2,intersection_18,False,16,0,16,0.06292566331103444,True
outage_replay_kde,63,edge2,intersection_19,False,16,0,16,0.11711229849606752,True
outage_replay_kde,63,edge2,intersection_20,False,16,0,16,0.11977081652730703,True
outage_replay_kde,64,edge0,intersection_00,False,16,0,16,0.11680889595299959,True
outage_replay_kde,64,edge0,intersection_01,False,16,0,16,0.054758617421612144,True
outage_replay_kde,64,edge0,intersection_02,False,16,0,16,0.00024138204753398895,True
outage_replay_kde,64,edge0,intersection_03,False,16,0,16,0.11912666843272744,True
outage_replay_kde,64,edge0,intersection_04,False,16,0,16,0.27919553639367223,True
outage_replay_kde,64,edge0,intersection_05,False,16,0,16,0.05899970117025077,True
outage_replay_kde,64,edge0,intersection_06,False,16,0,16,0.060191595926880836,True
outage_replay_kde,64,edge1,intersection_07,False,16,0,16,0.023153659654781222,True
outage_replay_kde,64,edge1,intersection_08,False,16,0,16,0.05894926004111767,True
outage_replay_kde,64,edge1,intersection_09,False,16,0,16,0.06010793847963214,True
outage_replay_kde,64,edge1,intersection_10,False,16,0,16,0.12015708885155618,True
outage_replay_kde,64,edge1,intersection_11,False,16,0,16,0.0600560198072344,True
outage_replay_kde,64,edge1,intersection_12,False,16,0,16,0.057361859362572425,True
outage_replay_kde,64,edge1,intersection_13,False,16,0,16,0.00021823542192578316,True
outage_replay_kde,64,edge2,intersection_14,False,16,0,16,0.04784296150319278,True
outage_replay_kde,64,edge2,intersection_15,False,16,0,16,0.11892993305809794,True
outage_replay_kde,64,edge2,intersection_16,False,16,0,16,0.2396180413197726,True
outage_replay_kde,64,edge2,intersection_17,False,16,0,16,0.07112071919254959,True
outage_replay_kde,64,edge2,intersection_18,False,16,0,16,0.08780739293433726,True
outage_replay_kde,64,edge2,intersection_19,False,16,0,16,0.059060107450932264,True
outage_replay_kde,64,edge2,intersection_20,False,16,0,16,0.07471188413910568,True
outage_replay_kde,65,edge0,intersection_00,False,16,0,16,0.05987880169413984,True
outage_replay_kde,65,edge0,intersection_01,False,16,0,16,0.00027419812977313995,True
outage_replay_kde,65,edge0,intersection_02,False,16,0,16,0.0009010677458718418,True
outage_replay_kde,65,edge0,intersection_03,False,16,0,16,0.23475152836181223,True
outage_replay_kde,65,edge0,intersection_04,False,16,0,16,0.23898320295847952,True
outage_replay_kde,65,edge0,intersection_05,False,16,0,16,0.17957842862233517,True
outage_replay_kde,65,edge0,intersection_06,False,16,0,16,0.08312462863977998,True
outage_replay_kde,65,edge1,intersection_07,False,16,0,16,0.000219214940443635,True
outage_replay_kde,65,edge1,intersection_08,False,16,0,16,0.0002725205849856138,True
outage_replay_kde,65,edge1,intersection_09,False,16,0,16,0.060335696907714,True
outage_replay_kde,65,edge1,intersection_10,False,16,0,16,0.057910028379410505,True
outage_replay_kde,65,edge1,intersection_11,False,16,0,16,0.11775406869128346,True
outage_replay_kde,65,edge1,intersection_12,False,16,0,16,0.07844079425558448,True
outage_replay_kde,65,edge1,intersection_13,False,16,0,16,0.2347059331368655,True
outage_replay_kde,65,edge2,intersection_14,False,16,0,16,0.0001825103536248207,True
outage_replay_kde,65,edge2,intersection_15,False,16,0,16,0.059541618218645447,True
outage_replay_kde,65,edge2,intersection_16,False,16,0,16,0.05996192991733551,True
outage_replay_kde,65,edge2,intersection_17,False,16,0,16,0.23916972824372348,True
outage_replay_kde,65,edge2,intersection_18,False,16,0,16,0.05986291985027492,True
outage_replay_kde,65,edge2,intersection_19,False,16,0,16,0.11752411513589323,True
outage_replay_kde,65,edge2,intersection_20,False,16,0,16,0.00022253906354308128,True
outage_replay_kde,66,edge0,intersection_00,False,16,0,16,0.0002476864028722048,True
outage_replay_kde,66,edge0,intersection_01,False,16,0,16,0.06009236886166036,True
outage_replay_kde,66,edge0,intersection_02,False,16,0,16,0.24431656394153833,True
outage_replay_kde,66,edge0,intersection_03,False,16,0,16,0.0001975526101887226,True
outage_replay_kde,66,edge0,intersection_04,False,16,0,16,0.00567181664519012,True
outage_replay_kde,66,edge0,intersection_05,False,16,0,16,0.11821622820571065,True
outage_replay_kde,66,edge0,intersection_06,False,16,0,16,0.17663662461563942,True
outage_replay_kde,66,edge1,intersection_07,False,16,0,16,0.0002346730325371027,True
outage_replay_kde,66,edge1,intersection_08,False,16,0,16,0.21563269337639213,True
outage_replay_kde,66,edge1,intersection_09,False,16,0,16,0.21781378402374685,True
outage_replay_kde,66,edge1,intersection_10,False,16,0,16,0.1793347883503884,True
outage_replay_kde,66,edge1,intersection_11,False,16,0,16,0.05956941260956228,True
outage_replay_kde,66,edge1,intersection_12,False,16,0,16,0.11889632139354943,True
outage_replay_kde,66,edge1,intersection_13,False,16,0,16,0.23565527773462236,True
outage_replay_kde,66,edge2,intersection_14,False,16,0,16,0.10107914474792778,True
outage_replay_kde,66,edge2,intersection_15,False,16,0,16,0.059672325849533074,True
outage_replay_kde,66,edge2,intersection_16,False,16,0,16,0.048178887693211436,True
outage_replay_kde,66,edge2,intersection_17,False,16,0,16,0.17946638748981059,True
outage_replay_kde,66,edge2,intersection_18,False,16,0,16,0.42154851579107344,True
outage_replay_kde,66,edge2,intersection_19,False,16,0,16,0.17561762873083353,True
outage_replay_kde,66,edge2,intersection_20,False,16,0,16,0.0601342732552439,True
outage_replay_kde,67,edge0,intersection_00,False,16,0,16,0.11885392176918685,True
outage_replay_kde,67,edge0,intersection_01,False,16,0,16,0.05920606642030179,True
outage_replay_kde,67,edge0,intersection_02,False,16,0,16,0.15734517690725625,True
outage_replay_kde,67,edge0,intersection_03,False,16,0,16,0.05987268313765526,True
outage_replay_kde,67,edge0,intersection_04,False,16,0,16,0.11932055477518588,True
outage_replay_kde,67,edge0,intersection_05,False,16,0,16,0.11945636430755258,True
outage_replay_kde,67,edge0,intersection_06,False,16,0,16,0.17828662181273103,True
outage_replay_kde,67,edge1,intersection_07,False,16,0,16,0.06015141261741519,True
outage_replay_kde,67,edge1,intersection_08,False,16,0,16,0.1196046769618988,True
outage_replay_kde,67,edge1,intersection_09,False,16,0,16,0.18863736279308796,True
outage_replay_kde,67,edge1,intersection_10,False,16,0,16,0.05989326466806232,True
outage_replay_kde,67,edge1,intersection_11,False,16,0,16,0.00015977490693330765,True
outage_replay_kde,67,edge1,intersection_12,False,16,0,16,0.06018411624245345,True
outage_replay_kde,67,edge1,intersection_13,False,16,0,16,0.1142638602759689,True
outage_replay_kde,67,edge2,intersection_14,False,16,0,16,0.11768549610860646,True
outage_replay_kde,67,edge2,intersection_15,False,16,0,16,0.0592711225617677,True
outage_replay_kde,67,edge2,intersection_16,False,16,0,16,0.11897565377876163,True
outage_replay_kde,67,edge2,intersection_17,False,16,0,16,0.05681376811116934,True
outage_replay_kde,67,edge2,intersection_18,False,16,0,16,0.18294692714698613,True
outage_replay_kde,67,edge2,intersection_19,False,16,0,16,0.08943881513550876,True
outage_replay_kde,67,edge2,intersection_20,False,16,0,16,0.0778459501452744,True
outage_replay_kde,68,edge0,intersection_00,False,16,0,16,0.23515709198545665,True
outage_replay_kde,68,edge0,intersection_01,False,16,0,16,0.0602457218337804,True
outage_replay_kde,68,edge0,intersection_02,False,16,0,16,0.17831313121132553,True
outage_replay_kde,68,edge0,intersection_03,False,16,0,16,0.00025474606081843376,True
outage_replay_kde,68,edge0,intersection_04,False,16,0,16,0.00019594375044107437,True
outage_replay_kde,68,edge0,intersection_05,False,16,0,16,0.17828589910641313,True
outage_replay_kde,68,edge0,intersection_06,False,16,0,16,0.08039704454131424,True
outage_replay_kde,68,edge1,intersection_07,False,16,0,16,0.055380067555233836,True
outage_replay_kde,68,edge1,intersection_08,False,16,0,16,0.12009513075463474,True
outage_replay_kde,68,edge1,intersection_09,False,16,0,16,0.00021268753334879875,True
outage_replay_kde,68,edge1,intersection_10,False,16,0,16,0.08470759307965636,True
outage_replay_kde,68,edge1,intersection_11,False,16,0,16,0.05790836480446159,True
outage_replay_kde,68,edge1,intersection_12,False,16,0,16,0.11548952618613839,True
outage_replay_kde,68,edge1,intersection_13,False,16,0,16,0.20544859417714179,True
outage_replay_kde,68,edge2,intersection_14,False,16,0,16,0.2373650202061981,True
outage_replay_kde,68,edge2,intersection_15,False,16,0,16,0.01103417295962572,True
outage_replay_kde,68,edge2,intersection_16,False,16,0,16,0.09816542058251798,True
outage_replay_kde,68,edge2,intersection_17,False,16,0,16,0.05990894278511404,True
outage_replay_kde,68,edge2,intersection_18,False,16,0,16,0.0593192195519805,True
outage_replay_kde,68,edge2,intersection_19,False,16,0,16,0.058969069039449096,True
outage_replay_kde,68,edge2,intersection_20,False,16,0,16,0.079379893373698,True
outage_replay_kde,69,edge0,intersection_00,False,16,0,16,0.11814703373238444,True
outage_replay_kde,69,edge0,intersection_01,False,16,0,16,0.1188633325509727,True
outage_replay_kde,69,edge0,intersection_02,False,16,0,16,0.23903096397407353,True
outage_replay_kde,69,edge0,intersection_03,False,16,0,16,0.036360090831294656,True
outage_replay_kde,69,edge0,intersection_04,False,16,0,16,0.0913872686214745,True
outage_replay_kde,69,edge0,intersection_05,False,16,0,16,0.00017906841821968555,True
outage_replay_kde,69,edge0,intersection_06,False,16,0,16,0.06019289535470306,True
outage_replay_kde,69,edge1,intersection_07,False,16,0,16,0.16306711197830737,True
outage_replay_kde,69,edge1,intersection_08,False,16,0,16,0.10310469241812825,True
outage_replay_kde,69,edge1,intersection_09,False,16,0,16,0.08284088247455657,True
outage_replay_kde,69,edge1,intersection_10,False,16,0,16,0.17791659175418317,True
outage_replay_kde,69,edge1,intersection_11,False,16,0,16,0.1419073804281652,True
outage_replay_kde,69,edge1,intersection_12,False,16,0,16,0.00025800266303122044,True
outage_replay_kde,69,edge1,intersection_13,False,16,0,16,0.18309583398513496,True
outage_replay_kde,69,edge2,intersection_14,False,16,0,16,0.1781749757938087,True
outage_replay_kde,69,edge2,intersection_15,False,16,0,16,0.11977073852904141,True
outage_replay_kde,69,edge2,intersection_16,False,16,0,16,0.24041774263605475,True
outage_replay_kde,69,edge2,intersection_17,False,16,0,16,0.04568619746714831,True
outage_replay_kde,69,edge2,intersection_18,False,16,0,16,0.23732448066584763,True
outage_replay_kde,69,edge2,intersection_19,False,16,0,16,0.06029964121989905,True
outage_replay_kde,69,edge2,intersection_20,False,16,0,16,0.0001968052238225937,True
outage_replay_kde,70,edge0,intersection_00,False,16,0,16,0.1703656641766429,True
outage_replay_kde,70,edge0,intersection_01,False,16,0,16,0.04367931699380278,True
outage_replay_kde,70,edge0,intersection_02,False,16,0,16,0.20149608608335257,True
outage_replay_kde,70,edge0,intersection_03,False,16,0,16,0.05875100218690931,True
outage_replay_kde,70,edge0,intersection_04,False,16,0,16,0.05769532383419573,True
outage_replay_kde,70,edge0,intersection_05,False,16,0,16,0.26724440371617675,True
outage_replay_kde,70,edge0,intersection_06,False,16,0,16,0.00021896488033235073,True
outage_replay_kde,70,edge1,intersection_07,False,16,0,16,0.17777559626847506,True
outage_replay_kde,70,edge1,intersection_08,False,16,0,16,0.059311688877642155,True
outage_replay_kde,70,edge1,intersection_09,False,16,0,16,0.00023163901641964912,True
outage_replay_kde,70,edge1,intersection_10,False,16,0,16,0.11716770008206367,True
outage_replay_kde,70,edge1,intersection_11,False,16,0,16,0.05919776507653296,True
outage_replay_kde,70,edge1,intersection_12,False,16,0,16,0.09795938385650516,True
outage_replay_kde,70,edge1,intersection_13,False,16,0,16,0.06278850580565631,True
outage_replay_kde,70,edge2,intersection_14,False,16,0,16,0.18000355921685696,True
outage_replay_kde,70,edge2,intersection_15,False,16,0,16,0.00016277958638966084,True
outage_replay_kde,70,edge2,intersection_16,False,16,0,16,0.1191729730926454,True
outage_replay_kde,70,edge2,intersection_17,False,16,0,16,0.05982615170069038,True
outage_replay_kde,70,edge2,intersection_18,False,16,0,16,0.0002483429852873087,True
outage_replay_kde,70,edge2,intersection_19,False,16,0,16,0.060176958097144954,True
outage_replay_kde,70,edge2,intersection_20,False,16,0,16,0.1183931187260896,True
outage_replay_kde,71,edge0,intersection_00,False,16,0,16,0.25487010832875967,True
outage_replay_kde,71,edge0,intersection_01,False,16,0,16,0.21809104387648404,True
outage_replay_kde,71,edge0,intersection_02,False,16,0,16,0.019777136156335473,True
outage_replay_kde,71,edge0,intersection_03,False,16,0,16,0.00019708112813532352,True
outage_replay_kde,71,edge0,intersection_04,False,16,0,16,0.06023932714015245,True
outage_replay_kde,71,edge0,intersection_05,False,16,0,16,0.1178400106728077,True
outage_replay_kde,71,edge0,intersection_06,False,16,0,16,0.17782450141385198,True
outage_replay_kde,71,edge1,intersection_07,False,16,0,16,0.07908138842321932,True
outage_replay_kde,71,edge1,intersection_08,False,16,0,16,0.0601706423331052,True
outage_replay_kde,71,edge1,intersection_09,False,16,0,16,0.00019861292093992233,True
outage_replay_kde,71,edge1,intersection_10,False,16,0,16,0.17883788188919425,True
outage_replay_kde,71,edge1,intersection_11,False,16,0,16,0.10757012222893536,True
outage_replay_kde,71,edge1,intersection_12,False,16,0,16,0.0001843865029513836,True
outage_replay_kde,71,edge1,intersection_13,False,16,0,16,0.05968227586708963,True
outage_replay_kde,71,edge2,intersection_14,False,16,0,16,0.23791292449459434,True
outage_replay_kde,71,edge2,intersection_15,False,16,0,16,0.07226234348490833,True
outage_replay_kde,71,edge2,intersection_16,False,16,0,16,0.11816162173636258,True
outage_replay_kde,71,edge2,intersection_17,False,16,0,16,0.05942217493429781,True
outage_replay_kde,71,edge2,intersection_18,False,16,0,16,0.23827157937921584,True
outage_replay_kde,71,edge2,intersection_19,False,16,0,16,0.06021772581152618,True
outage_replay_kde,71,edge2,intersection_20,False,16,0,16,0.118170510744676,True
outage_replay_kde,72,edge0,intersection_00,False,16,0,16,0.058552383445203304,True
outage_replay_kde,72,edge0,intersection_01,False,16,0,16,0.05981886270456016,True
outage_replay_kde,72,edge0,intersection_02,False,16,0,16,0.05981317721307277,True
outage_replay_kde,72,edge0,intersection_03,False,16,0,16,0.0002347365953028202,True
outage_replay_kde,72,edge0,intersection_04,False,16,0,16,0.17783495853655037,True
outage_replay_kde,72,edge0,intersection_05,False,16,0,16,0.11889789206907153,True
outage_replay_kde,72,edge0,intersection_06,False,16,0,16,0.06018186500295996,True
outage_replay_kde,72,edge1,intersection_07,False,16,0,16,0.17774597695097327,True
outage_replay_kde,72,edge1,intersection_08,False,16,0,16,0.058559372555464506,True
outage_replay_kde,72,edge1,intersection_09,False,16,0,16,0.23865609569475052,True
outage_replay_kde,72,edge1,intersection_10,False,16,0,16,0.058832793263718486,True
outage_replay_kde,72,edge1,intersection_11,False,16,0,16,0.06048863125033676,True
outage_replay_kde,72,edge1,intersection_12,False,16,0,16,0.16132353921420872,True
outage_replay_kde,72,edge1,intersection_13,False,16,0,16,0.000277636107057333,True
outage_replay_kde,72,edge2,intersection_14,False,16,0,16,0.14678081613965333,True
outage_replay_kde,72,edge2,intersection_15,False,16,0,16,0.05998826422728599,True
outage_replay_kde,72,edge2,intersection_16,False,16,0,16,0.1179928332567215,True
outage_replay_kde,72,edge2,intersection_17,False,16,0,16,0.11833034735172987,True
outage_replay_kde,72,edge2,intersection_18,False,16,0,16,0.11900457716546953,True
outage_replay_kde,72,edge2,intersection_19,False,16,0,16,0.23685318906791508,True
outage_replay_kde,72,edge2,intersection_20,False,16,0,16,0.0597291998565197,True
outage_replay_kde,73,edge0,intersection_00,False,16,0,16,0.057621185667812824,True
outage_replay_kde,73,edge0,intersection_01,False,16,0,16,0.08585746167227626,True
outage_replay_kde,73,edge0,intersection_02,False,16,0,16,0.05582994990982115,True
outage_replay_kde,73,edge0,intersection_03,False,16,0,16,0.09401056240312755,True
outage_replay_kde,73,edge0,intersection_04,False,16,0,16,0.1169899154920131,True
outage_replay_kde,73,edge0,intersection_05,False,16,0,16,0.12026650016196071,True
outage_replay_kde,73,edge0,intersection_06,False,16,0,16,0.11658325418829918,True
outage_replay_kde,73,edge1,intersection_07,False,16,0,16,0.1469286228530109,True
outage_replay_kde,73,edge1,intersection_08,False,16,0,16,0.1778037454932928,True
outage_replay_kde,73,edge1,intersection_09,False,16,0,16,0.059491726802662015,True
outage_replay_kde,73,edge1,intersection_10,False,16,0,16,0.11369098676368594,True
outage_replay_kde,73,edge1,intersection_11,False,16,0,16,0.060014822985976934,True
outage_replay_kde,73,edge1,intersection_12,False,16,0,16,0.11871130112558603,True
outage_replay_kde,73,edge1,intersection_13,False,16,0,16,0.05978171434253454,True
outage_replay_kde,73,edge2,intersection_14,False,16,0,16,0.10113709256984293,True
outage_replay_kde,73,edge2,intersection_15,False,16,0,16,0.0002916122321039438,True
outage_replay_kde,73,edge2,intersection_16,False,16,0,16,0.10594647482503206,True
outage_replay_kde,73,edge2,intersection_17,False,16,0,16,0.15856199711561203,True
outage_replay_kde,73,edge2,intersection_18,False,16,0,16,0.05719466530717909,True
outage_replay_kde,73,edge2,intersection_19,False,16,0,16,0.11771717667579651,True
outage_replay_kde,73,edge2,intersection_20,False,16,0,16,0.06020336970686912,True
outage_replay_kde,74,edge0,intersection_00,False,16,0,16,0.005303926998749375,True
outage_replay_kde,74,edge0,intersection_01,False,16,0,16,0.12307164049707353,True
outage_replay_kde,74,edge0,intersection_02,False,16,0,16,0.11949287168681622,True
outage_replay_kde,74,edge0,intersection_03,False,16,0,16,0.0002336085308343172,True
outage_replay_kde,74,edge0,intersection_04,False,16,0,16,0.058825680054724216,True
outage_replay_kde,74,edge0,intersection_05,False,16,0,16,0.11845951806753874,True
outage_replay_kde,74,edge0,intersection_06,False,16,0,16,0.12019430776126683,True
outage_replay_kde,74,edge1,intersection_07,False,16,0,16,0.17968442221172154,True
outage_replay_kde,74,edge1,intersection_08,False,16,0,16,0.049132447224110365,True
outage_replay_kde,74,edge1,intersection_09,False,16,0,16,0.00039102695882320404,True
outage_replay_kde,74,edge1,intersection_10,False,16,0,16,0.11993339844048023,True
outage_replay_kde,74,edge1,intersection_11,False,16,0,16,0.060138960368931293,True
outage_replay_kde,74,edge1,intersection_12,False,16,0,16,0.09745945548638701,True
outage_replay_kde,74,edge1,intersection_13,False,16,0,16,0.1177529776468873,True
outage_replay_kde,74,edge2,intersection_14,False,16,0,16,0.17974771419540048,True
outage_replay_kde,74,edge2,intersection_15,False,16,0,16,0.11927297338843346,True
outage_replay_kde,74,edge2,intersection_16,False,16,0,16,0.17528522410430014,True
outage_replay_kde,74,edge2,intersection_17,False,16,0,16,0.06024676957167684,True
outage_replay_kde,74,edge2,intersection_18,False,16,0,16,0.06604341929778457,True
outage_replay_kde,74,edge2,intersection_19,False,16,0,16,0.09693415416404605,True
outage_replay_kde,74,edge2,intersection_20,False,16,0,16,0.11866486282087862,True
outage_replay_kde,75,edge0,intersection_00,False,16,0,16,0.11914428672753274,True
outage_replay_kde,75,edge0,intersection_01,False,16,0,16,0.00016874470748007298,True
outage_replay_kde,75,edge0,intersection_02,False,16,0,16,0.06275117816403508,True
outage_replay_kde,75,edge0,intersection_03,False,16,0,16,0.010725084459409116,True
outage_replay_kde,75,edge0,intersection_04,False,16,0,16,0.060238768812268965,True
outage_replay_kde,75,edge0,intersection_05,False,16,0,16,0.059408295317552984,True
outage_replay_kde,75,edge0,intersection_06,False,16,0,16,0.16486505512148142,True
outage_replay_kde,75,edge1,intersection_07,False,16,0,16,0.11881791101768613,True
outage_replay_kde,75,edge1,intersection_08,False,16,0,16,0.07820760295726359,True
outage_replay_kde,75,edge1,intersection_09,False,16,0,16,0.00018196110613644123,True
outage_replay_kde,75,edge1,intersection_10,False,16,0,16,0.05933815101161599,True
outage_replay_kde,75,edge1,intersection_11,False,16,0,16,0.05746793258003891,True
outage_replay_kde,75,edge1,intersection_12,False,16,0,16,0.11818155110813677,True
outage_replay_kde,75,edge1,intersection_13,False,16,0,16,0.11935083335265517,True
outage_replay_kde,75,edge2,intersection_14,False,16,0,16,0.0002511411439627409,True
outage_replay_kde,75,edge2,intersection_15,False,16,0,16,0.00018804450519382954,True
outage_replay_kde,75,edge2,intersection_16,False,16,0,16,0.004547150572761893,True
outage_replay_kde,75,edge2,intersection_17,False,16,0,16,0.23568669660016894,True
outage_replay_kde,75,edge2,intersection_18,False,16,0,16,0.22933043842203912,True
outage_replay_kde,75,edge2,intersection_19,False,16,0,16,0.11912745353765786,True
outage_replay_kde,75,edge2,intersection_20,False,16,0,16,0.0001711258664727211,True
outage_replay_kde,76,edge0,intersection_00,False,16,0,16,0.11828519380651414,True
outage_replay_kde,76,edge0,intersection_01,False,16,0,16,0.11995557928457856,True
outage_replay_kde,76,edge0,intersection_02,False,16,0,16,0.16780133824795485,True
outage_replay_kde,76,edge0,intersection_03,False,16,0,16,0.00016182754188776016,True
outage_replay_kde,76,edge0,intersection_04,False,16,0,16,0.000184306176379323,True
outage_replay_kde,76,edge0,intersection_05,False,16,0,16,0.21914836368523538,True
outage_replay_kde,76,edge0,intersection_06,False,16,0,16,0.06024229107424616,True
outage_replay_kde,76,edge1,intersection_07,False,16,0,16,0.11836098972707987,True
outage_replay_kde,76,edge1,intersection_08,False,16,0,16,0.11967526725493371,True
outage_replay_kde,76,edge1,intersection_09,False,16,0,16,0.05999884242191911,True
outage_replay_kde,76,edge1,intersection_10,False,16,0,16,0.17763450113125145,True
outage_replay_kde,76,edge1,intersection_11,False,16,0,16,0.17920105997473001,True
outage_replay_kde,76,edge1,intersection_12,False,16,0,16,0.060012864181771874,True
outage_replay_kde,76,edge1,intersection_13,False,16,0,16,0.1734640863724053,True
outage_replay_kde,76,edge2,intersection_14,False,16,0,16,0.059991700341925025,True
outage_replay_kde,76,edge2,intersection_15,False,16,0,16,0.11892201052978635,True
outage_replay_kde,76,edge2,intersection_16,False,16,0,16,0.0002715182490646839,True
outage_replay_kde,76,edge2,intersection_17,False,16,0,16,0.059237300883978605,True
outage_replay_kde,76,edge2,intersection_18,False,16,0,16,0.11923980573192239,True
outage_replay_kde,76,edge2,intersection_19,False,16,0,16,0.1202396312728524,True
outage_replay_kde,76,edge2,intersection_20,False,16,0,16,0.06020746519789099,True
outage_replay_kde,77,edge0,intersection_00,False,16,0,16,0.13013273873366416,True
outage_replay_kde,77,edge0,intersection_01,False,16,0,16,0.060180739965289824,True
outage_replay_kde,77,edge0,intersection_02,False,16,0,16,0.06007782742381096,True
outage_replay_kde,77,edge0,intersection_03,False,16,0,16,0.00019248900935053825,True
outage_replay_kde,77,edge0,intersection_04,False,16,0,16,0.1416385043412447,True
outage_replay_kde,77,edge0,intersection_05,False,16,0,16,0.00022063357755541801,True
outage_replay_kde,77,edge0,intersection_06,False,16,0,16,0.11713886796496809,True
outage_replay_kde,77,edge1,intersection_07,False,16,0,16,0.170080722309649,True
outage_replay_kde,77,edge1,intersection_08,False,16,0,16,0.05898348637856543,True
outage_replay_kde,77,edge1,intersection_09,False,16,0,16,0.22025522659532726,True
outage_replay_kde,77,edge1,intersection_10,False,16,0,16,0.11354858987033367,True
outage_replay_kde,77,edge1,intersection_11,False,16,0,16,0.00021945801563560963,True
outage_replay_kde,77,edge1,intersection_12,False,16,0,16,0.0002671822439879179,True
outage_replay_kde,77,edge1,intersection_13,False,16,0,16,0.08899195375852287,True
outage_replay_kde,77,edge2,intersection_14,False,16,0,16,0.11971081304363906,True
outage_replay_kde,77,edge2,intersection_15,False,16,0,16,0.1758907421026379,True
outage_replay_kde,77,edge2,intersection_16,False,16,0,16,0.11810290231369436,True
outage_replay_kde,77,edge2,intersection_17,False,16,0,16,0.11899006902240217,True
outage_replay_kde,77,edge2,intersection_18,False,16,0,16,0.06023005582392215,True
outage_replay_kde,77,edge2,intersection_19,False,16,0,16,0.00021877791732549667,True
outage_replay_kde,77,edge2,intersection_20,False,16,0,16,0.15488623711280525,True
outage_replay_kde,78,edge0,intersection_00,False,16,0,16,0.057455297792330384,True
outage_replay_kde,78,edge0,intersection_01,False,16,0,16,0.00020259711891412735,True
outage_replay_kde,78,edge0,intersection_02,False,16,0,16,0.11753552220761776,True
outage_replay_kde,78,edge0,intersection_03,False,16,0,16,0.15421348973177373,True
outage_replay_kde,78,edge0,intersection_04,False,16,0,16,0.06957172020338476,True
outage_replay_kde,78,edge0,intersection_05,False,16,0,16,0.11826141690835357,True
outage_replay_kde,78,edge0,intersection_06,False,16,0,16,0.00023689540103077888,True
outage_replay_kde,78,edge1,intersection_07,False,16,0,16,0.000169872073456645,True
outage_replay_kde,78,edge1,intersection_08,False,16,0,16,0.058953079860657454,True
outage_replay_kde,78,edge1,intersection_09,False,16,0,16,0.060214395169168704,True
outage_replay_kde,78,edge1,intersection_10,False,16,0,16,0.11907212063670158,True
outage_replay_kde,78,edge1,intersection_11,False,16,0,16,0.11963584367185831,True
outage_replay_kde,78,edge1,intersection_12,False,16,0,16,0.00021627149544656277,True
outage_replay_kde,78,edge1,intersection_13,False,16,0,16,0.1615416167769581,True
outage_replay_kde,78,edge2,intersection_14,False,16,0,16,0.03430123790167272,True
outage_replay_kde,78,edge2,intersection_15,False,16,0,16,0.03153821057640016,True
outage_replay_kde,78,edge2,intersection_16,False,16,0,16,0.05535461357794702,True
outage_replay_kde,78,edge2,intersection_17,False,16,0,16,0.11978972796350718,True
outage_replay_kde,78,edge2,intersection_18,False,16,0,16,0.15564191527664661,True
outage_replay_kde,78,edge2,intersection_19,False,16,0,16,0.1775914439931512,True
outage_replay_kde,78,edge2,intersection_20,False,16,0,16,0.05833108490332961,True
outage_replay_kde,79,edge0,intersection_00,False,16,0,16,0.00020339712500572205,True
outage_replay_kde,79,edge0,intersection_01,False,16,0,16,0.06699393619783221,True
outage_replay_kde,79,edge0,intersection_02,False,16,0,16,0.00020511099137365818,True
outage_replay_kde,79,edge0,intersection_03,False,16,0,16,0.044697008561342955,True
outage_replay_kde,79,edge0,intersection_04,False,16,0,16,0.00026237103156745434,True
outage_replay_kde,79,edge0,intersection_05,False,16,0,16,0.05842990498058497,True
outage_replay_kde,79,edge0,intersection_06,False,16,0,16,0.05981550388969482,True
outage_replay_kde,79,edge1,intersection_07,False,16,0,16,0.23600445385091007,True
outage_replay_kde,79,edge1,intersection_08,False,16,0,16,0.10247569461353122,True
outage_replay_kde,79,edge1,intersection_09,False,16,0,16,0.18018107162788508,True
outage_replay_kde,79,edge1,intersection_10,False,16,0,16,0.05909296567551791,True
outage_replay_kde,79,edge1,intersection_11,False,16,0,16,0.16888846643269062,True
outage_replay_kde,79,edge1,intersection_12,False,16,0,16,0.13934713858179748,True
outage_replay_kde,79,edge1,intersection_13,False,16,0,16,0.0001815827563405037,True
outage_replay_kde,79,edge2,intersection_14,False,16,0,16,0.11369440564885736,True
outage_replay_kde,79,edge2,intersection_15,False,16,0,16,0.12304809619672596,True
outage_replay_kde,79,edge2,intersection_16,False,16,0,16,0.058710385113954544,True
outage_replay_kde,79,edge2,intersection_17,False,16,0,16,0.11940624611452222,True
outage_replay_kde,79,edge2,intersection_18,False,16,0,16,0.05992356687784195,True
outage_replay_kde,79,edge2,intersection_19,False,16,0,16,0.012898146174848078,True
outage_replay_kde,79,edge2,intersection_20,False,16,0,16,0.1037136479280889,True
outage_replay_kde,80,edge0,intersection_00,False,16,0,16,0.004726577550172805,True
outage_replay_kde,80,edge0,intersection_01,False,16,0,16,0.14446569373831153,True
outage_replay_kde,80,edge0,intersection_02,False,16,0,16,0.06408282020129263,True
outage_replay_kde,80,edge0,intersection_03,False,16,0,16,0.17748974170535803,True
outage_replay_kde,80,edge0,intersection_04,False,16,0,16,0.17833914421498775,True
outage_replay_kde,80,edge0,intersection_05,False,16,0,16,0.05995155940763652,True
outage_replay_kde,80,edge0,intersection_06,False,16,0,16,0.00017473101615905762,True
outage_replay_kde,80,edge1,intersection_07,False,16,0,16,0.06026355433277785,True
outage_replay_kde,80,edge1,intersection_08,False,16,0,16,0.05736690061166883,True
outage_replay_kde,80,edge1,intersection_09,False,16,0,16,0.11399454716593027,True
outage_replay_kde,80,edge1,intersection_10,False,16,0,16,0.059611383359879255,True
outage_replay_kde,80,edge1,intersection_11,False,16,0,16,0.00016593537293374538,True
outage_replay_kde,80,edge1,intersection_12,False,16,0,16,0.29926144261844456,True
outage_replay_kde,80,edge1,intersection_13,False,16,0,16,0.11946374946273863,True
outage_replay_kde,80,edge2,intersection_14,False,16,0,16,0.11991886771284042,True
outage_replay_kde,80,edge2,intersection_15,False,16,0,16,0.11683357297442853,True
outage_replay_kde,80,edge2,intersection_16,False,16,0,16,0.05869825510308146,True
outage_replay_kde,80,edge2,intersection_17,False,16,0,16,0.0001872624270617962,True
outage_replay_kde,80,edge2,intersection_18,False,16,0,16,0.06330899591557682,True
outage_replay_kde,80,edge2,intersection_19,False,16,0,16,0.06184717069845647,True
outage_replay_kde,80,edge2,intersection_20,False,16,0,16,0.11248207511380315,True
outage_replay_kde,81,edge0,intersection_00,False,16,0,16,0.0002442586701363325,True
outage_replay_kde,81,edge0,intersection_01,False,16,0,16,0.10829662438482046,True
outage_replay_kde,81,edge0,intersection_02,False,16,0,16,0.060831036418676376,True
outage_replay_kde,81,edge0,intersection_03,False,16,0,16,0.16727368673309684,True
outage_replay_kde,81,edge0,intersection_04,False,16,0,16,0.06024276558309793,True
outage_replay_kde,81,edge0,intersection_05,False,16,0,16,0.00027536810375750065,True
outage_replay_kde,81,edge0,intersection_06,False,16,0,16,0.00016505946405231953,True
outage_replay_kde,81,edge1,intersection_07,False,16,0,16,0.1202538632787764,True
outage_replay_kde,81,edge1,intersection_08,False,16,0,16,0.11944338586181402,True
outage_replay_kde,81,edge1,intersection_09,False,16,0,16,0.059788140235468745,True
outage_replay_kde,81,edge1,intersection_10,False,16,0,16,0.053712939843535416,True
outage_replay_kde,81,edge1,intersection_11,False,16,0,16,0.09076725714839994,True
outage_replay_kde,81,edge1,intersection_12,False,16,0,16,0.11736600124277174,True
outage_replay_kde,81,edge1,intersection_13,False,16,0,16,0.14752005343325433,True
outage_replay_kde,81,edge2,intersection_14,False,16,0,16,0.0002758654300123453,True
outage_replay_kde,81,edge2,intersection_15,False,16,0,16,0.0002406903076916933,True
outage_replay_kde,81,edge2,intersection_16,False,16,0,16,0.11457816744223237,True
outage_replay_kde,81,edge2,intersection_17,False,16,0,16,0.13016550755128264,True
outage_replay_kde,81,edge2,intersection_18,False,16,0,16,0.11924540810286999,True
outage_replay_kde,81,edge2,intersection_19,False,16,0,16,0.0001536982599645853,True
outage_replay_kde,81,edge2,intersection_20,False,16,0,16,0.12878844956867397,True
outage_replay_kde,82,edge0,intersection_00,False,16,0,16,0.15455055888742208,True
outage_replay_kde,82,edge0,intersection_01,False,16,0,16,0.23860908788628876,True
outage_replay_kde,82,edge0,intersection_02,False,16,0,16,0.23454925091937184,True
outage_replay_kde,82,edge0,intersection_03,False,16,0,16,0.11706443899311125,True
outage_replay_kde,82,edge0,intersection_04,False,16,0,16,0.11861794698052108,True
outage_replay_kde,82,edge0,intersection_05,False,16,0,16,0.17841169552411884,True
outage_replay_kde,82,edge0,intersection_06,False,16,0,16,0.06870538834482431,True
outage_replay_kde,82,edge1,intersection_07,False,16,0,16,0.23777898121625185,True
outage_replay_kde,82,edge1,intersection_08,False,16,0,16,0.1786688675638288,True
outage_replay_kde,82,edge1,intersection_09,False,16,0,16,0.058668463956564665,True
outage_replay_kde,82,edge1,intersection_10,False,16,0,16,0.0002551248762756586,True
outage_replay_kde,82,edge1,intersection_11,False,16,0,16,0.06019740737974644,True
outage_replay_kde,82,edge1,intersection_12,False,16,0,16,0.11905587743967772,True
outage_replay_kde,82,edge1,intersection_13,False,16,0,16,0.058706241426989436,True
outage_replay_kde,82,edge2,intersection_14,False,16,0,16,0.06000292394310236,True
outage_replay_kde,82,edge2,intersection_15,False,16,0,16,0.11801954149268568,True
outage_replay_kde,82,edge2,intersection_16,False,16,0,16,0.11818433389998972,True
outage_replay_kde,82,edge2,intersection_17,False,16,0,16,0.11856143618933856,True
outage_replay_kde,82,edge2,intersection_18,False,16,0,16,0.02140549616888165,True
outage_replay_kde,82,edge2,intersection_19,False,16,0,16,0.11985605559311807,True
outage_replay_kde,82,edge2,intersection_20,False,16,0,16,0.053558539599180215,True
outage_replay_kde,83,edge0,intersection_00,False,16,0,16,0.0001526081468909979,True
outage_replay_kde,83,edge0,intersection_01,False,16,0,16,0.010697142221033573,True
outage_replay_kde,83,edge0,intersection_02,False,16,0,16,0.1797634090762585,True
outage_replay_kde,83,edge0,intersection_03,False,16,0,16,0.059696936747059226,True
outage_replay_kde,83,edge0,intersection_04,False,16,0,16,0.06018718495033681,True
outage_replay_kde,83,edge0,intersection_05,False,16,0,16,0.0001908666454255581,True
outage_replay_kde,83,edge0,intersection_06,False,16,0,16,0.1194594488479197,True
outage_replay_kde,83,edge1,intersection_07,False,16,0,16,0.13498511305078864,True
outage_replay_kde,83,edge1,intersection_08,False,16,0,16,0.043209110386669636,True
outage_replay_kde,83,edge1,intersection_09,False,16,0,16,0.08593687694519758,True
outage_replay_kde,83,edge1,intersection_10,False,16,0,16,0.01293293386697769,True
outage_replay_kde,83,edge1,intersection_11,False,16,0,16,0.06003151228651404,True
outage_replay_kde,83,edge1,intersection_12,False,16,0,16,0.05997588997706771,True
outage_replay_kde,83,edge1,intersection_13,False,16,0,16,0.10335294576361775,True
outage_replay_kde,83,edge2,intersection_14,False,16,0,16,0.16374245891347528,True
outage_replay_kde,83,edge2,intersection_15,False,16,0,16,0.06024854793213307,True
outage_replay_kde,83,edge2,intersection_16,False,16,0,16,0.05977055011317134,True
outage_replay_kde,83,edge2,intersection_17,False,16,0,16,0.060231499373912804,True
outage_replay_kde,83,edge2,intersection_18,False,16,0,16,0.06046210380736738,True
outage_replay_kde,83,edge2,intersection_19,False,16,0,16,0.00020615546964108944,True
outage_replay_kde,83,edge2,intersection_20,False,16,0,16,0.024132129037752744,True
outage_replay_kde,84,edge0,intersection_00,False,16,0,16,0.2384150675497949,True
outage_replay_kde,84,edge0,intersection_01,False,16,0,16,0.01935130776837468,True
outage_replay_kde,84,edge0,intersection_02,False,16,0,16,0.17837657290510833,True
outage_replay_kde,84,edge0,intersection_03,False,16,0,16,0.1190375224687159,True
outage_replay_kde,84,edge0,intersection_04,False,16,0,16,0.011845303932204843,True
outage_replay_kde,84,edge0,intersection_05,False,16,0,16,0.23746406682766974,True
outage_replay_kde,84,edge0,intersection_06,False,16,0,16,0.11902160104364157,True
outage_replay_kde,84,edge1,intersection_07,False,16,0,16,0.23869584337808192,True
outage_replay_kde,84,edge1,intersection_08,False,16,0,16,0.00021581933833658695,True
outage_replay_kde,84,edge1,intersection_09,False,16,0,16,0.17624465050175786,True
outage_replay_kde,84,edge1,intersection_10,False,16,0,16,0.05941425450146198,True
outage_replay_kde,84,edge1,intersection_11,False,16,0,16,0.058892444940283895,True
outage_replay_kde,84,edge1,intersection_12,False,16,0,16,0.057917934143915765,True
outage_replay_kde,84,edge1,intersection_13,False,16,0,16,0.048318479908630245,True
outage_replay_kde,84,edge2,intersection_14,False,16,0,16,0.1786730217281729,True
outage_replay_kde,84,edge2,intersection_15,False,16,0,16,0.02194559876807034,True
outage_replay_kde,84,edge2,intersection_16,False,16,0,16,0.0002520384732633829,True
outage_replay_kde,84,edge2,intersection_17,False,16,0,16,0.1331182667054236,True
outage_replay_kde,84,edge2,intersection_18,False,16,0,16,0.05952303553931415,True
outage_replay_kde,84,edge2,intersection_19,False,16,0,16,0.06026029749773442,True
outage_replay_kde,84,edge2,intersection_20,False,16,0,16,0.059938107850030065,True
outage_replay_kde,85,edge0,intersection_00,False,16,0,16,0.17162236548028886,True
outage_replay_kde,85,edge0,intersection_01,False,16,0,16,0.11992278974503279,True
outage_replay_kde,85,edge0,intersection_02,False,16,0,16,0.12025031610392033,True
outage_replay_kde,85,edge0,intersection_03,False,16,0,16,0.290336747886613,True
outage_replay_kde,85,edge0,intersection_04,False,16,0,16,0.15441153524443507,True
outage_replay_kde,85,edge0,intersection_05,False,16,0,16,0.17751899058930576,True
outage_replay_kde,85,edge0,intersection_06,False,16,0,16,0.06127545284107327,True
outage_replay_kde,85,edge1,intersection_07,False,16,0,16,0.08341008028946817,True
outage_replay_kde,85,edge1,intersection_08,False,16,0,16,0.058531543239951134,True
outage_replay_kde,85,edge1,intersection_09,False,16,0,16,0.0602388079278171,True
outage_replay_kde,85,edge1,intersection_10,False,16,0,16,0.11899952264502645,True
outage_replay_kde,85,edge1,intersection_11,False,16,0,16,0.16248470754362643,True
outage_replay_kde,85,edge1,intersection_12,False,16,0,16,0.00019628670997917652,True
outage_replay_kde,85,edge1,intersection_13,False,16,0,16,0.11615385953336954,True
outage_replay_kde,85,edge2,intersection_14,False,16,0,16,0.05996455438435078,True
outage_replay_kde,85,edge2,intersection_15,False,16,0,16,0.2436981494538486,True
outage_replay_kde,85,edge2,intersection_16,False,16,0,16,0.0002819281071424484,True
outage_replay_kde,85,edge2,intersection_17,False,16,0,16,0.17837856989353895,True
outage_replay_kde,85,edge2,intersection_18,False,16,0,16,0.12021918431855737,True
outage_replay_kde,85,edge2,intersection_19,False,16,0,16,0.09677198994904757,True
outage_replay_kde,85,edge2,intersection_20,False,16,0,16,0.057411581743508584,True
outage_replay_kde,86,edge0,intersection_00,False,16,0,16,0.11787310056388378,True
outage_replay_kde,86,edge0,intersection_01,False,16,0,16,0.06886611855588853,True
outage_replay_kde,86,edge0,intersection_02,False,16,0,16,0.09269436821341515,True
outage_replay_kde,86,edge0,intersection_03,False,16,0,16,0.00022992724552750587,True
outage_replay_kde,86,edge0,intersection_04,False,16,0,16,0.1574037275277078,True
outage_replay_kde,86,edge0,intersection_05,False,16,0,16,0.1802488917019218,True
outage_replay_kde,86,edge0,intersection_06,False,16,0,16,0.06012991559691728,True
outage_replay_kde,86,edge1,intersection_07,False,16,0,16,0.00018611480481922626,True
outage_replay_kde,86,edge1,intersection_08,False,16,0,16,0.05966088664717972,True
outage_replay_kde,86,edge1,intersection_09,False,16,0,16,0.17899437109008431,True
outage_replay_kde,86,edge1,intersection_10,False,16,0,16,0.2826310202945024,True
outage_replay_kde,86,edge1,intersection_11,False,16,0,16,0.23723858827725053,True
outage_replay_kde,86,edge1,intersection_12,False,16,0,16,0.1781282143201679,True
outage_replay_kde,86,edge1,intersection_13,False,16,0,16,0.17786048888228834,True
outage_replay_kde,86,edge2,intersection_14,False,16,0,16,0.11872334289364515,True
outage_replay_kde,86,edge2,intersection_15,False,16,0,16,0.00018690642900764942,True
outage_replay_kde,86,edge2,intersection_16,False,16,0,16,0.06024618376977741,True
outage_replay_kde,86,edge2,intersection_17,False,16,0,16,0.17650725413113832,True
outage_replay_kde,86,edge2,intersection_18,False,16,0,16,0.08175120363011956,True
outage_replay_kde,86,edge2,intersection_19,False,16,0,16,0.06873492430895567,True
outage_replay_kde,86,edge2,intersection_20,False,16,0,16,0.0735313007608056,True
outage_replay_kde,87,edge0,intersection_00,False,16,0,16,0.06005682051181793,True
outage_replay_kde,87,edge0,intersection_01,False,16,0,16,0.11909620952792466,True
outage_replay_kde,87,edge0,intersection_02,False,16,0,16,0.00024091731756925583,True
outage_replay_kde,87,edge0,intersection_03,False,16,0,16,0.010925455717369912,True
outage_replay_kde,87,edge0,intersection_04,False,16,0,16,0.11985235218890011,True
outage_replay_kde,87,edge0,intersection_05,False,16,0,16,0.16181189334020019,True
outage_replay_kde,87,edge0,intersection_06,False,16,0,16,0.13216162589378655,True
outage_replay_kde,87,edge1,intersection_07,False,16,0,16,0.11920536146499217,True
outage_replay_kde,87,edge1,intersection_08,False,16,0,16,0.00020074564963579178,True
outage_replay_kde,87,edge1,intersection_09,False,16,0,16,0.15589437610469759,True
outage_replay_kde,87,edge1,intersection_10,False,16,0,16,0.1172427877318114,True
outage_replay_kde,87,edge1,intersection_11,False,16,0,16,0.02647233847528696,True
outage_replay_kde,87,edge1,intersection_12,False,16,0,16,0.06024486990645527,True
outage_replay_kde,87,edge1,intersection_13,False,16,0,16,0.2376115487422794,True
outage_replay_kde,87,edge2,intersection_14,False,16,0,16,0.24709167168475688,True
outage_replay_kde,87,edge2,intersection_15,False,16,0,16,0.05747083807364107,True
outage_replay_kde,87,edge2,intersection_16,False,16,0,16,0.060216190991923206,True
outage_replay_kde,87,edge2,intersection_17,False,16,0,16,0.2373842177912593,True
outage_replay_kde,87,edge2,intersection_18,False,16,0,16,0.1196859935298562,True
outage_replay_kde,87,edge2,intersection_19,False,16,0,16,0.059731144458055496,True
outage_replay_kde,87,edge2,intersection_20,False,16,0,16,0.234812056645751,True
outage_replay_kde,88,edge0,intersection_00,False,16,0,16,0.11095835920423269,True
outage_replay_kde,88,edge0,intersection_01,False,16,0,16,0.10274536837823689,True
outage_replay_kde,88,edge0,intersection_02,False,16,0,16,0.2243175357580185,True
outage_replay_kde,88,edge0,intersection_03,False,16,0,16,0.12941598962061107,True
outage_replay_kde,88,edge0,intersection_04,False,16,0,16,0.11886267876252532,True
outage_replay_kde,88,edge0,intersection_05,False,16,0,16,0.06018892605789005,True
outage_replay_kde,88,edge0,intersection_06,False,16,0,16,0.1773454926442355,True
outage_replay_kde,88,edge1,intersection_07,False,16,0,16,0.11924557341262698,True
outage_replay_kde,88,edge1,intersection_08,False,16,0,16,0.10428935056552291,True
outage_replay_kde,88,edge1,intersection_09,False,16,0,16,0.058439671294763684,True
outage_replay_kde,88,edge1,intersection_10,False,16,0,16,0.03447021939791739,True
outage_replay_kde,88,edge1,intersection_11,False,16,0,16,0.015180408256128429,True
outage_replay_kde,88,edge1,intersection_12,False,16,0,16,0.11905679269693792,True
outage_replay_kde,88,edge1,intersection_13,False,16,0,16,0.00021318369545042515,True
outage_replay_kde,88,edge2,intersection_14,False,16,0,16,0.02174382284283638,True
outage_replay_kde,88,edge2,intersection_15,False,16,0,16,0.060252435738220804,True
outage_replay_kde,88,edge2,intersection_16,False,16,0,16,0.2038666398730129,True
outage_replay_kde,88,edge2,intersection_17,False,16,0,16,0.17950603959616274,True
outage_replay_kde,88,edge2,intersection_18,False,16,0,16,0.005823021987453104,True
outage_replay_kde,88,edge2,intersection_19,False,16,0,16,0.05945452162995934,True
outage_replay_kde,88,edge2,intersection_20,False,16,0,16,0.0002258792519569397,True
outage_replay_kde,89,edge0,intersection_00,False,16,0,16,0.06025518826209008,True
outage_replay_kde,89,edge0,intersection_01,False,16,0,16,0.05962748406454921,True
outage_replay_kde,89,edge0,intersection_02,False,16,0,16,0.25041591585613787,True
outage_replay_kde,89,edge0,intersection_03,False,16,0,16,0.0599885145202279,True
outage_replay_kde,89,edge0,intersection_04,False,16,0,16,0.12020414369180797,True
outage_replay_kde,89,edge0,intersection_05,False,16,0,16,0.10975278378464282,True
outage_replay_kde,89,edge0,intersection_06,False,16,0,16,0.05977545096538961,True
outage_replay_kde,89,edge1,intersection_07,False,16,0,16,0.0585601725615561,True
outage_replay_kde,89,edge1,intersection_08,False,16,0,16,0.05942239868454636,True
outage_replay_kde,89,edge1,intersection_09,False,16,0,16,0.011891906149685381,True
outage_replay_kde,89,edge1,intersection_10,False,16,0,16,0.11743510188534856,True
outage_replay_kde,89,edge1,intersection_11,False,16,0,16,0.06018181797116994,True
outage_replay_kde,89,edge1,intersection_12,False,16,0,16,0.17781137698329985,True
outage_replay_kde,89,edge1,intersection_13,False,16,0,16,0.17556701553985476,True
outage_replay_kde,89,edge2,intersection_14,False,16,0,16,0.11872410285286605,True
outage_replay_kde,89,edge2,intersection_15,False,16,0,16,0.0012808449100703,True
outage_replay_kde,89,edge2,intersection_16,False,16,0,16,0.0775118253659457,True
outage_replay_kde,89,edge2,intersection_17,False,16,0,16,0.05838225688785315,True
outage_replay_kde,89,edge2,intersection_18,False,16,0,16,0.05964928469620645,True
outage_replay_kde,89,edge2,intersection_19,False,16,0,16,0.05952351074665784,True
outage_replay_kde,89,edge2,intersection_20,False,16,0,16,0.17652371642179787,True
outage_replay_kde,90,edge0,intersection_00,False,16,0,16,0.024122748756781217,True
outage_replay_kde,90,edge0,intersection_01,False,16,0,16,0.0586735806427896,True
outage_replay_kde,90,edge0,intersection_02,False,16,0,16,0.05984980543144048,True
outage_replay_kde,90,edge0,intersection_03,False,16,0,16,0.07499335194006562,True
outage_replay_kde,90,edge0,intersection_04,False,16,0,16,0.29576636967249215,True
outage_replay_kde,90,edge0,intersection_05,False,16,0,16,0.1951277395710349,True
outage_replay_kde,90,edge0,intersection_06,False,16,0,16,0.13032149383798242,True
outage_replay_kde,90,edge1,intersection_07,False,16,0,16,0.1447492770384997,True
outage_replay_kde,90,edge1,intersection_08,False,16,0,16,0.09052034630440176,True
outage_replay_kde,90,edge1,intersection_09,False,16,0,16,0.0002227716613560915,True
outage_replay_kde,90,edge1,intersection_10,False,16,0,16,0.11930020595900714,True
outage_replay_kde,90,edge1,intersection_11,False,16,0,16,0.11932676937431096,True
outage_replay_kde,90,edge1,intersection_12,False,16,0,16,0.000151920598000288,True
outage_replay_kde,90,edge1,intersection_13,False,16,0,16,0.12020529666915535,True
outage_replay_kde,90,edge2,intersection_14,False,16,0,16,0.07942324737086891,True
outage_replay_kde,90,edge2,intersection_15,False,16,0,16,0.29197050421498716,True
outage_replay_kde,90,edge2,intersection_16,False,16,0,16,0.11688889539800583,True
outage_replay_kde,90,edge2,intersection_17,False,16,0,16,0.00013537611812353134,True
outage_replay_kde,90,edge2,intersection_18,False,16,0,16,0.010673715732991695,True
outage_replay_kde,90,edge2,intersection_19,False,16,0,16,0.11783190187998116,True
outage_replay_kde,90,edge2,intersection_20,False,16,0,16,0.18001095321960747,True
outage_replay_kde,91,edge0,intersection_00,False,16,0,16,0.11918986774981022,True
outage_replay_kde,91,edge0,intersection_01,False,16,0,16,0.11813810584135354,True
outage_replay_kde,91,edge0,intersection_02,False,16,0,16,0.06015217630192637,True
outage_replay_kde,91,edge0,intersection_03,False,16,0,16,0.00020774244330823421,True
outage_replay_kde,91,edge0,intersection_04,False,16,0,16,0.05781744071282446,True
outage_replay_kde,91,edge0,intersection_05,False,16,0,16,0.14750207855831832,True
outage_replay_kde,91,edge0,intersection_06,False,16,0,16,0.06009723246097565,True
outage_replay_kde,91,edge1,intersection_07,False,16,0,16,0.06000080774538219,True
outage_replay_kde,91,edge1,intersection_08,False,16,0,16,0.00017950660549104214,True
outage_replay_kde,91,edge1,intersection_09,False,16,0,16,0.11865134653635323,True
outage_replay_kde,91,edge1,intersection_10,False,16,0,16,0.06014053709805012,True
outage_replay_kde,91,edge1,intersection_11,False,16,0,16,0.13750535645522177,True
outage_replay_kde,91,edge1,intersection_12,False,16,0,16,0.2136381254531443,True
outage_replay_kde,91,edge1,intersection_13,False,16,0,16,0.006363471504300834,True
outage_replay_kde,91,edge2,intersection_14,False,16,0,16,0.019942088052630424,True
outage_replay_kde,91,edge2,intersection_15,False,16,0,16,0.05698263179510832,True
outage_replay_kde,91,edge2,intersection_16,False,16,0,16,0.17798850173130631,True
outage_replay_kde,91,edge2,intersection_17,False,16,0,16,0.11966779455542564,True
outage_replay_kde,91,edge2,intersection_18,False,16,0,16,0.1765895327553153,True
outage_replay_kde,91,edge2,intersection_19,False,16,0,16,0.1442291170824319,True
outage_replay_kde,91,edge2,intersection_20,False,16,0,16,0.00028019538149237633,True
outage_replay_kde,92,edge0,intersection_00,False,16,0,16,0.06018006731756031,True
outage_replay_kde,92,edge0,intersection_01,False,16,0,16,0.014980833278968929,True
outage_replay_kde,92,edge0,intersection_02,False,16,0,16,0.15164247388020158,True
outage_replay_kde,92,edge0,intersection_03,False,16,0,16,0.17345889122225344,True
outage_replay_kde,92,edge0,intersection_04,False,16,0,16,0.29364425665698946,True
outage_replay_kde,92,edge0,intersection_05,False,16,0,16,0.01800677296705544,True
outage_replay_kde,92,edge0,intersection_06,False,16,0,16,0.06875056563876569,True
outage_replay_kde,92,edge1,intersection_07,False,16,0,16,0.14982082042843103,True
outage_replay_kde,92,edge1,intersection_08,False,16,0,16,0.00020022038370370865,True
outage_replay_kde,92,edge1,intersection_09,False,16,0,16,0.0601950199343264,True
outage_replay_kde,92,edge1,intersection_10,False,16,0,16,0.23634148528799415,True
outage_replay_kde,92,edge1,intersection_11,False,16,0,16,0.17772395396605134,True
outage_replay_kde,92,edge1,intersection_12,False,16,0,16,0.1774655373301357,True
outage_replay_kde,92,edge1,intersection_13,False,16,0,16,0.007616511778905988,True
outage_replay_kde,92,edge2,intersection_14,False,16,0,16,0.060279639903455966,True
outage_replay_kde,92,edge2,intersection_15,False,16,0,16,0.17867240705527365,True
outage_replay_kde,92,edge2,intersection_16,False,16,0,16,0.05976622854359448,True
outage_replay_kde,92,edge2,intersection_17,False,16,0,16,0.0002415559720247984,True
outage_replay_kde,92,edge2,intersection_18,False,16,0,16,0.11958022974431515,True
outage_replay_kde,92,edge2,intersection_19,False,16,0,16,0.11666957591660321,True
outage_replay_kde,92,edge2,intersection_20,False,16,0,16,0.17999544623307884,True
outage_replay_kde,93,edge0,intersection_00,False,16,0,16,0.05949866701848805,True
outage_replay_kde,93,edge0,intersection_01,False,16,0,16,0.0734999964479357,True
outage_replay_kde,93,edge0,intersection_02,False,16,0,16,0.1455301488749683,True
outage_replay_kde,93,edge0,intersection_03,False,16,0,16,0.06020879372954368,True
outage_replay_kde,93,edge0,intersection_04,False,16,0,16,0.0002276669256389141,True
outage_replay_kde,93,edge0,intersection_05,False,16,0,16,0.1910594895016402,True
outage_replay_kde,93,edge0,intersection_06,False,16,0,16,0.23260575160384178,True
outage_replay_kde,93,edge1,intersection_07,False,16,0,16,0.22722280421294272,True
outage_replay_kde,93,edge1,intersection_08,False,16,0,16,0.18490680656395853,True
outage_replay_kde,93,edge1,intersection_09,False,16,0,16,0.13372194464318454,True
outage_replay_kde,93,edge1,intersection_10,False,16,0,16,0.00025109993293881416,True
outage_replay_kde,93,edge1,intersection_11,False,16,0,16,0.060221594059839845,True
outage_replay_kde,93,edge1,intersection_12,False,16,0,16,0.16310374857857823,True
outage_replay_kde,93,edge1,intersection_13,False,16,0,16,0.23861345113255084,True
outage_replay_kde,93,edge2,intersection_14,False,16,0,16,0.11707150377333163,True
outage_replay_kde,93,edge2,intersection_15,False,16,0,16,0.053613042924553156,True
outage_replay_kde,93,edge2,intersection_16,False,16,0,16,0.1761672634165734,True
outage_replay_kde,93,edge2,intersection_17,False,16,0,16,0.019536793930456042,True
outage_replay_kde,93,edge2,intersection_18,False,16,0,16,0.1785363000817597,True
outage_replay_kde,93,edge2,intersection_19,False,16,0,16,0.08210403774864972,True
outage_replay_kde,93,edge2,intersection_20,False,16,0,16,0.11784352036193013,True
outage_replay_kde,94,edge0,intersection_00,False,16,0,16,0.00023647164925932884,True
outage_replay_kde,94,edge0,intersection_01,False,16,0,16,0.0594939817674458,True
outage_replay_kde,94,edge0,intersection_02,False,16,0,16,0.060017094016075134,True
outage_replay_kde,94,edge0,intersection_03,False,16,0,16,0.2078450578264892,True
outage_replay_kde,94,edge0,intersection_04,False,16,0,16,0.14953569835051894,True
outage_replay_kde,94,edge0,intersection_05,False,16,0,16,0.06399515271186829,True
outage_replay_kde,94,edge0,intersection_06,False,16,0,16,0.060252959607169025,True
outage_replay_kde,94,edge1,intersection_07,False,16,0,16,0.0002464835997670889,True
outage_replay_kde,94,edge1,intersection_08,False,16,0,16,0.17590609844774008,True
outage_replay_kde,94,edge1,intersection_09,False,16,0,16,0.11689643142744899,True
outage_replay_kde,94,edge1,intersection_10,False,16,0,16,0.00022298726253211498,True
outage_replay_kde,94,edge1,intersection_11,False,16,0,16,0.00019338843412697315,True
outage_replay_kde,94,edge1,intersection_12,False,16,0,16,0.05929796025156975,True
outage_replay_kde,94,edge1,intersection_13,False,16,0,16,0.00021358137018978596,True
outage_replay_kde,94,edge2,intersection_14,False,16,0,16,0.1791392982704565,True
outage_replay_kde,94,edge2,intersection_15,False,16,0,16,0.058890719432383776,True
outage_replay_kde,94,edge2,intersection_16,False,16,0,16,0.11926901480183005,True
outage_replay_kde,94,edge2,intersection_17,False,16,0,16,0.2546498109586537,True
outage_replay_kde,94,edge2,intersection_18,False,16,0,16,0.11761395959183574,True
outage_replay_kde,94,edge2,intersection_19,False,16,0,16,0.059924612287431955,True
outage_replay_kde,94,edge2,intersection_20,False,16,0,16,0.00018797884695231915,True
outage_replay_kde,95,edge0,intersection_00,False,16,0,16,0.05125300679355859,True
outage_replay_kde,95,edge0,intersection_01,False,16,0,16,0.15054648974910378,True
outage_replay_kde,95,edge0,intersection_02,False,16,0,16,0.060229151276871555,True
outage_replay_kde,95,edge0,intersection_03,False,16,0,16,0.16489518666639924,True
outage_replay_kde,95,edge0,intersection_04,False,16,0,16,0.19974594609811902,True
outage_replay_kde,95,edge0,intersection_05,False,16,0,16,0.057986469473689795,True
outage_replay_kde,95,edge0,intersection_06,False,16,0,16,0.07328644650988281,True
outage_replay_kde,95,edge1,intersection_07,False,16,0,16,0.042581242276355624,True
outage_replay_kde,95,edge1,intersection_08,False,16,0,16,0.0002254436258226633,True
outage_replay_kde,95,edge1,intersection_09,False,16,0,16,0.006854764185845852,True
outage_replay_kde,95,edge1,intersection_10,False,16,0,16,0.11946769058704376,True
outage_replay_kde,95,edge1,intersection_11,False,16,0,16,0.17937831114977598,True
outage_replay_kde,95,edge1,intersection_12,False,16,0,16,0.06017358694225549,True
outage_replay_kde,95,edge1,intersection_13,False,16,0,16,0.12747931759804487,True
outage_replay_kde,95,edge2,intersection_14,False,16,0,16,0.17677019606344402,True
outage_replay_kde,95,edge2,intersection_15,False,16,0,16,0.11971313646063209,True
outage_replay_kde,95,edge2,intersection_16,False,16,0,16,0.05710443458519876,True
outage_replay_kde,95,edge2,intersection_17,False,16,0,16,0.23570234049111605,True
outage_replay_kde,95,edge2,intersection_18,False,16,0,16,0.10598206031136216,True
outage_replay_kde,95,edge2,intersection_19,False,16,0,16,0.11723212315700948,True
outage_replay_kde,95,edge2,intersection_20,False,16,0,16,0.11391727486625314,True
outage_replay_kde,96,edge0,intersection_00,False,16,0,16,0.08829639153555036,True
outage_replay_kde,96,edge0,intersection_01,False,16,0,16,0.06010818667709828,True
outage_replay_kde,96,edge0,intersection_02,False,16,0,16,0.1790479440242052,True
outage_replay_kde,96,edge0,intersection_03,False,16,0,16,0.1187878290656954,True
outage_replay_kde,96,edge0,intersection_04,False,16,0,16,0.22390144737437367,True
outage_replay_kde,96,edge0,intersection_05,False,16,0,16,0.11781680397689342,True
outage_replay_kde,96,edge0,intersection_06,False,16,0,16,0.11926874844357371,True
outage_replay_kde,96,edge1,intersection_07,False,16,0,16,0.00022456608712673187,True
outage_replay_kde,96,edge1,intersection_08,False,16,0,16,0.17920834082178771,True
outage_replay_kde,96,edge1,intersection_09,False,16,0,16,0.058266763808205724,True
outage_replay_kde,96,edge1,intersection_10,False,16,0,16,0.00021539884619414806,True
outage_replay_kde,96,edge1,intersection_11,False,16,0,16,0.00022790697403252125,True
outage_replay_kde,96,edge1,intersection_12,False,16,0,16,0.05971285747364163,True
outage_replay_kde,96,edge1,intersection_13,False,16,0,16,0.17824478540569544,True
outage_replay_kde,96,edge2,intersection_14,False,16,0,16,0.08885694621130824,True
outage_replay_kde,96,edge2,intersection_15,False,16,0,16,0.1654984261840582,True
outage_replay_kde,96,edge2,intersection_16,False,16,0,16,0.0015477272681891918,True
outage_replay_kde,96,edge2,intersection_17,False,16,0,16,0.06013381644152105,True
outage_replay_kde,96,edge2,intersection_18,False,16,0,16,0.05979332304559648,True
outage_replay_kde,96,edge2,intersection_19,False,16,0,16,0.2378548088017851,True
outage_replay_kde,96,edge2,intersection_20,False,16,0,16,0.09036269737407565,True
outage_replay_kde,97,edge0,intersection_00,False,16,0,16,0.05921433959156275,True
outage_replay_kde,97,edge0,intersection_01,False,16,0,16,0.12016198574565351,True
outage_replay_kde,97,edge0,intersection_02,False,16,0,16,0.05882357317022979,True
outage_replay_kde,97,edge0,intersection_03,False,16,0,16,0.05985013768076897,True
outage_replay_kde,97,edge0,intersection_04,False,16,0,16,0.11889661941677332,True
outage_replay_kde,97,edge0,intersection_05,False,16,0,16,0.17336488119326532,True
outage_replay_kde,97,edge0,intersection_06,False,16,0,16,0.058984310599043965,True
outage_replay_kde,97,edge1,intersection_07,False,16,0,16,0.11901293275877833,True
outage_replay_kde,97,edge1,intersection_08,False,16,0,16,0.12020486849360167,True
outage_replay_kde,97,edge1,intersection_09,False,16,0,16,0.11980547849088906,True
outage_replay_kde,97,edge1,intersection_10,False,16,0,16,0.00024816044606268406,True
outage_replay_kde,97,edge1,intersection_11,False,16,0,16,0.05923122703097761,True
outage_replay_kde,97,edge1,intersection_12,False,16,0,16,0.17525308695621789,True
outage_replay_kde,97,edge1,intersection_13,False,16,0,16,0.00022018654271960258,True
outage_replay_kde,97,edge2,intersection_14,False,16,0,16,0.05624944588635117,True
outage_replay_kde,97,edge2,intersection_15,False,16,0,16,0.07522946991957724,True
outage_replay_kde,97,edge2,intersection_16,False,16,0,16,0.11803774395957589,True
outage_replay_kde,97,edge2,intersection_17,False,16,0,16,0.1004938364494592,True
outage_replay_kde,97,edge2,intersection_18,False,16,0,16,0.059644671622663736,True
outage_replay_kde,97,edge2,intersection_19,False,16,0,16,0.0002132116351276636,True
outage_replay_kde,97,edge2,intersection_20,False,16,0,16,0.297708268975839,True
outage_replay_kde,98,edge0,intersection_00,False,16,0,16,0.11951097450219095,True
outage_replay_kde,98,edge0,intersection_01,False,16,0,16,0.00016456260345876217,True
outage_replay_kde,98,edge0,intersection_02,False,16,0,16,0.11915911920368671,True
outage_replay_kde,98,edge0,intersection_03,False,16,0,16,0.060049764811992645,True
outage_replay_kde,98,edge0,intersection_04,False,16,0,16,0.11863901512697339,True
outage_replay_kde,98,edge0,intersection_05,False,16,0,16,0.05909277242608368,True
outage_replay_kde,98,edge0,intersection_06,False,16,0,16,0.05916547030210495,True
outage_replay_kde,98,edge1,intersection_07,False,16,0,16,0.060309381224215024,True
outage_replay_kde,98,edge1,intersection_08,False,16,0,16,0.021592698525637388,True
outage_replay_kde,98,edge1,intersection_09,False,16,0,16,0.06020538671873509,True
outage_replay_kde,98,edge1,intersection_10,False,16,0,16,0.11969735543243586,True
outage_replay_kde,98,edge1,intersection_11,False,16,0,16,0.06019753101281821,True
outage_replay_kde,98,edge1,intersection_12,False,16,0,16,0.0001721277367323637,True
outage_replay_kde,98,edge1,intersection_13,False,16,0,16,0.05590871139429509,True
outage_replay_kde,98,edge2,intersection_14,False,16,0,16,0.11940221604891121,True
outage_replay_kde,98,edge2,intersection_15,False,16,0,16,0.00019850349053740501,True
outage_replay_kde,98,edge2,intersection_16,False,16,0,16,0.00025526294484734535,True
outage_replay_kde,98,edge2,intersection_17,False,16,0,16,0.00023655733093619347,True
outage_replay_kde,98,edge2,intersection_18,False,16,0,16,0.2425998670514673,True
outage_replay_kde,98,edge2,intersection_19,False,16,0,16,0.12010428495705128,True
outage_replay_kde,98,edge2,intersection_20,False,16,0,16,0.06002276809886098,True
outage_replay_kde,99,edge0,intersection_00,False,16,0,16,0.05891938507556915,True
outage_replay_kde,99,edge0,intersection_01,False,16,0,16,0.00026308163069188595,True
outage_replay_kde,99,edge0,intersection_02,False,16,0,16,0.12025592755526303,True
outage_replay_kde,99,edge0,intersection_03,False,16,0,16,0.2142233878839761,True
outage_replay_kde,99,edge0,intersection_04,False,16,0,16,0.058496518526226275,True
outage_replay_kde,99,edge0,intersection_05,False,16,0,16,0.06027772673405706,True
outage_replay_kde,99,edge0,intersection_06,False,16,0,16,0.060291337314993136,True
outage_replay_kde,99,edge1,intersection_07,False,16,0,16,0.05908896005712449,True
outage_replay_kde,99,edge1,intersection_08,False,16,0,16,0.23781264200806618,True
outage_replay_kde,99,edge1,intersection_09,False,16,0,16,0.11822964553721249,True
outage_replay_kde,99,edge1,intersection_10,False,16,0,16,0.13979908172041178,True
outage_replay_kde,99,edge1,intersection_11,False,16,0,16,0.17221314413473007,True
outage_replay_kde,99,edge1,intersection_12,False,16,0,16,0.06020551384426653,True
outage_replay_kde,99,edge1,intersection_13,False,16,0,16,0.06015729182399809,True
outage_replay_kde,99,edge2,intersection_14,False,16,0,16,0.0001882738433778286,True
outage_replay_kde,99,edge2,intersection_15,False,16,0,16,0.0002745341043919325,True
outage_replay_kde,99,edge2,intersection_16,False,16,0,16,0.05944834789261222,True
outage_replay_kde,99,edge2,intersection_17,False,16,0,16,0.13952246261760592,True
outage_replay_kde,99,edge2,intersection_18,False,16,0,16,0.11565462010912597,True
outage_replay_kde,99,edge2,intersection_19,False,16,0,16,0.05837439512833953,True
outage_replay_kde,99,edge2,intersection_20,False,16,0,16,0.17923808959312737,True
outage_replay_kde,100,edge0,intersection_00,False,16,0,16,0.11730282939970493,True
outage_replay_kde,100,edge0,intersection_01,False,16,0,16,0.3510284135118127,True
outage_replay_kde,100,edge0,intersection_02,False,16,0,16,0.05967381643131375,True
outage_replay_kde,100,edge0,intersection_03,False,16,0,16,0.05321345943957567,True
outage_replay_kde,100,edge0,intersection_04,False,16,0,16,0.0002236494328826666,True
outage_replay_kde,100,edge0,intersection_05,False,16,0,16,0.05978491785936057,True
outage_replay_kde,100,edge0,intersection_06,False,16,0,16,0.17925112461671233,True
outage_replay_kde,100,edge1,intersection_07,False,16,0,16,0.1194028896279633,True
outage_replay_kde,100,edge1,intersection_08,False,16,0,16,0.11843461217358708,True
outage_replay_kde,100,edge1,intersection_09,False,16,0,16,0.11979362601414323,True
outage_replay_kde,100,edge1,intersection_10,False,16,0,16,0.03216719115152955,True
outage_replay_kde,100,edge1,intersection_11,False,16,0,16,0.23810820560902357,True
outage_replay_kde,100,edge1,intersection_12,False,16,0,16,0.17908394197002053,True
outage_replay_kde,100,edge1,intersection_13,False,16,0,16,0.05744543974287808,True
outage_replay_kde,100,edge2,intersection_14,False,16,0,16,0.18016521260142326,True
outage_replay_kde,100,edge2,intersection_15,False,16,0,16,0.005763112101703882,True
outage_replay_kde,100,edge2,intersection_16,False,16,0,16,0.058905691374093294,True
outage_replay_kde,100,edge2,intersection_17,False,16,0,16,0.17286835401318967,True
outage_replay_kde,100,edge2,intersection_18,False,16,0,16,0.14881907030940056,True
outage_replay_kde,100,edge2,intersection_19,False,16,0,16,0.17985734250396487,True
outage_replay_kde,100,edge2,intersection_20,False,16,0,16,0.23832636256702244,True
