scenario,round,edge_id,sensor_id,outage_active,live_samples,fallback_samples,samples_received,queue_fill_seconds,queue_fill_complete
outage_no_fallback,1,edge0,intersection_00,False,16,0,16,0.04534312733449042,True
outage_no_fallback,1,edge0,intersection_01,False,16,0,16,0.1505816224962473,True
outage_no_fallback,1,edge0,intersection_02,False,16,0,16,0.05868595442734659,True
outage_no_fallback,1,edge0,intersection_03,False,16,0,16,0.1197182259056717,True
outage_no_fallback,1,edge0,intersection_04,False,16,0,16,0.06257261475548148,True
outage_no_fallback,1,edge0,intersection_05,False,16,0,16,0.00018134363926947117,True
outage_no_fallback,1,edge0,intersection_06,False,16,0,16,0.17780706891790032,True
outage_no_fallback,1,edge1,intersection_07,False,16,0,16,0.060190760297700756,True
outage_no_fallback,1,edge1,intersection_08,False,16,0,16,0.05927335983142257,True
outage_no_fallback,1,edge1,intersection_09,False,16,0,16,0.03140449780039489,True
outage_no_fallback,1,edge1,intersection_10,False,16,0,16,0.07463429239578545,True
outage_no_fallback,1,edge1,intersection_11,False,16,0,16,0.12024843646213411,True
outage_no_fallback,1,edge1,intersection_12,False,16,0,16,0.00013931002467870712,True
outage_no_fallback,1,edge1,intersection_13,False,16,0,16,0.23855669633485377,True
outage_no_fallback,1,edge2,intersection_14,False,16,0,16,0.17582323285751045,True
outage_no_fallback,1,edge2,intersection_15,False,16,0,16,0.10833844006992877,True
outage_no_fallback,1,edge2,intersection_16,False,16,0,16,0.17812373023480177,True
outage_no_fallback,1,edge2,intersection_17,False,16,0,16,0.059619113337248564,True
outage_no_fallback,1,edge2,intersection_18,False,16,0,16,0.059215347515419126,True
outage_no_fallback,1,edge2,intersection_19,False,16,0,16,0.15753587940707803,True
outage_no_fallback,1,edge2,intersection_20,False,16,0,16,0.05923173460178077,True
outage_no_fallback,2,edge0,intersection_00,False,16,0,16,0.00017397943884134293,True
outage_no_fallback,2,edge0,intersection_01,False,16,0,16,0.15346503094770014,True
outage_no_fallback,2,edge0,intersection_02,False,16,0,16,0.05930954171344638,True
outage_no_fallback,2,edge0,intersection_03,False,16,0,16,0.1194476776290685,True
outage_no_fallback,2,edge0,intersection_04,False,16,0,16,0.050906555727124214,True
outage_no_fallback,2,edge0,intersection_05,False,16,0,16,0.05921971285715699,True
outage_no_fallback,2,edge0,intersection_06,False,16,0,16,0.0001740597654134035,True
outage_no_fallback,2,edge1,intersection_07,False,16,0,16,0.0002387072890996933,True
outage_no_fallback,2,edge1,intersection_08,False,16,0,16,0.05990376253612339,True
outage_no_fallback,2,edge1,intersection_09,False,16,0,16,0.059384884778410196,True
outage_no_fallback,2,edge1,intersection_10,False,16,0,16,0.060033221961930394,True
outage_no_fallback,2,edge1,intersection_11,False,16,0,16,0.2350778947584331,True
outage_no_fallback,2,edge1,intersection_12,False,16,0,16,0.17643287032842636,True
outage_no_fallback,2,edge1,intersection_13,False,16,0,16,0.05968093569390476,True
outage_no_fallback,2,edge2,intersection_14,False,16,0,16,0.06024436047300696,True
outage_no_fallback,2,edge2,intersection_15,False,16,0,16,0.12938116840086877,True
outage_no_fallback,2,edge2,intersection_16,False,16,0,16,0.17856597481295466,True
outage_no_fallback,2,edge2,intersection_17,False,16,0,16,0.00022779591381549835,True
outage_no_fallback,2,edge2,intersection_18,False,16,0,16,0.0575962990988046,True
outage_no_fallback,2,edge2,intersection_19,False,16,0,16,0.17845324170775712,True
outage_no_fallback,2,edge2,intersection_20,False,16,0,16,0.029849122976884242,True
outage_no_fallback,3,edge0,intersection_00,False,16,0,16,0.05997126316651702,True
outage_no_fallback,3,edge0,intersection_01,False,16,0,16,0.05973817384801805,True
outage_no_fallback,3,edge0,intersection_02,False,16,0,16,0.11839064978994429,True
outage_no_fallback,3,edge0,intersection_03,False,16,0,16,0.00023145275190472603,True
outage_no_fallback,3,edge0,intersection_04,False,16,0,16,0.05936676636338233,True
outage_no_fallback,3,edge0,intersection_05,False,16,0,16,0.060232907067984336,True
outage_no_fallback,3,edge0,intersection_06,False,16,0,16,0.05930423690006137,True
outage_no_fallback,3,edge1,intersection_07,False,16,0,16,0.06017597089521586,True
outage_no_fallback,3,edge1,intersection_08,False,16,0,16,0.00021654576994478703,True
outage_no_fallback,3,edge1,intersection_09,False,16,0,16,0.0001898889895528555,True
outage_no_fallback,3,edge1,intersection_10,False,16,0,16,0.13631450477987528,True
outage_no_fallback,3,edge1,intersection_11,False,16,0,16,0.05895288498140871,True
outage_no_fallback,3,edge1,intersection_12,False,16,0,16,0.06000335328280926,True
outage_no_fallback,3,edge1,intersection_13,False,16,0,16,0.11861409340053797,True
outage_no_fallback,3,edge2,intersection_14,False,16,0,16,0.05572540150023997,True
outage_no_fallback,3,edge2,intersection_15,False,16,0,16,0.05948415072634816,True
outage_no_fallback,3,edge2,intersection_16,False,16,0,16,0.17809767927974463,True
outage_no_fallback,3,edge2,intersection_17,False,16,0,16,0.2041922661010176,True
outage_no_fallback,3,edge2,intersection_18,False,16,0,16,0.07617847761139274,True
outage_no_fallback,3,edge2,intersection_19,False,16,0,16,0.20328517584130168,True
outage_no_fallback,3,edge2,intersection_20,False,16,0,16,0.11942298826761542,True
outage_no_fallback,4,edge0,intersection_00,False,16,0,16,0.1202679385896772,True
outage_no_fallback,4,edge0,intersection_01,False,16,0,16,0.015615617390722035,True
outage_no_fallback,4,edge0,intersection_02,False,16,0,16,0.17809122917242348,True
outage_no_fallback,4,edge0,intersection_03,False,16,0,16,0.0009433886734768747,True
outage_no_fallback,4,edge0,intersection_04,False,16,0,16,0.05973628163337708,True
outage_no_fallback,4,edge0,intersection_05,False,16,0,16,0.002273682970553636,True
outage_no_fallback,4,edge0,intersection_06,False,16,0,16,0.05966397328302265,True
outage_no_fallback,4,edge1,intersection_07,False,16,0,16,0.06277301115915179,True
outage_no_fallback,4,edge1,intersection_08,False,16,0,16,0.060002276673912995,True
outage_no_fallback,4,edge1,intersection_09,False,16,0,16,0.060091436142101884,True
outage_no_fallback,4,edge1,intersection_10,False,16,0,16,0.17301937798038125,True
outage_no_fallback,4,edge1,intersection_11,False,16,0,16,0.11973349959589541,True
outage_no_fallback,4,edge1,intersection_12,False,16,0,16,0.18008328694850206,True
outage_no_fallback,4,edge1,intersection_13,False,16,0,16,0.11940360488370061,True
outage_no_fallback,4,edge2,intersection_14,False,16,0,16,0.1676006990019232,True
outage_no_fallback,4,edge2,intersection_15,False,16,0,16,0.19473312818445265,True
outage_no_fallback,4,edge2,intersection_16,False,16,0,16,0.07414999906904995,True
outage_no_fallback,4,edge2,intersection_17,False,16,0,16,0.1989333680830896,True
outage_no_fallback,4,edge2,intersection_18,False,16,0,16,0.001206252840347588,True
outage_no_fallback,4,edge2,intersection_19,False,16,0,16,0.17606598930433393,True
outage_no_fallback,4,edge2,intersection_20,False,16,0,16,0.12018431769683956,True
outage_no_fallback,5,edge0,intersection_00,False,16,0,16,0.015147746074944733,True
outage_no_fallback,5,edge0,intersection_01,False,16,0,16,0.11729844869114459,True
outage_no_fallback,5,edge0,intersection_02,False,16,0,16,0.11926807998679578,True
outage_no_fallback,5,edge0,intersection_03,False,16,0,16,0.05876746983267367,True
outage_no_fallback,5,edge0,intersection_04,False,16,0,16,0.059446237981319434,True
outage_no_fallback,5,edge0,intersection_05,False,16,0,16,0.00018302816897630692,True
outage_no_fallback,5,edge0,intersection_06,False,16,0,16,0.058885860489681356,True
outage_no_fallback,5,edge1,intersection_07,False,16,0,16,0.3097706539556384,True
outage_no_fallback,5,edge1,intersection_08,False,16,0,16,0.06025243597105145,True
outage_no_fallback,5,edge1,intersection_09,False,16,0,16,0.07017664960585535,True
outage_no_fallback,5,edge1,intersection_10,False,16,0,16,0.11977987363934517,True
outage_no_fallback,5,edge1,intersection_11,False,16,0,16,0.1261218551080674,True
outage_no_fallback,5,edge1,intersection_12,False,16,0,16,0.26456418726593256,True
outage_no_fallback,5,edge1,intersection_13,False,16,0,16,0.1782738226465881,True
outage_no_fallback,5,edge2,intersection_14,False,16,0,16,0.11883563920855522,True
outage_no_fallback,5,edge2,intersection_15,False,16,0,16,0.10041219531558454,True
outage_no_fallback,5,edge2,intersection_16,False,16,0,16,0.05971772316843271,True
outage_no_fallback,5,edge2,intersection_17,False,16,0,16,0.1788576883263886,True
outage_no_fallback,5,edge2,intersection_18,False,16,0,16,0.05911067849956453,True
outage_no_fallback,5,edge2,intersection_19,False,16,0,16,0.1195905280765146,True
outage_no_fallback,5,edge2,intersection_20,False,16,0,16,0.05838206899352372,True
outage_no_fallback,6,edge0,intersection_00,False,16,0,16,0.11835934524424374,True
outage_no_fallback,6,edge0,intersection_01,False,16,0,16,0.1767026362940669,True
outage_no_fallback,6,edge0,intersection_02,False,16,0,16,0.05353813082911074,True
outage_no_fallback,6,edge0,intersection_03,False,16,0,16,0.12022020784206687,True
outage_no_fallback,6,edge0,intersection_04,False,16,0,16,0.11768213310278952,True
outage_no_fallback,6,edge0,intersection_05,False,16,0,16,0.20479783811606467,True
outage_no_fallback,6,edge0,intersection_06,False,16,0,16,0.12141027953475714,True
outage_no_fallback,6,edge1,intersection_07,False,16,0,16,0.24098421493545175,True
outage_no_fallback,6,edge1,intersection_08,False,16,0,16,0.0407119351439178,True
outage_no_fallback,6,edge1,intersection_09,False,16,0,16,0.0002442167606204748,True
outage_no_fallback,6,edge1,intersection_10,False,16,0,16,0.1441996293142438,True
outage_no_fallback,6,edge1,intersection_11,False,16,0,16,0.057507508201524615,True
outage_no_fallback,6,edge1,intersection_12,False,16,0,16,0.00021028798073530197,True
outage_no_fallback,6,edge1,intersection_13,False,16,0,16,0.11852483288384974,True
outage_no_fallback,6,edge2,intersection_14,False,16,0,16,0.11886619031429291,True
outage_no_fallback,6,edge2,intersection_15,False,16,0,16,0.17790856934152544,True
outage_no_fallback,6,edge2,intersection_16,False,16,0,16,0.06022933777421712,True
outage_no_fallback,6,edge2,intersection_17,False,16,0,16,0.16484773135744035,True
outage_no_fallback,6,edge2,intersection_18,False,16,0,16,0.060257925419136875,True
outage_no_fallback,6,edge2,intersection_19,False,16,0,16,0.17531738011166453,True
outage_no_fallback,6,edge2,intersection_20,False,16,0,16,0.00020628748461604118,True
outage_no_fallback,7,edge0,intersection_00,False,16,0,16,0.17760529019869864,True
outage_no_fallback,7,edge0,intersection_01,False,16,0,16,0.059699122328311205,True
outage_no_fallback,7,edge0,intersection_02,False,16,0,16,0.1769315751735121,True
outage_no_fallback,7,edge0,intersection_03,False,16,0,16,0.10245760693214834,True
outage_no_fallback,7,edge0,intersection_04,False,16,0,16,0.07344710081815718,True
outage_no_fallback,7,edge0,intersection_05,False,16,0,16,0.064181785332039,True
outage_no_fallback,7,edge0,intersection_06,False,16,0,16,0.11979978915769607,True
outage_no_fallback,7,edge1,intersection_07,False,16,0,16,0.22568251239135861,True
outage_no_fallback,7,edge1,intersection_08,False,16,0,16,0.06021963665261864,True
outage_no_fallback,7,edge1,intersection_09,False,16,0,16,0.17815498914569616,True
outage_no_fallback,7,edge1,intersection_10,False,16,0,16,0.11752036050893366,True
outage_no_fallback,7,edge1,intersection_11,False,16,0,16,0.18694782257080078,True
outage_no_fallback,7,edge1,intersection_12,False,16,0,16,0.0595465237274766,True
outage_no_fallback,7,edge1,intersection_13,False,16,0,16,0.00025010760873556137,True
outage_no_fallback,7,edge2,intersection_14,False,16,0,16,0.11974683427251875,True
outage_no_fallback,7,edge2,intersection_15,False,16,0,16,0.17428016243502498,True
outage_no_fallback,7,edge2,intersection_16,False,16,0,16,0.002985164988785982,True
outage_no_fallback,7,edge2,intersection_17,False,16,0,16,0.11829541972838342,True
outage_no_fallback,7,edge2,intersection_18,False,16,0,16,0.12011552369222045,True
outage_no_fallback,7,edge2,intersection_19,False,16,0,16,0.11939688352867961,True
outage_no_fallback,7,edge2,intersection_20,False,16,0,16,0.11750420718453825,True
outage_no_fallback,8,edge0,intersection_00,False,16,0,16,0.11789565114304423,True
outage_no_fallback,8,edge0,intersection_01,False,16,0,16,0.057457544375210994,True
outage_no_fallback,8,edge0,intersection_02,False,16,0,16,0.17605466907843947,True
outage_no_fallback,8,edge0,intersection_03,False,16,0,16,0.0002333379816263914,True
outage_no_fallback,8,edge0,intersection_04,False,16,0,16,0.1781368216034025,True
outage_no_fallback,8,edge0,intersection_05,False,16,0,16,0.17502196202985942,True
outage_no_fallback,8,edge0,intersection_06,False,16,0,16,0.17724180780351162,True
outage_no_fallback,8,edge1,intersection_07,False,16,0,16,0.11942742043174803,True
outage_no_fallback,8,edge1,intersection_08,False,16,0,16,0.05950049567036331,True
outage_no_fallback,8,edge1,intersection_09,False,16,0,16,0.060245300875976675,True
outage_no_fallback,8,edge1,intersection_10,False,16,0,16,0.07021253160201013,True
outage_no_fallback,8,edge1,intersection_11,False,16,0,16,0.16544455755501986,True
outage_no_fallback,8,edge1,intersection_12,False,16,0,16,0.25993858580477536,True
outage_no_fallback,8,edge1,intersection_13,False,16,0,16,0.00020280643366277218,True
outage_no_fallback,8,edge2,intersection_14,False,16,0,16,0.07813570322468877,True
outage_no_fallback,8,edge2,intersection_15,False,16,0,16,0.08733624964952469,True
outage_no_fallback,8,edge2,intersection_16,False,16,0,16,0.34288694290444255,True
outage_no_fallback,8,edge2,intersection_17,False,16,0,16,0.13623362104408443,True
outage_no_fallback,8,edge2,intersection_18,False,16,0,16,0.05759259616024792,True
outage_no_fallback,8,edge2,intersection_19,False,16,0,16,0.15165604534558952,True
outage_no_fallback,8,edge2,intersection_20,False,16,0,16,0.06027881568297743,True
outage_no_fallback,9,edge0,intersection_00,False,16,0,16,0.1608617608435452,True
outage_no_fallback,9,edge0,intersection_01,False,16,0,16,0.11846808670088649,True
outage_no_fallback,9,edge0,intersection_02,False,16,0,16,0.0002280606422573328,True
outage_no_fallback,9,edge0,intersection_03,False,16,0,16,0.0003478877479210496,True
outage_no_fallback,9,edge0,intersection_04,False,16,0,16,0.11943772016093135,True
outage_no_fallback,9,edge0,intersection_05,False,16,0,16,0.12009937479160726,True
outage_no_fallback,9,edge0,intersection_06,False,16,0,16,0.1155257700011134,True
outage_no_fallback,9,edge1,intersection_07,False,16,0,16,0.17753953719511628,True
outage_no_fallback,9,edge1,intersection_08,False,16,0,16,0.05907993041910231,True
outage_no_fallback,9,edge1,intersection_09,False,16,0,16,0.07891201809979975,True
outage_no_fallback,9,edge1,intersection_10,False,16,0,16,0.05842289258725941,True
outage_no_fallback,9,edge1,intersection_11,False,16,0,16,0.00020882370881736279,True
outage_no_fallback,9,edge1,intersection_12,False,16,0,16,0.11927400366403162,True
outage_no_fallback,9,edge1,intersection_13,False,16,0,16,0.12000995059497654,True
outage_no_fallback,9,edge2,intersection_14,False,16,0,16,0.23815400409512222,True
outage_no_fallback,9,edge2,intersection_15,False,16,0,16,0.11657059099525213,True
outage_no_fallback,9,edge2,intersection_16,False,16,0,16,0.0001412462443113327,True
outage_no_fallback,9,edge2,intersection_17,False,16,0,16,0.0001581166870892048,True
outage_no_fallback,9,edge2,intersection_18,False,16,0,16,0.2377460398711264,True
outage_no_fallback,9,edge2,intersection_19,False,16,0,16,0.00024563074111938477,True
outage_no_fallback,9,edge2,intersection_20,False,16,0,16,0.059655895922332995,True
outage_no_fallback,10,edge0,intersection_00,False,16,0,16,0.1333877914585173,True
outage_no_fallback,10,edge0,intersection_01,False,16,0,16,0.00019477051682770252,True
outage_no_fallback,10,edge0,intersection_02,False,16,0,16,0.01944883493706584,True
outage_no_fallback,10,edge0,intersection_03,False,16,0,16,0.12026408943347631,True
outage_no_fallback,10,edge0,intersection_04,False,16,0,16,0.0002673680428415537,True
outage_no_fallback,10,edge0,intersection_05,False,16,0,16,0.11922001047059894,True
outage_no_fallback,10,edge0,intersection_06,False,16,0,16,0.346165286609903,True
outage_no_fallback,10,edge1,intersection_07,False,16,0,16,0.07019604882225394,True
outage_no_fallback,10,edge1,intersection_08,False,16,0,16,0.17664478393271565,True
outage_no_fallback,10,edge1,intersection_09,False,16,0,16,0.10216364497318862,True
outage_no_fallback,10,edge1,intersection_10,False,16,0,16,0.0002096397802233696,True
outage_no_fallback,10,edge1,intersection_11,False,16,0,16,0.11943430686369538,True
outage_no_fallback,10,edge1,intersection_12,False,16,0,16,0.1189130877610296,True
outage_no_fallback,10,edge1,intersection_13,False,16,0,16,0.00018020649440586567,True
outage_no_fallback,10,edge2,intersection_14,False,16,0,16,0.059361340012401335,True
outage_no_fallback,10,edge2,intersection_15,False,16,0,16,0.10796201508492231,True
outage_no_fallback,10,edge2,intersection_16,False,16,0,16,0.059688170440495014,True
outage_no_fallback,10,edge2,intersection_17,False,16,0,16,0.06001917319372296,True
outage_no_fallback,10,edge2,intersection_18,False,16,0,16,0.05947358510456979,True
outage_no_fallback,10,edge2,intersection_19,False,16,0,16,0.06003909441642463,True
outage_no_fallback,10,edge2,intersection_20,False,16,0,16,0.058309777639806264,True
outage_no_fallback,11,edge0,intersection_00,False,16,0,16,0.05549228121526539,True
outage_no_fallback,11,edge0,intersection_01,False,16,0,16,0.05979556776583195,True
outage_no_fallback,11,edge0,intersection_02,False,16,0,16,0.2368903944734484,True
outage_no_fallback,11,edge0,intersection_03,False,16,0,16,0.19422649359330535,True
outage_no_fallback,11,edge0,intersection_04,False,16,0,16,0.05922346538864076,True
outage_no_fallback,11,edge0,intersection_05,False,16,0,16,0.08316379529424012,True
outage_no_fallback,11,edge0,intersection_06,False,16,0,16,0.060255554271861904,True
outage_no_fallback,11,edge1,intersection_07,False,16,0,16,0.056985965464264154,True
outage_no_fallback,11,edge1,intersection_08,False,16,0,16,0.2392810198944062,True
outage_no_fallback,11,edge1,intersection_09,False,16,0,16,0.10775023116730154,True
outage_no_fallback,11,edge1,intersection_10,False,16,0,16,0.060378038790076964,True
outage_no_fallback,11,edge1,intersection_11,False,16,0,16,0.06028389348648488,True
outage_no_fallback,11,edge1,intersection_12,False,16,0,16,0.059670118615031235,True
outage_no_fallback,11,edge1,intersection_13,False,16,0,16,0.11870098486542702,True
outage_no_fallback,11,edge2,intersection_14,False,16,0,16,0.0002510084304958582,True
outage_no_fallback,11,edge2,intersection_15,False,16,0,16,0.12830439303070307,True
outage_no_fallback,11,edge2,intersection_16,False,16,0,16,0.15785873658023775,True
outage_no_fallback,11,edge2,intersection_17,False,16,0,16,0.06025926512666046,True
outage_no_fallback,11,edge2,intersection_18,False,16,0,16,0.12023065076209603,True
outage_no_fallback,11,edge2,intersection_19,False,16,0,16,0.116946489084512,True
outage_no_fallback,11,edge2,intersection_20,False,16,0,16,0.11549299443140626,True
outage_no_fallback,12,edge0,intersection_00,False,16,0,16,0.106956347823143,True
outage_no_fallback,12,edge0,intersection_01,False,16,0,16,0.2728113189805299,True
outage_no_fallback,12,edge0,intersection_02,False,16,0,16,0.059336062520742416,True
outage_no_fallback,12,edge0,intersection_03,False,16,0,16,0.105552562745288,True
outage_no_fallback,12,edge0,intersection_04,False,16,0,16,0.17724959854967892,True
outage_no_fallback,12,edge0,intersection_05,False,16,0,16,0.11896073166280985,True
outage_no_fallback,12,edge0,intersection_06,False,16,0,16,0.11969414842315018,True
outage_no_fallback,12,edge1,intersection_07,False,16,0,16,0.23530813329853117,True
outage_no_fallback,12,edge1,intersection_08,False,16,0,16,0.11918628332205117,True
outage_no_fallback,12,edge1,intersection_09,False,16,0,16,0.058780469466000795,True
outage_no_fallback,12,edge1,intersection_10,False,16,0,16,0.00020918715745210648,True
outage_no_fallback,12,edge1,intersection_11,False,16,0,16,0.026669462211430073,True
outage_no_fallback,12,edge1,intersection_12,False,16,0,16,0.05974841630086303,True
outage_no_fallback,12,edge1,intersection_13,False,16,0,16,0.05940813338384032,True
outage_no_fallback,12,edge2,intersection_14,False,16,0,16,0.05997159145772457,True
outage_no_fallback,12,edge2,intersection_15,False,16,0,16,0.00017629563808441162,True
outage_no_fallback,12,edge2,intersection_16,False,16,0,16,0.059941059444099665,True
outage_no_fallback,12,edge2,intersection_17,False,16,0,16,0.1193829937838018,True
outage_no_fallback,12,edge2,intersection_18,False,16,0,16,0.2046888668555766,True
outage_no_fallback,12,edge2,intersection_19,False,16,0,16,0.06009967206045985,True
outage_no_fallback,12,edge2,intersection_20,False,16,0,16,0.17713358323089778,True
outage_no_fallback,13,edge0,intersection_00,False,16,0,16,0.05904029426164925,True
outage_no_fallback,13,edge0,intersection_01,False,16,0,16,0.05764894117601215,True
outage_no_fallback,13,edge0,intersection_02,False,16,0,16,0.11777052190154791,True
outage_no_fallback,13,edge0,intersection_03,False,16,0,16,0.17942382907494903,True
outage_no_fallback,13,edge0,intersection_04,False,16,0,16,0.11862271907739341,True
outage_no_fallback,13,edge0,intersection_05,False,16,0,16,0.09098307392559946,True
outage_no_fallback,13,edge0,intersection_06,False,16,0,16,0.06022146739996969,True
outage_no_fallback,13,edge1,intersection_07,False,16,0,16,0.10070062498562038,True
outage_no_fallback,13,edge1,intersection_08,False,16,0,16,0.2379391707945615,True
outage_no_fallback,13,edge1,intersection_09,False,16,0,16,0.00021493388339877129,True
outage_no_fallback,13,edge1,intersection_10,False,16,0,16,0.07503817742690444,True
outage_no_fallback,13,edge1,intersection_11,False,16,0,16,0.0049089265521615735,True
outage_no_fallback,13,edge1,intersection_12,False,16,0,16,0.00023832428269088268,True
outage_no_fallback,13,edge1,intersection_13,False,16,0,16,0.05940773570910096,True
outage_no_fallback,13,edge2,intersection_14,False,16,0,16,0.11927154986187816,True
outage_no_fallback,13,edge2,intersection_15,False,16,0,16,0.05829004594124853,True
outage_no_fallback,13,edge2,intersection_16,False,16,0,16,0.0002667906228452921,True
outage_no_fallback,13,edge2,intersection_17,False,16,0,16,0.19313910254277286,True
outage_no_fallback,13,edge2,intersection_18,False,16,0,16,0.17881012451834977,True
outage_no_fallback,13,edge2,intersection_19,False,16,0,16,0.043459531618282206,True
outage_no_fallback,13,edge2,intersection_20,False,16,0,16,0.1271650104317814,True
outage_no_fallback,14,edge0,intersection_00,False,16,0,16,0.23833127273246646,True
outage_no_fallback,14,edge0,intersection_01,False,16,0,16,0.11966711888089776,True
outage_no_fallback,14,edge0,intersection_02,False,16,0,16,0.004942041588947177,True
outage_no_fallback,14,edge0,intersection_03,False,16,0,16,0.1771203053649515,True
outage_no_fallback,14,edge0,intersection_04,False,16,0,16,0.00023669376969337463,True
outage_no_fallback,14,edge0,intersection_05,False,16,0,16,0.11564092710614204,True
outage_no_fallback,14,edge0,intersection_06,False,16,0,16,0.05806312756612897,True
outage_no_fallback,14,edge1,intersection_07,False,16,0,16,0.05929485312663019,True
outage_no_fallback,14,edge1,intersection_08,False,16,0,16,0.05882868287153543,True
outage_no_fallback,14,edge1,intersection_09,False,16,0,16,0.012430105125531554,True
outage_no_fallback,14,edge1,intersection_10,False,16,0,16,0.11725684627890587,True
outage_no_fallback,14,edge1,intersection_11,False,16,0,16,0.02368898352142423,True
outage_no_fallback,14,edge1,intersection_12,False,16,0,16,0.0004500983050093055,True
outage_no_fallback,14,edge1,intersection_13,False,16,0,16,0.11811138829216361,True
outage_no_fallback,14,edge2,intersection_14,False,16,0,16,0.2031625034287572,True
outage_no_fallback,14,edge2,intersection_15,False,16,0,16,0.11890382831916213,True
outage_no_fallback,14,edge2,intersection_16,False,16,0,16,0.23891503922641277,True
outage_no_fallback,14,edge2,intersection_17,False,16,0,16,0.06020377506501972,True
outage_no_fallback,14,edge2,intersection_18,False,16,0,16,0.059634950710460544,True
outage_no_fallback,14,edge2,intersection_19,False,16,0,16,0.09009738522581756,True
outage_no_fallback,14,edge2,intersection_20,False,16,0,16,0.23630209174007177,True
outage_no_fallback,15,edge0,intersection_00,False,16,0,16,0.12847266742028296,True
outage_no_fallback,15,edge0,intersection_01,False,16,0,16,0.18001755559816957,True
outage_no_fallback,15,edge0,intersection_02,False,16,0,16,0.03494323999620974,True
outage_no_fallback,15,edge0,intersection_03,False,16,0,16,0.11939949519000947,True
outage_no_fallback,15,edge0,intersection_04,False,16,0,16,0.17662430251948535,True
outage_no_fallback,15,edge0,intersection_05,False,16,0,16,0.00021153572015464306,True
outage_no_fallback,15,edge0,intersection_06,False,16,0,16,0.06016839435324072,True
outage_no_fallback,15,edge1,intersection_07,False,16,0,16,0.0003163679502904415,True
outage_no_fallback,15,edge1,intersection_08,False,16,0,16,0.05975731345824897,True
outage_no_fallback,15,edge1,intersection_09,False,16,0,16,0.021658765384927392,True
outage_no_fallback,15,edge1,intersection_10,False,16,0,16,0.05893432395532727,True
outage_no_fallback,15,edge1,intersection_11,False,16,0,16,0.16614977433346212,True
outage_no_fallback,15,edge1,intersection_12,False,16,0,16,0.179229789879173,True
outage_no_fallback,15,edge1,intersection_13,False,16,0,16,0.2391057552304119,True
outage_no_fallback,15,edge2,intersection_14,False,16,0,16,0.1751440262887627,True
outage_no_fallback,15,edge2,intersection_15,False,16,0,16,0.14565650979056954,True
outage_no_fallback,15,edge2,intersection_16,False,16,0,16,0.00023754499852657318,True
outage_no_fallback,15,edge2,intersection_17,False,16,0,16,0.2172663293313235,True
outage_no_fallback,15,edge2,intersection_18,False,16,0,16,0.29369913460686803,True
outage_no_fallback,15,edge2,intersection_19,False,16,0,16,0.05863575474359095,True
outage_no_fallback,15,edge2,intersection_20,False,16,0,16,0.1588790868408978,True
outage_no_fallback,16,edge0,intersection_00,False,16,0,16,0.08819937135558575,True
outage_no_fallback,16,edge0,intersection_01,False,16,0,16,0.173080526990816,True
outage_no_fallback,16,edge0,intersection_02,False,16,0,16,0.20946228178218007,True
outage_no_fallback,16,edge0,intersection_03,False,16,0,16,0.023837456712499257,True
outage_no_fallback,16,edge0,intersection_04,False,16,0,16,0.11881992476992309,True
outage_no_fallback,16,edge0,intersection_05,False,16,0,16,0.35689417482353747,True
outage_no_fallback,16,edge0,intersection_06,False,16,0,16,0.00020032422617077827,True
outage_no_fallback,16,edge1,intersection_07,False,16,0,16,0.06018950720317661,True
outage_no_fallback,16,edge1,intersection_08,False,16,0,16,0.00021264934912323952,True
outage_no_fallback,16,edge1,intersection_09,False,16,0,16,0.00020823371596634388,True
outage_no_fallback,16,edge1,intersection_10,False,16,0,16,0.05546662723645568,True
outage_no_fallback,16,edge1,intersection_11,False,16,0,16,0.060298254247754805,True
outage_no_fallback,16,edge1,intersection_12,False,16,0,16,0.015853722114115953,True
outage_no_fallback,16,edge1,intersection_13,False,16,0,16,0.09680173778906465,True
outage_no_fallback,16,edge2,intersection_14,False,16,0,16,0.05973742227070033,True
outage_no_fallback,16,edge2,intersection_15,False,16,0,16,0.23751386534422636,True
outage_no_fallback,16,edge2,intersection_16,False,16,0,16,0.23706512991338968,True
outage_no_fallback,16,edge2,intersection_17,False,16,0,16,0.16778797307051718,True
outage_no_fallback,16,edge2,intersection_18,False,16,0,16,0.00017536338418722153,True
outage_no_fallback,16,edge2,intersection_19,False,16,0,16,0.058604727499187,True
outage_no_fallback,16,edge2,intersection_20,False,16,0,16,0.058260611956939094,True
outage_no_fallback,17,edge0,intersection_00,False,16,0,16,0.03817991865798831,True
outage_no_fallback,17,edge0,intersection_01,False,16,0,16,0.1203036254737526,True
outage_no_fallback,17,edge0,intersection_02,False,16,0,16,0.0002479841932654381,True
outage_no_fallback,17,edge0,intersection_03,False,16,0,16,0.17921418673358858,True
outage_no_fallback,17,edge0,intersection_04,False,16,0,16,0.06009525037370622,True
outage_no_fallback,17,edge0,intersection_05,False,16,0,16,0.08366631506942211,True
outage_no_fallback,17,edge0,intersection_06,False,16,0,16,0.05863005807623268,True
outage_no_fallback,17,edge1,intersection_07,False,16,0,16,0.11808059643954039,True
outage_no_fallback,17,edge1,intersection_08,False,16,0,16,0.00022373837418854237,True
outage_no_fallback,17,edge1,intersection_09,False,16,0,16,0.0002042872365564108,True
outage_no_fallback,17,edge1,intersection_10,False,16,0,16,0.0001828914973884821,True
outage_no_fallback,17,edge1,intersection_11,False,16,0,16,0.2968719827476889,True
outage_no_fallback,17,edge1,intersection_12,False,16,0,16,0.058908258099108934,True
outage_no_fallback,17,edge1,intersection_13,False,16,0,16,0.1168599019292742,True
outage_no_fallback,17,edge2,intersection_14,False,16,0,16,0.17917821719311178,True
outage_no_fallback,17,edge2,intersection_15,False,16,0,16,0.05962799512781203,True
outage_no_fallback,17,edge2,intersection_16,False,16,0,16,0.1781434188596904,True
outage_no_fallback,17,edge2,intersection_17,False,16,0,16,0.26954559865407646,True
outage_no_fallback,17,edge2,intersection_18,False,16,0,16,0.17799726640805602,True
outage_no_fallback,17,edge2,intersection_19,False,16,0,16,0.1174568913411349,True
outage_no_fallback,17,edge2,intersection_20,False,16,0,16,0.08600643486715853,True
outage_no_fallback,18,edge0,intersection_00,False,16,0,16,0.06017128168605267,True
outage_no_fallback,18,edge0,intersection_01,False,16,0,16,0.1183178685605526,True
outage_no_fallback,18,edge0,intersection_02,False,16,0,16,0.06022753636352717,True
outage_no_fallback,18,edge0,intersection_03,False,16,0,16,0.11793521465733647,True
outage_no_fallback,18,edge0,intersection_04,False,16,0,16,0.1929293901193887,True
outage_no_fallback,18,edge0,intersection_05,False,16,0,16,0.17812520149163902,True
outage_no_fallback,18,edge0,intersection_06,False,16,0,16,0.11973158712498844,True
outage_no_fallback,18,edge1,intersection_07,False,16,0,16,0.19813858391717076,True
outage_no_fallback,18,edge1,intersection_08,False,16,0,16,0.1368564327713102,True
outage_no_fallback,18,edge1,intersection_09,False,16,0,16,0.1787760122679174,True
outage_no_fallback,18,edge1,intersection_10,False,16,0,16,0.178891075309366,True
outage_no_fallback,18,edge1,intersection_11,False,16,0,16,0.11774677131325006,True
outage_no_fallback,18,edge1,intersection_12,False,16,0,16,0.23627658328041434,True
outage_no_fallback,18,edge1,intersection_13,False,16,0,16,0.13882854650728405,True
outage_no_fallback,18,edge2,intersection_14,False,16,0,16,0.1748960972763598,True
outage_no_fallback,18,edge2,intersection_15,False,16,0,16,0.00027973903343081474,True
outage_no_fallback,18,edge2,intersection_16,False,16,0,16,0.11834963201545179,True
outage_no_fallback,18,edge2,intersection_17,False,16,0,16,0.0001804728526622057,True
outage_no_fallback,18,edge2,intersection_18,False,16,0,16,0.00022611301392316818,True
outage_no_fallback,18,edge2,intersection_19,False,16,0,16,0.03381110564805567,True
outage_no_fallback,18,edge2,intersection_20,False,16,0,16,0.007307959953323007,True
outage_no_fallback,19,edge0,intersection_00,False,16,0,16,0.11539419577457011,True
outage_no_fallback,19,edge0,intersection_01,False,16,0,16,0.00012559536844491959,True
outage_no_fallback,19,edge0,intersection_02,False,16,0,16,0.00021444610320031643,True
outage_no_fallback,19,edge0,intersection_03,False,16,0,16,0.03169171465560793,True
outage_no_fallback,19,edge0,intersection_04,False,16,0,16,0.11758629069663584,True
outage_no_fallback,19,edge0,intersection_05,False,16,0,16,0.00026280153542757034,True
outage_no_fallback,19,edge0,intersection_06,False,16,0,16,0.06448312452994287,True
outage_no_fallback,19,edge1,intersection_07,False,16,0,16,0.05934627330861985,True
outage_no_fallback,19,edge1,intersection_08,False,16,0,16,0.06016556615941226,True
outage_no_fallback,19,edge1,intersection_09,False,16,0,16,0.11887470190413295,True
outage_no_fallback,19,edge1,intersection_10,False,16,0,16,0.00022700615227222443,True
outage_no_fallback,19,edge1,intersection_11,False,16,0,16,0.0582955579739064,True
outage_no_fallback,19,edge1,intersection_12,False,16,0,16,0.05985717289149761,True
outage_no_fallback,19,edge1,intersection_13,False,16,0,16,0.11665321537293494,True
outage_no_fallback,19,edge2,intersection_14,False,16,0,16,0.11914098681882024,True
outage_no_fallback,19,edge2,intersection_15,False,16,0,16,0.00020966911688446999,True
outage_no_fallback,19,edge2,intersection_16,False,16,0,16,0.06018596817739308,True
outage_no_fallback,19,edge2,intersection_17,False,16,0,16,0.17441161500755697,True
outage_no_fallback,19,edge2,intersection_18,False,16,0,16,0.06065004912670702,True
outage_no_fallback,19,edge2,intersection_19,False,16,0,16,0.11764845321886241,True
outage_no_fallback,19,edge2,intersection_20,False,16,0,16,0.17876724153757095,True
outage_no_fallback,20,edge0,intersection_00,True,0,0,0,,False
outage_no_fallback,20,edge0,intersection_01,False,16,0,16,0.1139473533257842,True
outage_no_fallback,20,edge0,intersection_02,False,16,0,16,0.060151272919029,True
outage_no_fallback,20,edge0,intersection_03,False,16,0,16,0.0001577592920511961,True
outage_no_fallback,20,edge0,intersection_04,False,16,0,16,0.0002072090283036232,True
outage_no_fallback,20,edge0,intersection_05,False,16,0,16,0.10733425151556729,True
outage_no_fallback,20,edge0,intersection_06,False,16,0,16,0.06026639370247721,True
outage_no_fallback,20,edge1,intersection_07,False,16,0,16,0.11912156292237341,True
outage_no_fallback,20,edge1,intersection_08,False,16,0,16,0.05058313417248427,True
outage_no_fallback,20,edge1,intersection_09,False,16,0,16,0.059793040389195085,True
outage_no_fallback,20,edge1,intersection_10,False,16,0,16,0.07334665535017848,True
outage_no_fallback,20,edge1,intersection_11,False,16,0,16,0.11878638248890638,True
outage_no_fallback,20,edge1,intersection_12,False,16,0,16,0.23787260823883116,True
outage_no_fallback,20,edge1,intersection_13,False,16,0,16,0.13767098914831877,True
outage_no_fallback,20,edge2,intersection_14,False,16,0,16,0.05836725910194218,True
outage_no_fallback,20,edge2,intersection_15,False,16,0,16,0.10315061011351645,True
outage_no_fallback,20,edge2,intersection_16,False,16,0,16,0.1475326311774552,True
outage_no_fallback,20,edge2,intersection_17,False,16,0,16,0.11696583568118513,True
outage_no_fallback,20,edge2,intersection_18,False,16,0,16,0.1783419093117118,True
outage_no_fallback,20,edge2,intersection_19,False,16,0,16,0.11895710974931717,True
outage_no_fallback,20,edge2,intersection_20,False,16,0,16,0.00024248403497040272,True
outage_no_fallback,21,edge0,intersection_00,True,0,0,0,,False
outage_no_fallback,21,edge0,intersection_01,False,16,0,16,0.013994162203744054,True
outage_no_fallback,21,edge0,intersection_02,False,16,0,16,0.11922949040308595,True
outage_no_fallback,21,edge0,intersection_03,False,16,0,16,0.060225578490644686,True
outage_no_fallback,21,edge0,intersection_04,False,16,0,16,0.025617270730435848,True
outage_no_fallback,21,edge0,intersection_05,False,16,0,16,0.11958947428502142,True
outage_no_fallback,21,edge0,intersection_06,False,16,0,16,0.00020684278570115566,True
outage_no_fallback,21,edge1,intersection_07,False,16,0,16,0.1722385419998318,True
outage_no_fallback,21,edge1,intersection_08,False,16,0,16,0.11945002502761781,True
outage_no_fallback,21,edge1,intersection_09,False,16,0,16,0.00017045089043676853,True
outage_no_fallback,21,edge1,intersection_10,False,16,0,16,0.19071419769898057,True
outage_no_fallback,21,edge1,intersection_11,False,16,0,16,0.11897465703077614,True
outage_no_fallback,21,edge1,intersection_12,False,16,0,16,0.06003607390448451,True
outage_no_fallback,21,edge1,intersection_13,False,16,0,16,0.12022752151824533,True
outage_no_fallback,21,edge2,intersection_14,False,16,0,16,0.0002816813066601753,True
outage_no_fallback,21,edge2,intersection_15,False,16,0,16,0.00023571285419166088,True
outage_no_fallback,21,edge2,intersection_16,False,16,0,16,0.02462548646144569,True
outage_no_fallback,21,edge2,intersection_17,False,16,0,16,0.2974397987127304,True
outage_no_fallback,21,edge2,intersection_18,False,16,0,16,0.0002234519924968481,True
outage_no_fallback,21,edge2,intersection_19,False,16,0,16,0.059959433041512966,True
outage_no_fallback,21,edge2,intersection_20,False,16,0,16,0.23447538609616458,True
outage_no_fallback,22,edge0,intersection_00,True,0,0,0,,False
outage_no_fallback,22,edge0,intersection_01,False,16,0,16,0.0583338113501668,True
outage_no_fallback,22,edge0,intersection_02,False,16,0,16,0.15151553181931376,True
outage_no_fallback,22,edge0,intersection_03,False,16,0,16,0.07616161927580833,True
outage_no_fallback,22,edge0,intersection_04,False,16,0,16,0.23784447740763426,True
outage_no_fallback,22,edge0,intersection_05,False,16,0,16,0.11764150788076222,True
outage_no_fallback,22,edge0,intersection_06,False,16,0,16,0.17835914576426148,True
outage_no_fallback,22,edge1,intersection_07,False,16,0,16,0.059818054782226675,True
outage_no_fallback,22,edge1,intersection_08,False,16,0,16,0.12008008710108697,True
outage_no_fallback,22,edge1,intersection_09,False,16,0,16,0.05852958606556058,True
outage_no_fallback,22,edge1,intersection_10,False,16,0,16,0.09548860811628401,True
outage_no_fallback,22,edge1,intersection_11,False,16,0,16,0.06882512848824261,True
outage_no_fallback,22,edge1,intersection_12,False,16,0,16,0.23875748133286834,True
outage_no_fallback,22,edge1,intersection_13,False,16,0,16,0.0866265413351357,True
outage_no_fallback,22,edge2,intersection_14,False,16,0,16,0.060252823866903775,True
outage_no_fallback,22,edge2,intersection_15,False,16,0,16,0.10718555212952197,True
outage_no_fallback,22,edge2,intersection_16,False,16,0,16,0.05897594545967876,True
outage_no_fallback,22,edge2,intersection_17,False,16,0,16,0.11924771452322602,True
outage_no_fallback,22,edge2,intersection_18,False,16,0,16,0.09733968367800115,True
outage_no_fallback,22,edge2,intersection_19,False,16,0,16,0.05891769099980593,True
outage_no_fallback,22,edge2,intersection_20,False,16,0,16,0.09125657472759485,True
outage_no_fallback,23,edge0,intersection_00,True,0,0,0,,False
outage_no_fallback,23,edge0,intersection_01,False,16,0,16,0.12014179956167936,True
outage_no_fallback,23,edge0,intersection_02,False,16,0,16,0.1783598936162889,True
outage_no_fallback,23,edge0,intersection_03,False,16,0,16,0.11984996567480265,True
outage_no_fallback,23,edge0,intersection_04,False,16,0,16,0.1187813829164952,True
outage_no_fallback,23,edge0,intersection_05,False,16,0,16,0.11940761748701334,True
outage_no_fallback,23,edge0,intersection_06,False,16,0,16,0.2943474689964205,True
outage_no_fallback,23,edge1,intersection_07,False,16,0,16,0.11954111373052001,True
outage_no_fallback,23,edge1,intersection_08,False,16,0,16,0.05914337793365121,True
outage_no_fallback,23,edge1,intersection_09,False,16,0,16,0.17535802954807878,True
outage_no_fallback,23,edge1,intersection_10,False,16,0,16,0.00020126882009208202,True
outage_no_fallback,23,edge1,intersection_11,False,16,0,16,0.05878589651547372,True
outage_no_fallback,23,edge1,intersection_12,False,16,0,16,0.11979883536696434,True
outage_no_fallback,23,edge1,intersection_13,False,16,0,16,0.07012842083349823,True
outage_no_fallback,23,edge2,intersection_14,False,16,0,16,0.00438167667016387,True
outage_no_fallback,23,edge2,intersection_15,False,16,0,16,0.11684107733890414,True
outage_no_fallback,23,edge2,intersection_16,False,16,0,16,0.17803186655510217,True
outage_no_fallback,23,edge2,intersection_17,False,16,0,16,0.0729689123108983,True
outage_no_fallback,23,edge2,intersection_18,False,16,0,16,0.00018142350018024445,True
outage_no_fallback,23,edge2,intersection_19,False,16,0,16,0.11772898840717971,True
outage_no_fallback,23,edge2,intersection_20,False,16,0,16,0.06021615024656057,True
outage_no_fallback,24,edge0,intersection_00,True,0,0,0,,False
outage_no_fallback,24,edge0,intersection_01,False,16,0,16,0.11807639547623694,True
outage_no_fallback,24,edge0,intersection_02,False,16,0,16,0.06023595784790813,True
outage_no_fallback,24,edge0,intersection_03,False,16,0,16,0.17748974356800318,True
outage_no_fallback,24,edge0,intersection_04,False,16,0,16,0.0002392856404185295,True
outage_no_fallback,24,edge0,intersection_05,False,16,0,16,0.0002115834504365921,True
outage_no_fallback,24,edge0,intersection_06,False,16,0,16,0.1343529336154461,True
outage_no_fallback,24,edge1,intersection_07,False,16,0,16,0.11925736581906676,True
outage_no_fallback,24,edge1,intersection_08,False,16,0,16,0.1349629161413759,True
outage_no_fallback,24,edge1,intersection_09,False,16,0,16,0.11710455710999668,True
outage_no_fallback,24,edge1,intersection_10,False,16,0,16,0.04578529135324061,True
outage_no_fallback,24,edge1,intersection_11,False,16,0,16,0.12943251058459282,True
outage_no_fallback,24,edge1,intersection_12,False,16,0,16,0.11641123821027577,True
outage_no_fallback,24,edge1,intersection_13,False,16,0,16,0.059777534101158374,True
outage_no_fallback,24,edge2,intersection_14,False,16,0,16,0.11924185557290912,True
outage_no_fallback,24,edge2,intersection_15,False,16,0,16,0.29654345917515457,True
outage_no_fallback,24,edge2,intersection_16,False,16,0,16,0.08809362701140344,True
outage_no_fallback,24,edge2,intersection_17,False,16,0,16,0.11855066404677927,True
outage_no_fallback,24,edge2,intersection_18,False,16,0,16,0.11934575159102678,True
outage_no_fallback,24,edge2,intersection_19,False,16,0,16,0.17884392105042934,True
outage_no_fallback,24,edge2,intersection_20,False,16,0,16,0.00020810449495911598,True
outage_no_fallback,25,edge0,intersection_00,True,0,0,0,,False
outage_no_fallback,25,edge0,intersection_01,False,16,0,16,0.11944672162644565,True
outage_no_fallback,25,edge0,intersection_02,False,16,0,16,0.0868406337685883,True
outage_no_fallback,25,edge0,intersection_03,False,16,0,16,0.00013507483527064323,True
outage_no_fallback,25,edge0,intersection_04,False,16,0,16,0.1191742462106049,True
outage_no_fallback,25,edge0,intersection_05,False,16,0,16,0.08114147023297845,True
outage_no_fallback,25,edge0,intersection_06,False,16,0,16,0.05765700316987932,True
outage_no_fallback,25,edge1,intersection_07,False,16,0,16,0.06404784717597067,True
outage_no_fallback,25,edge1,intersection_08,False,16,0,16,0.02455428335815668,True
outage_no_fallback,25,edge1,intersection_09,False,16,0,16,0.06008872855454683,True
outage_no_fallback,25,edge1,intersection_10,False,16,0,16,0.06019932520575821,True
outage_no_fallback,25,edge1,intersection_11,False,16,0,16,0.17758171446621418,True
outage_no_fallback,25,edge1,intersection_12,False,16,0,16,0.12267735949717462,True
outage_no_fallback,25,edge1,intersection_13,False,16,0,16,0.10608471580781043,True
outage_no_fallback,25,edge2,intersection_14,False,16,0,16,0.11946450266987085,True
outage_no_fallback,25,edge2,intersection_15,False,16,0,16,0.11853336030617356,True
outage_no_fallback,25,edge2,intersection_16,False,16,0,16,0.19458801858127117,True
outage_no_fallback,25,edge2,intersection_17,False,16,0,16,0.06647313828580081,True
outage_no_fallback,25,edge2,intersection_18,False,16,0,16,0.08616880467161535,True
outage_no_fallback,25,edge2,intersection_19,False,16,0,16,0.00017389538697898388,True
outage_no_fallback,25,edge2,intersection_20,False,16,0,16,0.18628940964117646,True
outage_no_fallback,26,edge0,intersection_00,True,0,0,0,,False
outage_no_fallback,26,edge0,intersection_01,False,16,0,16,0.00022669858299195766,True
outage_no_fallback,26,edge0,intersection_02,False,16,0,16,0.060195700498297804,True
outage_no_fallback,26,edge0,intersection_03,False,16,0,16,0.034389428328722715,True
outage_no_fallback,26,edge0,intersection_04,False,16,0,16,0.00020854431204497814,True
outage_no_fallback,26,edge0,intersection_05,False,16,0,16,0.00021364260464906693,True
outage_no_fallback,26,edge0,intersection_06,False,16,0,16,0.18023062450811264,True
outage_no_fallback,26,edge1,intersection_07,False,16,0,16,0.0043339962139725685,True
outage_no_fallback,26,edge1,intersection_08,False,16,0,16,0.17973763309419155,True
outage_no_fallback,26,edge1,intersection_09,False,16,0,16,0.0980920223519206,True
outage_no_fallback,26,edge1,intersection_10,False,16,0,16,0.10020152223296463,True
outage_no_fallback,26,edge1,intersection_11,False,16,0,16,0.05945582408457994,True
outage_no_fallback,26,edge1,intersection_12,False,16,0,16,0.17843843437731266,True
outage_no_fallback,26,edge1,intersection_13,False,16,0,16,0.11996415187604724,True
outage_no_fallback,26,edge2,intersection_14,False,16,0,16,0.06551912869326769,True
outage_no_fallback,26,edge2,intersection_15,False,16,0,16,0.00021681422367691994,True
outage_no_fallback,26,edge2,intersection_16,False,16,0,16,0.058002563659101725,True
outage_no_fallback,26,edge2,intersection_17,False,16,0,16,0.11953526397701353,True
outage_no_fallback,26,edge2,intersection_18,False,16,0,16,0.06021985854022204,True
outage_no_fallback,26,edge2,intersection_19,False,16,0,16,0.00021127564832568169,True
outage_no_fallback,26,edge2,intersection_20,False,16,0,16,0.09554317547008395,True
outage_no_fallback,27,edge0,intersection_00,True,0,0,0,,False
outage_no_fallback,27,edge0,intersection_01,False,16,0,16,0.028536528116092082,True
outage_no_fallback,27,edge0,intersection_02,False,16,0,16,0.1763841025531292,True
outage_no_fallback,27,edge0,intersection_03,False,16,0,16,0.06027097511105239,True
outage_no_fallback,27,edge0,intersection_04,False,16,0,16,0.0585426241159439,True
outage_no_fallback,27,edge0,intersection_05,False,16,0,16,0.0001858905889093876,True
outage_no_fallback,27,edge0,intersection_06,False,16,0,16,0.043472204590216286,True
outage_no_fallback,27,edge1,intersection_07,False,16,0,16,0.11836387985385954,True
outage_no_fallback,27,edge1,intersection_08,False,16,0,16,0.05923530156724155,True
outage_no_fallback,27,edge1,intersection_09,False,16,0,16,0.1794090080074966,True
outage_no_fallback,27,edge1,intersection_10,False,16,0,16,0.057611473836004734,True
outage_no_fallback,27,edge1,intersection_11,False,16,0,16,0.16073876898735762,True
outage_no_fallback,27,edge1,intersection_12,False,16,0,16,0.10334809008054435,True
outage_no_fallback,27,edge1,intersection_13,False,16,0,16,0.2392512906808406,True
outage_no_fallback,27,edge2,intersection_14,False,16,0,16,0.07296382938511668,True
outage_no_fallback,27,edge2,intersection_15,False,16,0,16,0.06045241234824061,True
outage_no_fallback,27,edge2,intersection_16,False,16,0,16,0.0002838915679603815,True
outage_no_fallback,27,edge2,intersection_17,False,16,0,16,0.11951095657423139,True
outage_no_fallback,27,edge2,intersection_18,False,16,0,16,0.11920419707894325,True
outage_no_fallback,27,edge2,intersection_19,False,16,0,16,0.1182565507479012,True
outage_no_fallback,27,edge2,intersection_20,False,16,0,16,0.11890653590671718,True
outage_no_fallback,28,edge0,intersection_00,True,0,0,0,,False
outage_no_fallback,28,edge0,intersection_01,False,16,0,16,0.02890674234367907,True
outage_no_fallback,28,edge0,intersection_02,False,16,0,16,0.11820287839509547,True
outage_no_fallback,28,edge0,intersection_03,False,16,0,16,0.12065367144532502,True
outage_no_fallback,28,edge0,intersection_04,False,16,0,16,0.05939380987547338,True
outage_no_fallback,28,edge0,intersection_05,False,16,0,16,0.23912835237570107,True
outage_no_fallback,28,edge0,intersection_06,False,16,0,16,0.03536310466006398,True
outage_no_fallback,28,edge1,intersection_07,False,16,0,16,0.06051831925287842,True
outage_no_fallback,28,edge1,intersection_08,False,16,0,16,0.16865885979495943,True
outage_no_fallback,28,edge1,intersection_09,False,16,0,16,0.0961739830672741,True
outage_no_fallback,28,edge1,intersection_10,False,16,0,16,0.23710087058134377,True
outage_no_fallback,28,edge1,intersection_11,False,16,0,16,0.05969044798985123,True
outage_no_fallback,28,edge1,intersection_12,False,16,0,16,0.2455776531714946,True
outage_no_fallback,28,edge1,intersection_13,False,16,0,16,0.23449347750283778,True
outage_no_fallback,28,edge2,intersection_14,False,16,0,16,0.0002176205161958933,True
outage_no_fallback,28,edge2,intersection_15,False,16,0,16,0.06017947359941899,True
outage_no_fallback,28,edge2,intersection_16,False,16,0,16,0.12387430900707841,True
outage_no_fallback,28,edge2,intersection_17,False,16,0,16,0.23692208249121902,True
outage_no_fallback,28,edge2,intersection_18,False,16,0,16,0.060184797737747424,True
outage_no_fallback,28,edge2,intersection_19,False,16,0,16,0.060128352022729814,True
outage_no_fallback,28,edge2,intersection_20,False,16,0,16,0.0002080902922898531,True
outage_no_fallback,29,edge0,intersection_00,True,0,0,0,,False
outage_no_fallback,29,edge0,intersection_01,False,16,0,16,0.11840232089161873,True
outage_no_fallback,29,edge0,intersection_02,False,16,0,16,0.05991328670643269,True
outage_no_fallback,29,edge0,intersection_03,False,16,0,16,0.175917660119012,True
outage_no_fallback,29,edge0,intersection_04,False,16,0,16,0.08207713696174324,True
outage_no_fallback,29,edge0,intersection_05,False,16,0,16,0.00018900074064731598,True
outage_no_fallback,29,edge0,intersection_06,False,16,0,16,0.05980824283324182,True
outage_no_fallback,29,edge1,intersection_07,False,16,0,16,0.12008111481554806,True
outage_no_fallback,29,edge1,intersection_08,False,16,0,16,0.13430186919867992,True
outage_no_fallback,29,edge1,intersection_09,False,16,0,16,0.11832629074342549,True
outage_no_fallback,29,edge1,intersection_10,False,16,0,16,0.11990293907001615,True
outage_no_fallback,29,edge1,intersection_11,False,16,0,16,0.00020414707250893116,True
outage_no_fallback,29,edge1,intersection_12,False,16,0,16,0.17826725728809834,True
outage_no_fallback,29,edge1,intersection_13,False,16,0,16,0.057417324744164944,True
outage_no_fallback,29,edge2,intersection_14,False,16,0,16,0.04340517101809383,True
outage_no_fallback,29,edge2,intersection_15,False,16,0,16,0.057361670304089785,True
outage_no_fallback,29,edge2,intersection_16,False,16,0,16,0.1199102068785578,True
outage_no_fallback,29,edge2,intersection_17,False,16,0,16,0.13561700540594757,True
outage_no_fallback,29,edge2,intersection_18,False,16,0,16,0.1187359499745071,True
outage_no_fallback,29,edge2,intersection_19,False,16,0,16,0.11917187459766865,True
outage_no_fallback,29,edge2,intersection_20,False,16,0,16,0.19197896379046142,True
outage_no_fallback,30,edge0,intersection_00,True,0,0,0,,False
outage_no_fallback,30,edge0,intersection_01,False,16,0,16,0.008997526485472918,True
outage_no_fallback,30,edge0,intersection_02,False,16,0,16,0.17262487672269344,True
outage_no_fallback,30,edge0,intersection_03,False,16,0,16,0.2960768670309335,True
outage_no_fallback,30,edge0,intersection_04,False,16,0,16,0.058167434530332685,True
outage_no_fallback,30,edge0,intersection_05,False,16,0,16,0.05974814831279218,True
outage_no_fallback,30,edge0,intersection_06,False,16,0,16,0.07802845793776214,True
outage_no_fallback,30,edge1,intersection_07,False,16,0,16,0.17954251123592257,True
outage_no_fallback,30,edge1,intersection_08,False,16,0,16,0.05783440498635173,True
outage_no_fallback,30,edge1,intersection_09,False,16,0,16,0.00024761329405009747,True
outage_no_fallback,30,edge1,intersection_10,False,16,0,16,0.00019962340593338013,True
outage_no_fallback,30,edge1,intersection_11,False,16,0,16,0.11852507083676755,True
outage_no_fallback,30,edge1,intersection_12,False,16,0,16,0.05817970470525324,True
outage_no_fallback,30,edge1,intersection_13,False,16,0,16,0.061571636237204075,True
outage_no_fallback,30,edge2,intersection_14,False,16,0,16,0.00016026431694626808,True
outage_no_fallback,30,edge2,intersection_15,False,16,0,16,0.03350731055252254,True
outage_no_fallback,30,edge2,intersection_16,False,16,0,16,0.00023361691273748875,True
outage_no_fallback,30,edge2,intersection_17,False,16,0,16,0.11994926386978477,True
outage_no_fallback,30,edge2,intersection_18,False,16,0,16,0.0598929792176932,True
outage_no_fallback,30,edge2,intersection_19,False,16,0,16,0.06016202922910452,True
outage_no_fallback,30,edge2,intersection_20,False,16,0,16,0.06519585940986872,True
outage_no_fallback,31,edge0,intersection_00,True,0,0,0,,False
outage_no_fallback,31,edge0,intersection_01,False,16,0,16,0.05973628209903836,True
outage_no_fallback,31,edge0,intersection_02,False,16,0,16,0.059609186835587025,True
outage_no_fallback,31,edge0,intersection_03,False,16,0,16,0.06022785557433962,True
outage_no_fallback,31,edge0,intersection_04,False,16,0,16,0.11967198131605983,True
outage_no_fallback,31,edge0,intersection_05,False,16,0,16,0.116342217894271,True
outage_no_fallback,31,edge0,intersection_06,False,16,0,16,0.05911641218699515,True
outage_no_fallback,31,edge1,intersection_07,False,16,0,16,0.17510019452311099,True
outage_no_fallback,31,edge1,intersection_08,False,16,0,16,0.10974638839252292,True
outage_no_fallback,31,edge1,intersection_09,False,16,0,16,0.0899572060443461,True
outage_no_fallback,31,edge1,intersection_10,False,16,0,16,0.00023045577108860016,True
outage_no_fallback,31,edge1,intersection_11,False,16,0,16,0.02167696855030954,True
outage_no_fallback,31,edge1,intersection_12,False,16,0,16,0.17696181288920343,True
outage_no_fallback,31,edge1,intersection_13,False,16,0,16,0.11937431758269668,True
outage_no_fallback,31,edge2,intersection_14,False,16,0,16,0.01615393441170454,True
outage_no_fallback,31,edge2,intersection_15,False,16,0,16,0.00022922060452401638,True
outage_no_fallback,31,edge2,intersection_16,False,16,0,16,0.11895629204809666,True
outage_no_fallback,31,edge2,intersection_17,False,16,0,16,0.23725110152736306,True
outage_no_fallback,31,edge2,intersection_18,False,16,0,16,0.00029593706130981445,True
outage_no_fallback,31,edge2,intersection_19,False,16,0,16,0.1144167126622051,True
outage_no_fallback,31,edge2,intersection_20,False,16,0,16,0.1776362748350948,True
outage_no_fallback,32,edge0,intersection_00,True,0,0,0,,False
outage_no_fallback,32,edge0,intersection_01,False,16,0,16,0.00021244725212454796,True
outage_no_fallback,32,edge0,intersection_02,False,16,0,16,0.06500906916335225,True
outage_no_fallback,32,edge0,intersection_03,False,16,0,16,0.0598483975045383,True
outage_no_fallback,32,edge0,intersection_04,False,16,0,16,0.12600162881426513,True
outage_no_fallback,32,edge0,intersection_05,False,16,0,16,0.10048143123276532,True
outage_no_fallback,32,edge0,intersection_06,False,16,0,16,0.060219890670850866,True
outage_no_fallback,32,edge1,intersection_07,False,16,0,16,0.17878220812417567,True
outage_no_fallback,32,edge1,intersection_08,False,16,0,16,0.058444390771910555,True
outage_no_fallback,32,edge1,intersection_09,False,16,0,16,0.0182967665605247,True
outage_no_fallback,32,edge1,intersection_10,False,16,0,16,0.05924696591682732,True
outage_no_fallback,32,edge1,intersection_11,False,16,0,16,0.2383558382280171,True
outage_no_fallback,32,edge1,intersection_12,False,16,0,16,0.060227035777643316,True
outage_no_fallback,32,edge1,intersection_13,False,16,0,16,0.0601529679261148,True
outage_no_fallback,32,edge2,intersection_14,False,16,0,16,0.17770803207531571,True
outage_no_fallback,32,edge2,intersection_15,False,16,0,16,0.16199643979780376,True
outage_no_fallback,32,edge2,intersection_16,False,16,0,16,0.07901564054191113,True
outage_no_fallback,32,edge2,intersection_17,False,16,0,16,0.2801429498940706,True
outage_no_fallback,32,edge2,intersection_18,False,16,0,16,0.23742567631416023,True
outage_no_fallback,32,edge2,intersection_19,False,16,0,16,0.11909437132999301,True
outage_no_fallback,32,edge2,intersection_20,False,16,0,16,0.05947469361126423,True
outage_no_fallback,33,edge0,intersection_00,True,0,0,0,,False
outage_no_fallback,33,edge0,intersection_01,False,16,0,16,0.05903927632607519,True
outage_no_fallback,33,edge0,intersection_02,False,16,0,16,0.00019467691890895367,True
outage_no_fallback,33,edge0,intersection_03,False,16,0,16,0.025488666025921702,True
outage_no_fallback,33,edge0,intersection_04,False,16,0,16,0.05838903528638184,True
outage_no_fallback,33,edge0,intersection_05,False,16,0,16,0.18114027194678783,True
outage_no_fallback,33,edge0,intersection_06,False,16,0,16,0.059640557738021016,True
outage_no_fallback,33,edge1,intersection_07,False,16,0,16,0.05792161752469838,True
outage_no_fallback,33,edge1,intersection_08,False,16,0,16,0.1202594982460141,True
outage_no_fallback,33,edge1,intersection_09,False,16,0,16,0.29482684819959104,True
outage_no_fallback,33,edge1,intersection_10,False,16,0,16,0.29412580910138786,True
outage_no_fallback,33,edge1,intersection_11,False,16,0,16,0.06451298482716084,True
outage_no_fallback,33,edge1,intersection_12,False,16,0,16,0.17852443270385265,True
outage_no_fallback,33,edge1,intersection_13,False,16,0,16,0.06688229902647436,True
outage_no_fallback,33,edge2,intersection_14,False,16,0,16,0.11721549974754453,True
outage_no_fallback,33,edge2,intersection_15,False,16,0,16,0.22245464113075286,True
outage_no_fallback,33,edge2,intersection_16,False,16,0,16,0.05968727660365403,True
outage_no_fallback,33,edge2,intersection_17,False,16,0,16,0.060164693044498556,True
outage_no_fallback,33,edge2,intersection_18,False,16,0,16,0.05951045686379075,True
outage_no_fallback,33,edge2,intersection_19,False,16,0,16,0.08395782532170415,True
outage_no_fallback,33,edge2,intersection_20,False,16,0,16,0.05123017495498061,True
outage_no_fallback,34,edge0,intersection_00,True,0,0,0,,False
outage_no_fallback,34,edge0,intersection_01,False,16,0,16,0.11917458288371562,True
outage_no_fallback,34,edge0,intersection_02,False,16,0,16,0.11899401922710238,True
outage_no_fallback,34,edge0,intersection_03,False,16,0,16,0.04438621236477047,True
outage_no_fallback,34,edge0,intersection_04,False,16,0,16,0.05992408259771764,True
outage_no_fallback,34,edge0,intersection_05,False,16,0,16,0.17708302265964448,True
outage_no_fallback,34,edge0,intersection_06,False,16,0,16,0.05675344169139862,True
outage_no_fallback,34,edge1,intersection_07,False,16,0,16,0.05994557682424784,True
outage_no_fallback,34,edge1,intersection_08,False,16,0,16,0.06026016059331595,True
outage_no_fallback,34,edge1,intersection_09,False,16,0,16,0.29850082146003837,True
outage_no_fallback,34,edge1,intersection_10,False,16,0,16,0.057880585081875324,True
outage_no_fallback,34,edge1,intersection_11,False,16,0,16,0.058640820905566216,True
outage_no_fallback,34,edge1,intersection_12,False,16,0,16,0.238385763252154,True
outage_no_fallback,34,edge1,intersection_13,False,16,0,16,0.05915256962180138,True
outage_no_fallback,34,edge2,intersection_14,False,16,0,16,0.05786843667738139,True
outage_no_fallback,34,edge2,intersection_15,False,16,0,16,0.00017395778559148312,True
outage_no_fallback,34,edge2,intersection_16,False,16,0,16,0.0002508291509002447,True
outage_no_fallback,34,edge2,intersection_17,False,16,0,16,0.0002049705944955349,True
outage_no_fallback,34,edge2,intersection_18,False,16,0,16,0.17550471727736294,True
outage_no_fallback,34,edge2,intersection_19,False,16,0,16,0.08751341071911156,True
outage_no_fallback,34,edge2,intersection_20,False,16,0,16,0.11665271571837366,True
outage_no_fallback,35,edge0,intersection_00,True,0,0,0,,False
outage_no_fallback,35,edge0,intersection_01,False,16,0,16,0.05973059334792197,True
outage_no_fallback,35,edge0,intersection_02,False,16,0,16,0.10837825713679194,True
outage_no_fallback,35,edge0,intersection_03,False,16,0,16,0.17188160843215883,True
outage_no_fallback,35,edge0,intersection_04,False,16,0,16,0.03246556990779936,True
outage_no_fallback,35,edge0,intersection_05,False,16,0,16,0.0574723882600665,True
outage_no_fallback,35,edge0,intersection_06,False,16,0,16,0.17705399892292917,True
outage_no_fallback,35,edge1,intersection_07,False,16,0,16,0.03513850225135684,True
outage_no_fallback,35,edge1,intersection_08,False,16,0,16,0.09174723038449883,True
outage_no_fallback,35,edge1,intersection_09,False,16,0,16,0.058745934395119555,True
outage_no_fallback,35,edge1,intersection_10,False,16,0,16,0.02572826133109629,True
outage_no_fallback,35,edge1,intersection_11,False,16,0,16,0.057433920446783304,True
outage_no_fallback,35,edge1,intersection_12,False,16,0,16,0.05955517711117864,True
outage_no_fallback,35,edge1,intersection_13,False,16,0,16,0.00017621438018977642,True
outage_no_fallback,35,edge2,intersection_14,False,16,0,16,0.11912541813217103,True
outage_no_fallback,35,edge2,intersection_15,False,16,0,16,0.08105323021300137,True
outage_no_fallback,35,edge2,intersection_16,False,16,0,16,0.0003197349142283201,True
outage_no_fallback,35,edge2,intersection_17,False,16,0,16,0.1251622145064175,True
outage_no_fallback,35,edge2,intersection_18,False,16,0,16,0.17474085907451806,True
outage_no_fallback,35,edge2,intersection_19,False,16,0,16,0.05873490683734417,True
outage_no_fallback,35,edge2,intersection_20,False,16,0,16,0.10194889595732093,True
outage_no_fallback,36,edge0,intersection_00,True,0,0,0,,False
outage_no_fallback,36,edge0,intersection_01,False,16,0,16,0.00022128876298666,True
outage_no_fallback,36,edge0,intersection_02,False,16,0,16,0.15937933884561062,True
outage_no_fallback,36,edge0,intersection_03,False,16,0,16,0.11822064314037561,True
outage_no_fallback,36,edge0,intersection_04,False,16,0,16,0.21167153283022344,True
outage_no_fallback,36,edge0,intersection_05,False,16,0,16,0.059465801576152444,True
outage_no_fallback,36,edge0,intersection_06,False,16,0,16,0.11779581010341644,True
outage_no_fallback,36,edge1,intersection_07,False,16,0,16,0.18116562557406723,True
outage_no_fallback,36,edge1,intersection_08,False,16,0,16,0.11812581727281213,True
outage_no_fallback,36,edge1,intersection_09,False,16,0,16,0.12001068470999599,True
outage_no_fallback,36,edge1,intersection_10,False,16,0,16,0.05147430743090809,True
outage_no_fallback,36,edge1,intersection_11,False,16,0,16,0.2321824012324214,True
outage_no_fallback,36,edge1,intersection_12,False,16,0,16,0.23665579361841083,True
outage_no_fallback,36,edge1,intersection_13,False,16,0,16,0.17610231484286487,True
outage_no_fallback,36,edge2,intersection_14,False,16,0,16,0.06561471405439077,True
outage_no_fallback,36,edge2,intersection_15,False,16,0,16,0.05091621773317456,True
outage_no_fallback,36,edge2,intersection_16,False,16,0,16,0.17728571058250964,True
outage_no_fallback,36,edge2,intersection_17,False,16,0,16,0.0590050327591598,True
outage_no_fallback,36,edge2,intersection_18,False,16,0,16,0.08153513842262328,True
outage_no_fallback,36,edge2,intersection_19,False,16,0,16,0.12959135603159666,True
outage_no_fallback,36,edge2,intersection_20,False,16,0,16,0.05843101884238422,True
outage_no_fallback,37,edge0,intersection_00,True,0,0,0,,False
outage_no_fallback,37,edge0,intersection_01,False,16,0,16,0.037394164595752954,True
outage_no_fallback,37,edge0,intersection_02,False,16,0,16,0.1198119989130646,True
outage_no_fallback,37,edge0,intersection_03,False,16,0,16,0.11983033665455878,True
outage_no_fallback,37,edge0,intersection_04,False,16,0,16,0.2041767791379243,True
outage_no_fallback,37,edge0,intersection_05,False,16,0,16,0.2968582632020116,True
outage_no_fallback,37,edge0,intersection_06,False,16,0,16,0.00017823302187025547,True
outage_no_fallback,37,edge1,intersection_07,False,16,0,16,0.060298778116703027,True
outage_no_fallback,37,edge1,intersection_08,False,16,0,16,0.17962749558500946,True
outage_no_fallback,37,edge1,intersection_09,False,16,0,16,0.17648513871245086,True
outage_no_fallback,37,edge1,intersection_10,False,16,0,16,0.03212844277732074,True
outage_no_fallback,37,edge1,intersection_11,False,16,0,16,0.117940878495574,True
outage_no_fallback,37,edge1,intersection_12,False,16,0,16,0.0592048643156886,True
outage_no_fallback,37,edge1,intersection_13,False,16,0,16,0.06022157846018672,True
outage_no_fallback,37,edge2,intersection_14,False,16,0,16,0.048700875137001276,True
outage_no_fallback,37,edge2,intersection_15,False,16,0,16,0.17903705360367894,True
outage_no_fallback,37,edge2,intersection_16,False,16,0,16,0.11908576800487936,True
outage_no_fallback,37,edge2,intersection_17,False,16,0,16,0.05708028725348413,True
outage_no_fallback,37,edge2,intersection_18,False,16,0,16,0.046357630053535104,True
outage_no_fallback,37,edge2,intersection_19,False,16,0,16,0.1757624475285411,True
outage_no_fallback,37,edge2,intersection_20,False,16,0,16,0.17707283818162978,True
outage_no_fallback,38,edge0,intersection_00,True,0,0,0,,False
outage_no_fallback,38,edge0,intersection_01,False,16,0,16,0.05131667666137218,True
outage_no_fallback,38,edge0,intersection_02,False,16,0,16,0.00017389771528542042,True
outage_no_fallback,38,edge0,intersection_03,False,16,0,16,0.08791402541100979,True
outage_no_fallback,38,edge0,intersection_04,False,16,0,16,0.060199592728167765,True
outage_no_fallback,38,edge0,intersection_05,False,16,0,16,0.00019598170183598995,True
outage_no_fallback,38,edge0,intersection_06,False,16,0,16,0.12989842775277793,True
outage_no_fallback,38,edge1,intersection_07,False,16,0,16,0.05984042701311409,True
outage_no_fallback,38,edge1,intersection_08,False,16,0,16,0.2917846296913922,True
outage_no_fallback,38,edge1,intersection_09,False,16,0,16,0.06346414727158844,True
outage_no_fallback,38,edge1,intersection_10,False,16,0,16,0.15973855182528496,True
outage_no_fallback,38,edge1,intersection_11,False,16,0,16,0.00016922038048505783,True
outage_no_fallback,38,edge1,intersection_12,False,16,0,16,0.00019189435988664627,True
outage_no_fallback,38,edge1,intersection_13,False,16,0,16,0.05580829386599362,True
outage_no_fallback,38,edge2,intersection_14,False,16,0,16,0.049576329533010714,True
outage_no_fallback,38,edge2,intersection_15,False,16,0,16,0.11749974079430103,True
outage_no_fallback,38,edge2,intersection_16,False,16,0,16,0.00019806833006441593,True
outage_no_fallback,38,edge2,intersection_17,False,16,0,16,0.03336373111233115,True
outage_no_fallback,38,edge2,intersection_18,False,16,0,16,0.22148226690478623,True
outage_no_fallback,38,edge2,intersection_19,False,16,0,16,0.11805157130584121,True
outage_no_fallback,38,edge2,intersection_20,False,16,0,16,0.00016510416753590107,True
outage_no_fallback,39,edge0,intersection_00,True,0,0,0,,False
outage_no_fallback,39,edge0,intersection_01,False,16,0,16,0.021691184723749757,True
outage_no_fallback,39,edge0,intersection_02,False,16,0,16,0.17738974513486028,True
outage_no_fallback,39,edge0,intersection_03,False,16,0,16,0.11933060502633451,True
outage_no_fallback,39,edge0,intersection_04,False,16,0,16,0.1195485785137862,True
outage_no_fallback,39,edge0,intersection_05,False,16,0,16,0.061352569493465126,True
outage_no_fallback,39,edge0,intersection_06,False,16,0,16,0.06798072578385472,True
outage_no_fallback,39,edge1,intersection_07,False,16,0,16,0.23758368170820177,True
outage_no_fallback,39,edge1,intersection_08,False,16,0,16,0.06018071435391903,True
outage_no_fallback,39,edge1,intersection_09,False,16,0,16,0.11240751901641487,True
outage_no_fallback,39,edge1,intersection_10,False,16,0,16,0.1794492430053651,True
outage_no_fallback,39,edge1,intersection_11,False,16,0,16,0.17665084451436994,True
outage_no_fallback,39,edge1,intersection_12,False,16,0,16,0.05942343268543482,True
outage_no_fallback,39,edge1,intersection_13,False,16,0,16,0.00016264664009213448,True
outage_no_fallback,39,edge2,intersection_14,False,16,0,16,0.0002460374962538481,True
outage_no_fallback,39,edge2,intersection_15,False,16,0,16,0.05984738213010133,True
outage_no_fallback,39,edge2,intersection_16,False,16,0,16,0.11986103479284793,True
outage_no_fallback,39,edge2,intersection_17,False,16,0,16,0.051452694460749626,True
outage_no_fallback,39,edge2,intersection_18,False,16,0,16,0.046980096725746996,True
outage_no_fallback,39,edge2,intersection_19,False,16,0,16,0.06022188044153153,True
outage_no_fallback,39,edge2,intersection_20,False,16,0,16,0.0002468531019985676,True
outage_no_fallback,40,edge0,intersection_00,True,0,0,0,,False
outage_no_fallback,40,edge0,intersection_01,False,16,0,16,0.07680201926268637,True
outage_no_fallback,40,edge0,intersection_02,False,16,0,16,0.09967178269289434,True
outage_no_fallback,40,edge0,intersection_03,False,16,0,16,0.00017129117622971535,True
outage_no_fallback,40,edge0,intersection_04,False,16,0,16,0.1779171002563089,True
outage_no_fallback,40,edge0,intersection_05,False,16,0,16,0.04805833310820162,True
outage_no_fallback,40,edge0,intersection_06,False,16,0,16,0.04588170372880995,True
outage_no_fallback,40,edge1,intersection_07,False,16,0,16,0.06018128339201211,True
outage_no_fallback,40,edge1,intersection_08,False,16,0,16,0.058994699735194445,True
outage_no_fallback,40,edge1,intersection_09,False,16,0,16,0.060291302856057875,True
outage_no_fallback,40,edge1,intersection_10,False,16,0,16,0.10828815936110914,True
outage_no_fallback,40,edge1,intersection_11,False,16,0,16,0.057999603217467666,True
outage_no_fallback,40,edge1,intersection_12,False,16,0,16,0.02288304758258164,True
outage_no_fallback,40,edge1,intersection_13,False,16,0,16,0.11835205415263772,True
outage_no_fallback,40,edge2,intersection_14,False,16,0,16,0.11850102874450386,True
outage_no_fallback,40,edge2,intersection_15,False,16,0,16,0.13046250957995653,True
outage_no_fallback,40,edge2,intersection_16,False,16,0,16,0.17849908908829093,True
outage_no_fallback,40,edge2,intersection_17,False,16,0,16,0.05921091395430267,True
outage_no_fallback,40,edge2,intersection_18,False,16,0,16,0.06027013552375137,True
outage_no_fallback,40,edge2,intersection_19,False,16,0,16,0.0002307493705302477,True
outage_no_fallback,40,edge2,intersection_20,False,16,0,16,0.11974548175930975,True
outage_no_fallback,41,edge0,intersection_00,True,0,0,0,,False
outage_no_fallback,41,edge0,intersection_01,False,16,0,16,0.11821714928373694,True
outage_no_fallback,41,edge0,intersection_02,False,16,0,16,0.00018666242249310017,True
outage_no_fallback,41,edge0,intersection_03,False,16,0,16,0.23667411576025188,True
outage_no_fallback,41,edge0,intersection_04,False,16,0,16,0.00016133952885866165,True
outage_no_fallback,41,edge0,intersection_05,False,16,0,16,0.00018479116261005402,True
outage_no_fallback,41,edge0,intersection_06,False,16,0,16,0.11857215827330947,True
outage_no_fallback,41,edge1,intersection_07,False,16,0,16,0.10435606027022003,True
outage_no_fallback,41,edge1,intersection_08,False,16,0,16,0.05868979985825718,True
outage_no_fallback,41,edge1,intersection_09,False,16,0,16,0.08382951724343002,True
outage_no_fallback,41,edge1,intersection_10,False,16,0,16,0.17492842534556982,True
outage_no_fallback,41,edge1,intersection_11,False,16,0,16,0.00021676882170140743,True
outage_no_fallback,41,edge1,intersection_12,False,16,0,16,0.1650177827104926,True
outage_no_fallback,41,edge1,intersection_13,False,16,0,16,0.1714986450970173,True
outage_no_fallback,41,edge2,intersection_14,False,16,0,16,0.12043846002779901,True
outage_no_fallback,41,edge2,intersection_15,False,16,0,16,0.1789593887515366,True
outage_no_fallback,41,edge2,intersection_16,False,16,0,16,0.1189048879314214,True
outage_no_fallback,41,edge2,intersection_17,False,16,0,16,0.08143889205530286,True
outage_no_fallback,41,edge2,intersection_18,False,16,0,16,0.10831962735392153,True
outage_no_fallback,41,edge2,intersection_19,False,16,0,16,0.09789284481666982,True
outage_no_fallback,41,edge2,intersection_20,False,16,0,16,0.15085522481240332,True
outage_no_fallback,42,edge0,intersection_00,True,0,0,0,,False
outage_no_fallback,42,edge0,intersection_01,False,16,0,16,0.0002628238871693611,True
outage_no_fallback,42,edge0,intersection_02,False,16,0,16,0.07998010283336043,True
outage_no_fallback,42,edge0,intersection_03,False,16,0,16,0.06081109936349093,True
outage_no_fallback,42,edge0,intersection_04,False,16,0,16,0.11933223577216268,True
outage_no_fallback,42,edge0,intersection_05,False,16,0,16,0.11844835407100618,True
outage_no_fallback,42,edge0,intersection_06,False,16,0,16,0.11814747820608318,True
outage_no_fallback,42,edge1,intersection_07,False,16,0,16,0.2238109102472663,True
outage_no_fallback,42,edge1,intersection_08,False,16,0,16,0.05975262145511805,True
outage_no_fallback,42,edge1,intersection_09,False,16,0,16,0.12005057814531028,True
outage_no_fallback,42,edge1,intersection_10,False,16,0,16,0.1505751027725637,True
outage_no_fallback,42,edge1,intersection_11,False,16,0,16,0.00021921214647591114,True
outage_no_fallback,42,edge1,intersection_12,False,16,0,16,0.05851921089924872,True
outage_no_fallback,42,edge1,intersection_13,False,16,0,16,0.20783452945761383,True
outage_no_fallback,42,edge2,intersection_14,False,16,0,16,0.06020489521324634,True
outage_no_fallback,42,edge2,intersection_15,False,16,0,16,0.11974810250103474,True
outage_no_fallback,42,edge2,intersection_16,False,16,0,16,0.1181373845320195,True
outage_no_fallback,42,edge2,intersection_17,False,16,0,16,0.2384787171613425,True
outage_no_fallback,42,edge2,intersection_18,False,16,0,16,0.1364972998853773,True
outage_no_fallback,42,edge2,intersection_19,False,16,0,16,0.05979893170297146,True
outage_no_fallback,42,edge2,intersection_20,False,16,0,16,0.11969291837885976,True
outage_no_fallback,43,edge0,intersection_00,True,0,0,0,,False
outage_no_fallback,43,edge0,intersection_01,False,16,0,16,0.17518673092126846,True
outage_no_fallback,43,edge0,intersection_02,False,16,0,16,0.07162102707661688,True
outage_no_fallback,43,edge0,intersection_03,False,16,0,16,0.054657273925840855,True
outage_no_fallback,43,edge0,intersection_04,False,16,0,16,0.12779606878757477,True
outage_no_fallback,43,edge0,intersection_05,False,16,0,16,0.025987999048084017,True
outage_no_fallback,43,edge0,intersection_06,False,16,0,16,0.06023620557971298,True
outage_no_fallback,43,edge1,intersection_07,False,16,0,16,0.05830831546336413,True
outage_no_fallback,43,edge1,intersection_08,False,16,0,16,0.0005731931887567043,True
outage_no_fallback,43,edge1,intersection_09,False,16,0,16,0.05924297356978058,True
outage_no_fallback,43,edge1,intersection_10,False,16,0,16,0.0073200250044465065,True
outage_no_fallback,43,edge1,intersection_11,False,16,0,16,0.11671152152121067,True
outage_no_fallback,43,edge1,intersection_12,False,16,0,16,0.05716296448372305,True
outage_no_fallback,43,edge1,intersection_13,False,16,0,16,0.11774326453451067,True
outage_no_fallback,43,edge2,intersection_14,False,16,0,16,0.14221669337712228,True
outage_no_fallback,43,edge2,intersection_15,False,16,0,16,0.11616793903522193,True
outage_no_fallback,43,edge2,intersection_16,False,16,0,16,0.05397562705911696,True
outage_no_fallback,43,edge2,intersection_17,False,16,0,16,0.00023514521308243275,True
outage_no_fallback,43,edge2,intersection_18,False,16,0,16,0.23883070657029748,True
outage_no_fallback,43,edge2,intersection_19,False,16,0,16,0.00023863906972110271,True
outage_no_fallback,43,edge2,intersection_20,False,16,0,16,0.1191921066492796,True
outage_no_fallback,44,edge0,intersection_00,True,0,0,0,,False
outage_no_fallback,44,edge0,intersection_01,False,16,0,16,0.06958911451511085,True
outage_no_fallback,44,edge0,intersection_02,False,16,0,16,0.1778347019571811,True
outage_no_fallback,44,edge0,intersection_03,False,16,0,16,0.059481346048414714,True
outage_no_fallback,44,edge0,intersection_04,False,16,0,16,0.2359311969485134,True
outage_no_fallback,44,edge0,intersection_05,False,16,0,16,0.07149585243314505,True
outage_no_fallback,44,edge0,intersection_06,False,16,0,16,0.2384547833353281,True
outage_no_fallback,44,edge1,intersection_07,False,16,0,16,0.2363298824056983,True
outage_no_fallback,44,edge1,intersection_08,False,16,0,16,0.003409284632652998,True
outage_no_fallback,44,edge1,intersection_09,False,16,0,16,0.06028438732028007,True
outage_no_fallback,44,edge1,intersection_10,False,16,0,16,0.06020136130973697,True
outage_no_fallback,44,edge1,intersection_11,False,16,0,16,0.08336909743957222,True
outage_no_fallback,44,edge1,intersection_12,False,16,0,16,0.00018648011609911919,True
outage_no_fallback,44,edge1,intersection_13,False,16,0,16,0.059004769194871194,True
outage_no_fallback,44,edge2,intersection_14,False,16,0,16,0.02270386880263686,True
outage_no_fallback,44,edge2,intersection_15,False,16,0,16,0.05961379571817815,True
outage_no_fallback,44,edge2,intersection_16,False,16,0,16,0.11883890070021152,True
outage_no_fallback,44,edge2,intersection_17,False,16,0,16,0.06968103791587055,True
outage_no_fallback,44,edge2,intersection_18,False,16,0,16,0.08338098763488233,True
outage_no_fallback,44,edge2,intersection_19,False,16,0,16,0.2972588608972728,True
outage_no_fallback,44,edge2,intersection_20,False,16,0,16,0.06870752549730241,True
outage_no_fallback,45,edge0,intersection_00,True,0,0,0,,False
outage_no_fallback,45,edge0,intersection_01,False,16,0,16,0.00018006609752774239,True
outage_no_fallback,45,edge0,intersection_02,False,16,0,16,0.05924623063765466,True
outage_no_fallback,45,edge0,intersection_03,False,16,0,16,0.0908412856515497,True
outage_no_fallback,45,edge0,intersection_04,False,16,0,16,0.05812233895994723,True
outage_no_fallback,45,edge0,intersection_05,False,16,0,16,0.11931735998950899,True
outage_no_fallback,45,edge0,intersection_06,False,16,0,16,0.17824315931648016,True
outage_no_fallback,45,edge1,intersection_07,False,16,0,16,0.11906500626355408,True
outage_no_fallback,45,edge1,intersection_08,False,16,0,16,0.060242478037253015,True
outage_no_fallback,45,edge1,intersection_09,False,16,0,16,0.045114398701116436,True
outage_no_fallback,45,edge1,intersection_10,False,16,0,16,0.11883482616394757,True
outage_no_fallback,45,edge1,intersection_11,False,16,0,16,0.04843573574908077,True
outage_no_fallback,45,edge1,intersection_12,False,16,0,16,0.06231977394782007,True
outage_no_fallback,45,edge1,intersection_13,False,16,0,16,0.17854271922260523,True
outage_no_fallback,45,edge2,intersection_14,False,16,0,16,0.034038410522043705,True
outage_no_fallback,45,edge2,intersection_15,False,16,0,16,0.00023985165171325207,True
outage_no_fallback,45,edge2,intersection_16,False,16,0,16,0.0590059868991375,True
outage_no_fallback,45,edge2,intersection_17,False,16,0,16,0.1769076487980783,True
outage_no_fallback,45,edge2,intersection_18,False,16,0,16,0.09840492415241897,True
outage_no_fallback,45,edge2,intersection_19,False,16,0,16,0.11551379202865064,True
outage_no_fallback,45,edge2,intersection_20,False,16,0,16,0.09563756990246475,True
outage_no_fallback,46,edge0,intersection_00,True,0,0,0,,False
outage_no_fallback,46,edge0,intersection_01,False,16,0,16,0.10432618367485702,True
outage_no_fallback,46,edge0,intersection_02,False,16,0,16,0.016748722875490785,True
outage_no_fallback,46,edge0,intersection_03,False,16,0,16,0.00027402746491134167,True
outage_no_fallback,46,edge0,intersection_04,False,16,0,16,0.0602382409851998,True
outage_no_fallback,46,edge0,intersection_05,False,16,0,16,0.09859003638848661,True
outage_no_fallback,46,edge0,intersection_06,False,16,0,16,0.00024483236484229565,True
outage_no_fallback,46,edge1,intersection_07,False,16,0,16,0.17946698865853247,True
outage_no_fallback,46,edge1,intersection_08,False,16,0,16,0.0002583384048193693,True
outage_no_fallback,46,edge1,intersection_09,False,16,0,16,0.06000491534359753,True
outage_no_fallback,46,edge1,intersection_10,False,16,0,16,0.11640475504100323,True
outage_no_fallback,46,edge1,intersection_11,False,16,0,16,0.2343845444265753,True
outage_no_fallback,46,edge1,intersection_12,False,16,0,16,0.062331133289262645,True
outage_no_fallback,46,edge1,intersection_13,False,16,0,16,0.11920207017101347,True
outage_no_fallback,46,edge2,intersection_14,False,16,0,16,0.1050800890661776,True
outage_no_fallback,46,edge2,intersection_15,False,16,0,16,0.17535957228392363,True
outage_no_fallback,46,edge2,intersection_16,False,16,0,16,0.0002053743228316307,True
outage_no_fallback,46,edge2,intersection_17,False,16,0,16,0.14328587846830487,True
outage_no_fallback,46,edge2,intersection_18,False,16,0,16,0.07205147389322519,True
outage_no_fallback,46,edge2,intersection_19,False,16,0,16,0.1785550811327994,True
outage_no_fallback,46,edge2,intersection_20,False,16,0,16,0.1184084399137646,True
outage_no_fallback,47,edge0,intersection_00,True,0,0,0,,False
outage_no_fallback,47,edge0,intersection_01,False,16,0,16,0.059702040161937475,True
outage_no_fallback,47,edge0,intersection_02,False,16,0,16,0.05861158506013452,True
outage_no_fallback,47,edge0,intersection_03,False,16,0,16,0.05898845032788813,True
outage_no_fallback,47,edge0,intersection_04,False,16,0,16,0.12929210672155023,True
outage_no_fallback,47,edge0,intersection_05,False,16,0,16,0.03272834699600935,True
outage_no_fallback,47,edge0,intersection_06,False,16,0,16,0.0002108344342559576,True
outage_no_fallback,47,edge1,intersection_07,False,16,0,16,0.23930658539757133,True
outage_no_fallback,47,edge1,intersection_08,False,16,0,16,0.10392245487309991,True
outage_no_fallback,47,edge1,intersection_09,False,16,0,16,0.2256498101633042,True
outage_no_fallback,47,edge1,intersection_10,False,16,0,16,0.027828525751829147,True
outage_no_fallback,47,edge1,intersection_11,False,16,0,16,0.020733411889523268,True
outage_no_fallback,47,edge1,intersection_12,False,16,0,16,0.12023029965348542,True
outage_no_fallback,47,edge1,intersection_13,False,16,0,16,0.00026416382752358913,True
outage_no_fallback,47,edge2,intersection_14,False,16,0,16,0.17790063749998808,True
outage_no_fallback,47,edge2,intersection_15,False,16,0,16,0.05876839393749833,True
outage_no_fallback,47,edge2,intersection_16,False,16,0,16,0.11877467599697411,True
outage_no_fallback,47,edge2,intersection_17,False,16,0,16,0.027268837671726946,True
outage_no_fallback,47,edge2,intersection_18,False,16,0,16,0.025653408374637365,True
outage_no_fallback,47,edge2,intersection_19,False,16,0,16,0.05918296379968524,True
outage_no_fallback,47,edge2,intersection_20,False,16,0,16,0.11894892016425729,True
outage_no_fallback,48,edge0,intersection_00,True,0,0,0,,False
outage_no_fallback,48,edge0,intersection_01,False,16,0,16,0.11665458721108735,True
outage_no_fallback,48,edge0,intersection_02,False,16,0,16,0.05612064921297133,True
outage_no_fallback,48,edge0,intersection_03,False,16,0,16,0.05848394590429962,True
outage_no_fallback,48,edge0,intersection_04,False,16,0,16,0.05928374966606497,True
outage_no_fallback,48,edge0,intersection_05,False,16,0,16,0.06010338291525841,True
outage_no_fallback,48,edge0,intersection_06,False,16,0,16,0.18073284067213535,True
outage_no_fallback,48,edge1,intersection_07,False,16,0,16,0.05874680448323488,True
outage_no_fallback,48,edge1,intersection_08,False,16,0,16,0.1761990776285529,True
outage_no_fallback,48,edge1,intersection_09,False,16,0,16,0.09221128071658313,True
outage_no_fallback,48,edge1,intersection_10,False,16,0,16,0.00017747236415743828,True
outage_no_fallback,48,edge1,intersection_11,False,16,0,16,0.043186900904402144,True
outage_no_fallback,48,edge1,intersection_12,False,16,0,16,0.17572866869159043,True
outage_no_fallback,48,edge1,intersection_13,False,16,0,16,0.2090467249508947,True
outage_no_fallback,48,edge2,intersection_14,False,16,0,16,0.060256421566009515,True
outage_no_fallback,48,edge2,intersection_15,False,16,0,16,0.0606480942806229,True
outage_no_fallback,48,edge2,intersection_16,False,16,0,16,0.11897823051549494,True
outage_no_fallback,48,edge2,intersection_17,False,16,0,16,0.14498352562077343,True
outage_no_fallback,48,edge2,intersection_18,False,16,0,16,0.06019449466839432,True
outage_no_fallback,48,edge2,intersection_19,False,16,0,16,0.0002513530198484659,True
outage_no_fallback,48,edge2,intersection_20,False,16,0,16,0.17614210513420403,True
outage_no_fallback,49,edge0,intersection_00,True,0,0,0,,False
outage_no_fallback,49,edge0,intersection_01,False,16,0,16,0.2990369794424623,True
outage_no_fallback,49,edge0,intersection_02,False,16,0,16,0.11945936037227511,True
outage_no_fallback,49,edge0,intersection_03,False,16,0,16,0.17858289112336934,True
outage_no_fallback,49,edge0,intersection_04,False,16,0,16,0.06010721134953201,True
outage_no_fallback,49,edge0,intersection_05,False,16,0,16,0.1482780259102583,True
outage_no_fallback,49,edge0,intersection_06,False,16,0,16,0.058388064149767153,True
outage_no_fallback,49,edge1,intersection_07,False,16,0,16,0.058591783046722405,True
outage_no_fallback,49,edge1,intersection_08,False,16,0,16,0.06072935415431858,True
outage_no_fallback,49,edge1,intersection_09,False,16,0,16,0.00022016395814716816,True
outage_no_fallback,49,edge1,intersection_10,False,16,0,16,0.060172538505867124,True
outage_no_fallback,49,edge1,intersection_11,False,16,0,16,0.114351452793926,True
outage_no_fallback,49,edge1,intersection_12,False,16,0,16,0.05965124792419373,True
outage_no_fallback,49,edge1,intersection_13,False,16,0,16,0.001876850379630923,True
outage_no_fallback,49,edge2,intersection_14,False,16,0,16,0.0002265993971377611,True
outage_no_fallback,49,edge2,intersection_15,False,16,0,16,0.06073820288293063,True
outage_no_fallback,49,edge2,intersection_16,False,16,0,16,0.04200157732702791,True
outage_no_fallback,49,edge2,intersection_17,False,16,0,16,0.06799407419748604,True
outage_no_fallback,49,edge2,intersection_18,False,16,0,16,0.059804032556712634,True
outage_no_fallback,49,edge2,intersection_19,False,16,0,16,0.059957415796816356,True
outage_no_fallback,49,edge2,intersection_20,False,16,0,16,0.19284787494689226,True
outage_no_fallback,50,edge0,intersection_00,True,0,0,0,,False
outage_no_fallback,50,edge0,intersection_01,False,16,0,16,0.058781346306204796,True
outage_no_fallback,50,edge0,intersection_02,False,16,0,16,0.1786506345961243,True
outage_no_fallback,50,edge0,intersection_03,False,16,0,16,0.08039810485206544,True
outage_no_fallback,50,edge0,intersection_04,False,16,0,16,0.00020042690448462963,True
outage_no_fallback,50,edge0,intersection_05,False,16,0,16,0.3492584992200136,True
outage_no_fallback,50,edge0,intersection_06,False,16,0,16,0.059297763858921826,True
outage_no_fallback,50,edge1,intersection_07,False,16,0,16,0.030724736396223303,True
outage_no_fallback,50,edge1,intersection_08,False,16,0,16,0.04022959806025029,True
outage_no_fallback,50,edge1,intersection_09,False,16,0,16,0.05932409246452153,True
outage_no_fallback,50,edge1,intersection_10,False,16,0,16,0.11917304364033043,True
outage_no_fallback,50,edge1,intersection_11,False,16,0,16,0.059960632817819715,True
outage_no_fallback,50,edge1,intersection_12,False,16,0,16,0.17843371676281095,True
outage_no_fallback,50,edge1,intersection_13,False,16,0,16,0.00017905374988913536,True
outage_no_fallback,50,edge2,intersection_14,False,16,0,16,0.05872921529226005,True
outage_no_fallback,50,edge2,intersection_15,False,16,0,16,0.1258850919548422,True
outage_no_fallback,50,edge2,intersection_16,False,16,0,16,0.178516814019531,True
outage_no_fallback,50,edge2,intersection_17,False,16,0,16,0.1780237522907555,True
outage_no_fallback,50,edge2,intersection_18,False,16,0,16,0.06782145122997463,True
outage_no_fallback,50,edge2,intersection_19,False,16,0,16,0.060162462759762995,True
outage_no_fallback,50,edge2,intersection_20,False,16,0,16,0.1953798606991768,True
outage_no_fallback,51,edge0,intersection_00,True,0,0,0,,False
outage_no_fallback,51,edge0,intersection_01,False,16,0,16,0.05979256075806916,True
outage_no_fallback,51,edge0,intersection_02,False,16,0,16,0.15869500814005733,True
outage_no_fallback,51,edge0,intersection_03,False,16,0,16,0.0594430488999933,True
outage_no_fallback,51,edge0,intersection_04,False,16,0,16,0.06167998560704291,True
outage_no_fallback,51,edge0,intersection_05,False,16,0,16,0.1168281773570925,True
outage_no_fallback,51,edge0,intersection_06,False,16,0,16,0.001121683046221733,True
outage_no_fallback,51,edge1,intersection_07,False,16,0,16,0.06021460820920765,True
outage_no_fallback,51,edge1,intersection_08,False,16,0,16,0.17770839924924076,True
outage_no_fallback,51,edge1,intersection_09,False,16,0,16,0.05892000230960547,True
outage_no_fallback,51,edge1,intersection_10,False,16,0,16,0.1198403078597039,True
outage_no_fallback,51,edge1,intersection_11,False,16,0,16,0.031400493113324046,True
outage_no_fallback,51,edge1,intersection_12,False,16,0,16,0.11952903494238853,True
outage_no_fallback,51,edge1,intersection_13,False,16,0,16,0.11639801529236138,True
outage_no_fallback,51,edge2,intersection_14,False,16,0,16,0.05987720051780344,True
outage_no_fallback,51,edge2,intersection_15,False,16,0,16,0.06841298355720937,True
outage_no_fallback,51,edge2,intersection_16,False,16,0,16,0.07597548188641667,True
outage_no_fallback,51,edge2,intersection_17,False,16,0,16,0.0794878180604428,True
outage_no_fallback,51,edge2,intersection_18,False,16,0,16,0.00022645271383225918,True
outage_no_fallback,51,edge2,intersection_19,False,16,0,16,0.0599047306459397,True
outage_no_fallback,51,edge2,intersection_20,False,16,0,16,0.010837761685252191,True
outage_no_fallback,52,edge0,intersection_00,True,0,0,0,,False
outage_no_fallback,52,edge0,intersection_01,False,16,0,16,0.17777703423053026,True
outage_no_fallback,52,edge0,intersection_02,False,16,0,16,0.12021477706730364,True
outage_no_fallback,52,edge0,intersection_03,False,16,0,16,0.06690625846385956,True
outage_no_fallback,52,edge0,intersection_04,False,16,0,16,0.07452231645584106,True
outage_no_fallback,52,edge0,intersection_05,False,16,0,16,0.24151584482751787,True
outage_no_fallback,52,edge0,intersection_06,False,16,0,16,0.17615957011003047,True
outage_no_fallback,52,edge1,intersection_07,False,16,0,16,0.10138792637735605,True
outage_no_fallback,52,edge1,intersection_08,False,16,0,16,0.06031156796962022,True
outage_no_fallback,52,edge1,intersection_09,False,16,0,16,0.00018367148004472256,True
outage_no_fallback,52,edge1,intersection_10,False,16,0,16,0.07337874732911587,True
outage_no_fallback,52,edge1,intersection_11,False,16,0,16,0.17814469384029508,True
outage_no_fallback,52,edge1,intersection_12,False,16,0,16,0.11747949616983533,True
outage_no_fallback,52,edge1,intersection_13,False,16,0,16,0.05932556977495551,True
outage_no_fallback,52,edge2,intersection_14,False,16,0,16,0.00022830325178802013,True
outage_no_fallback,52,edge2,intersection_15,False,16,0,16,0.17723427200689912,True
outage_no_fallback,52,edge2,intersection_16,False,16,0,16,0.059666631044819944,True
outage_no_fallback,52,edge2,intersection_17,False,16,0,16,0.05918557639233768,True
outage_no_fallback,52,edge2,intersection_18,False,16,0,16,0.1146065650973469,True
outage_no_fallback,52,edge2,intersection_19,False,16,0,16,0.10229602199979126,True
outage_no_fallback,52,edge2,intersection_20,False,16,0,16,0.060215189820155494,True
outage_no_fallback,53,edge0,intersection_00,True,0,0,0,,False
outage_no_fallback,53,edge0,intersection_01,False,16,0,16,0.1785263796336949,True
outage_no_fallback,53,edge0,intersection_02,False,16,0,16,0.12337084952741861,True
outage_no_fallback,53,edge0,intersection_03,False,16,0,16,0.11876059975475073,True
outage_no_fallback,53,edge0,intersection_04,False,16,0,16,0.03238802938722074,True
outage_no_fallback,53,edge0,intersection_05,False,16,0,16,0.059734710259363055,True
outage_no_fallback,53,edge0,intersection_06,False,16,0,16,0.014619047055020928,True
outage_no_fallback,53,edge1,intersection_07,False,16,0,16,0.1773488693870604,True
outage_no_fallback,53,edge1,intersection_08,False,16,0,16,0.11317059607245028,True
outage_no_fallback,53,edge1,intersection_09,False,16,0,16,0.0002198750153183937,True
outage_no_fallback,53,edge1,intersection_10,False,16,0,16,0.14031924703158435,True
outage_no_fallback,53,edge1,intersection_11,False,16,0,16,0.007669956889003514,True
outage_no_fallback,53,edge1,intersection_12,False,16,0,16,0.00021023699082434177,True
outage_no_fallback,53,edge1,intersection_13,False,16,0,16,0.11696738260798156,True
outage_no_fallback,53,edge2,intersection_14,False,16,0,16,0.05995666794478893,True
outage_no_fallback,53,edge2,intersection_15,False,16,0,16,0.0002213721163570881,True
outage_no_fallback,53,edge2,intersection_16,False,16,0,16,0.1494215747807175,True
outage_no_fallback,53,edge2,intersection_17,False,16,0,16,0.0962141053751111,True
outage_no_fallback,53,edge2,intersection_18,False,16,0,16,0.05872601317241788,True
outage_no_fallback,53,edge2,intersection_19,False,16,0,16,0.1758477590046823,True
outage_no_fallback,53,edge2,intersection_20,False,16,0,16,0.11894698766991496,True
outage_no_fallback,54,edge0,intersection_00,True,0,0,0,,False
outage_no_fallback,54,edge0,intersection_01,False,16,0,16,0.11971707735210657,True
outage_no_fallback,54,edge0,intersection_02,False,16,0,16,0.295993059175089,True
outage_no_fallback,54,edge0,intersection_03,False,16,0,16,0.17277712514624,True
outage_no_fallback,54,edge0,intersection_04,False,16,0,16,0.06022485345602035,True
outage_no_fallback,54,edge0,intersection_05,False,16,0,16,0.11982819926925004,True
outage_no_fallback,54,edge0,intersection_06,False,16,0,16,0.0002384129911661148,True
outage_no_fallback,54,edge1,intersection_07,False,16,0,16,0.11943598976358771,True
outage_no_fallback,54,edge1,intersection_08,False,16,0,16,0.11926121544092894,True
outage_no_fallback,54,edge1,intersection_09,False,16,0,16,0.05862722103483974,True
outage_no_fallback,54,edge1,intersection_10,False,16,0,16,0.18825544812716544,True
outage_no_fallback,54,edge1,intersection_11,False,16,0,16,0.11874905601143837,True
outage_no_fallback,54,edge1,intersection_12,False,16,0,16,0.17569729289971292,True
outage_no_fallback,54,edge1,intersection_13,False,16,0,16,0.011969501618295908,True
outage_no_fallback,54,edge2,intersection_14,False,16,0,16,0.11802524980157614,True
outage_no_fallback,54,edge2,intersection_15,False,16,0,16,0.15209818840958178,True
outage_no_fallback,54,edge2,intersection_16,False,16,0,16,0.00018972670659422874,True
outage_no_fallback,54,edge2,intersection_17,False,16,0,16,0.14050097297877073,True
outage_no_fallback,54,edge2,intersection_18,False,16,0,16,0.058602815726771944,True
outage_no_fallback,54,edge2,intersection_19,False,16,0,16,0.00017217430286109447,True
outage_no_fallback,54,edge2,intersection_20,False,16,0,16,0.12028429168276487,True
outage_no_fallback,55,edge0,intersection_00,True,0,0,0,,False
outage_no_fallback,55,edge0,intersection_01,False,16,0,16,0.05860419780947268,True
outage_no_fallback,55,edge0,intersection_02,False,16,0,16,0.16466185334138572,True
outage_no_fallback,55,edge0,intersection_03,False,16,0,16,0.030856174184009433,True
outage_no_fallback,55,edge0,intersection_04,False,16,0,16,0.17606931761838496,True
outage_no_fallback,55,edge0,intersection_05,False,16,0,16,0.16541199944913387,True
outage_no_fallback,55,edge0,intersection_06,False,16,0,16,0.06878517894074321,True
outage_no_fallback,55,edge1,intersection_07,False,16,0,16,0.059295184910297394,True
outage_no_fallback,55,edge1,intersection_08,False,16,0,16,0.059350940864533186,True
outage_no_fallback,55,edge1,intersection_09,False,16,0,16,0.05833562789484858,True
outage_no_fallback,55,edge1,intersection_10,False,16,0,16,0.05937248561531306,True
outage_no_fallback,55,edge1,intersection_11,False,16,0,16,0.17814832902513444,True
outage_no_fallback,55,edge1,intersection_12,False,16,0,16,0.05954565014690161,True
outage_no_fallback,55,edge1,intersection_13,False,16,0,16,0.17890615994110703,True
outage_no_fallback,55,edge2,intersection_14,False,16,0,16,0.06070453429128974,True
outage_no_fallback,55,edge2,intersection_15,False,16,0,16,0.1795933237299323,True
outage_no_fallback,55,edge2,intersection_16,False,16,0,16,0.1070960711222142,True
outage_no_fallback,55,edge2,intersection_17,False,16,0,16,0.05885992175899446,True
outage_no_fallback,55,edge2,intersection_18,False,16,0,16,0.052811165107414126,True
outage_no_fallback,55,edge2,intersection_19,False,16,0,16,0.05534821283072233,True
outage_no_fallback,55,edge2,intersection_20,False,16,0,16,0.05898964358493686,True
outage_no_fallback,56,edge0,intersection_00,True,0,0,0,,False
outage_no_fallback,56,edge0,intersection_01,False,16,0,16,0.23792945267632604,True
outage_no_fallback,56,edge0,intersection_02,False,16,0,16,0.17136128386482596,True
outage_no_fallback,56,edge0,intersection_03,False,16,0,16,0.356606085319072,True
outage_no_fallback,56,edge0,intersection_04,False,16,0,16,0.11999460775405167,True
outage_no_fallback,56,edge0,intersection_05,False,16,0,16,0.0002343985252082348,True
outage_no_fallback,56,edge0,intersection_06,False,16,0,16,0.059196982299909,True
outage_no_fallback,56,edge1,intersection_07,False,16,0,16,0.17884675320237875,True
outage_no_fallback,56,edge1,intersection_08,False,16,0,16,0.1172603212762624,True
outage_no_fallback,56,edge1,intersection_09,False,16,0,16,0.13997081317938864,True
outage_no_fallback,56,edge1,intersection_10,False,16,0,16,0.03866872191429138,True
outage_no_fallback,56,edge1,intersection_11,False,16,0,16,0.05789457727223635,True
outage_no_fallback,56,edge1,intersection_12,False,16,0,16,0.0024658008478581905,True
outage_no_fallback,56,edge1,intersection_13,False,16,0,16,0.05803589639253914,True
outage_no_fallback,56,edge2,intersection_14,False,16,0,16,0.16731734131462872,True
outage_no_fallback,56,edge2,intersection_15,False,16,0,16,0.00024110986851155758,True
outage_no_fallback,56,edge2,intersection_16,False,16,0,16,0.00018962123431265354,True
outage_no_fallback,56,edge2,intersection_17,False,16,0,16,0.05528195947408676,True
outage_no_fallback,56,edge2,intersection_18,False,16,0,16,0.08368933177553116,True
outage_no_fallback,56,edge2,intersection_19,False,16,0,16,0.13482310762628913,True
outage_no_fallback,56,edge2,intersection_20,False,16,0,16,0.11730871582403779,True
outage_no_fallback,57,edge0,intersection_00,True,0,0,0,,False
outage_no_fallback,57,edge0,intersection_01,False,16,0,16,0.1263947261031717,True
outage_no_fallback,57,edge0,intersection_02,False,16,0,16,0.0016259223921224475,True
outage_no_fallback,57,edge0,intersection_03,False,16,0,16,0.016551921609789133,True
outage_no_fallback,57,edge0,intersection_04,False,16,0,16,0.00021321256645023823,True
outage_no_fallback,57,edge0,intersection_05,False,16,0,16,0.00022459682077169418,True
outage_no_fallback,57,edge0,intersection_06,False,16,0,16,0.00022284057922661304,True
outage_no_fallback,57,edge1,intersection_07,False,16,0,16,0.17885624524205923,True
outage_no_fallback,57,edge1,intersection_08,False,16,0,16,0.017406111117452383,True
outage_no_fallback,57,edge1,intersection_09,False,16,0,16,0.05913172918371856,True
outage_no_fallback,57,edge1,intersection_10,False,16,0,16,0.058994633378461,True
outage_no_fallback,57,edge1,intersection_11,False,16,0,16,0.05968643259257078,True
outage_no_fallback,57,edge1,intersection_12,False,16,0,16,0.10117099154740572,True
outage_no_fallback,57,edge1,intersection_13,False,16,0,16,0.1497050877660513,True
outage_no_fallback,57,edge2,intersection_14,False,16,0,16,0.17667179554700851,True
outage_no_fallback,57,edge2,intersection_15,False,16,0,16,0.16754287667572498,True
outage_no_fallback,57,edge2,intersection_16,False,16,0,16,0.05912534752860665,True
outage_no_fallback,57,edge2,intersection_17,False,16,0,16,0.029464225051924583,True
outage_no_fallback,57,edge2,intersection_18,False,16,0,16,0.06020447122864425,True
outage_no_fallback,57,edge2,intersection_19,False,16,0,16,0.1024958121124655,True
outage_no_fallback,57,edge2,intersection_20,False,16,0,16,0.09554802859202027,True
outage_no_fallback,58,edge0,intersection_00,True,0,0,0,,False
outage_no_fallback,58,edge0,intersection_01,False,16,0,16,0.11988466884940863,True
outage_no_fallback,58,edge0,intersection_02,False,16,0,16,0.0593805939424783,True
outage_no_fallback,58,edge0,intersection_03,False,16,0,16,0.00023574917577207088,True
outage_no_fallback,58,edge0,intersection_04,False,16,0,16,0.11618535895831883,True
outage_no_fallback,58,edge0,intersection_05,False,16,0,16,0.23479504184797406,True
outage_no_fallback,58,edge0,intersection_06,False,16,0,16,0.1183209540322423,True
outage_no_fallback,58,edge1,intersection_07,False,16,0,16,0.13107202691026032,True
outage_no_fallback,58,edge1,intersection_08,False,16,0,16,0.10712410090491176,True
outage_no_fallback,58,edge1,intersection_09,False,16,0,16,0.05832130601629614,True
outage_no_fallback,58,edge1,intersection_10,False,16,0,16,0.08749563316814601,True
outage_no_fallback,58,edge1,intersection_11,False,16,0,16,0.11698778322897851,True
outage_no_fallback,58,edge1,intersection_12,False,16,0,16,0.17837873799726367,True
outage_no_fallback,58,edge1,intersection_13,False,16,0,16,0.0012093634577468038,True
outage_no_fallback,58,edge2,intersection_14,False,16,0,16,0.0001966194249689579,True
outage_no_fallback,58,edge2,intersection_15,False,16,0,16,0.14981697569601238,True
outage_no_fallback,58,edge2,intersection_16,False,16,0,16,0.06694596773013471,True
outage_no_fallback,58,edge2,intersection_17,False,16,0,16,0.002953942399471998,True
outage_no_fallback,58,edge2,intersection_18,False,16,0,16,0.06564280507154763,True
outage_no_fallback,58,edge2,intersection_19,False,16,0,16,0.17883795127272606,True
outage_no_fallback,58,edge2,intersection_20,False,16,0,16,0.027766156708821654,True
outage_no_fallback,59,edge0,intersection_00,True,0,0,0,,False
outage_no_fallback,59,edge0,intersection_01,False,16,0,16,0.11899540503509341,True
outage_no_fallback,59,edge0,intersection_02,False,16,0,16,0.0002550890203565359,True
outage_no_fallback,59,edge0,intersection_03,False,16,0,16,0.2569931079633534,True
outage_no_fallback,59,edge0,intersection_04,False,16,0,16,0.11052348255179822,True
outage_no_fallback,59,edge0,intersection_05,False,16,0,16,0.00020594894886016846,True
outage_no_fallback,59,edge0,intersection_06,False,16,0,16,0.059423142345622175,True
outage_no_fallback,59,edge1,intersection_07,False,16,0,16,0.12020937632769346,True
outage_no_fallback,59,edge1,intersection_08,False,16,0,16,0.11976485373452306,True
outage_no_fallback,59,edge1,intersection_09,False,16,0,16,0.11816414073109627,True
outage_no_fallback,59,edge1,intersection_10,False,16,0,16,0.0026779687032103534,True
outage_no_fallback,59,edge1,intersection_11,False,16,0,16,0.05903904535807669,True
outage_no_fallback,59,edge1,intersection_12,False,16,0,16,0.21770916343666613,True
outage_no_fallback,59,edge1,intersection_13,False,16,0,16,0.0588220541831106,True
outage_no_fallback,59,edge2,intersection_14,False,16,0,16,0.0595302504952997,True
outage_no_fallback,59,edge2,intersection_15,False,16,0,16,0.11354581476189196,True
outage_no_fallback,59,edge2,intersection_16,False,16,0,16,0.1207156719174236,True
outage_no_fallback,59,edge2,intersection_17,False,16,0,16,0.1258412878960371,True
outage_no_fallback,59,edge2,intersection_18,False,16,0,16,0.17172316857613623,True
outage_no_fallback,59,edge2,intersection_19,False,16,0,16,0.05941243935376406,True
outage_no_fallback,59,edge2,intersection_20,False,16,0,16,0.1195622368250042,True
outage_no_fallback,60,edge0,intersection_00,True,0,0,0,,False
outage_no_fallback,60,edge0,intersection_01,False,16,0,16,0.11982855363748968,True
outage_no_fallback,60,edge0,intersection_02,False,16,0,16,0.05908451718278229,True
outage_no_fallback,60,edge0,intersection_03,False,16,0,16,0.05717499740421772,True
outage_no_fallback,60,edge0,intersection_04,False,16,0,16,0.00023872451856732368,True
outage_no_fallback,60,edge0,intersection_05,False,16,0,16,0.059731771470978856,True
outage_no_fallback,60,edge0,intersection_06,False,16,0,16,0.060187611030414694,True
outage_no_fallback,60,edge1,intersection_07,False,16,0,16,0.10694939619861543,True
outage_no_fallback,60,edge1,intersection_08,False,16,0,16,0.11806157883256672,True
outage_no_fallback,60,edge1,intersection_09,False,16,0,16,0.07424178184010088,True
outage_no_fallback,60,edge1,intersection_10,False,16,0,16,0.05908817099407315,True
outage_no_fallback,60,edge1,intersection_11,False,16,0,16,0.17698820331133902,True
outage_no_fallback,60,edge1,intersection_12,False,16,0,16,0.11925350758247077,True
outage_no_fallback,60,edge1,intersection_13,False,16,0,16,0.15867915167473257,True
outage_no_fallback,60,edge2,intersection_14,False,16,0,16,0.11958622303791344,True
outage_no_fallback,60,edge2,intersection_15,False,16,0,16,0.05906058917753398,True
outage_no_fallback,60,edge2,intersection_16,False,16,0,16,0.08905317983590066,True
outage_no_fallback,60,edge2,intersection_17,False,16,0,16,0.11923908302560449,True
outage_no_fallback,60,edge2,intersection_18,False,16,0,16,0.11792824673466384,True
outage_no_fallback,60,edge2,intersection_19,False,16,0,16,0.06019406532868742,True
outage_no_fallback,60,edge2,intersection_20,False,16,0,16,0.17944209487177432,True
outage_no_fallback,61,edge0,intersection_00,False,16,0,16,0.07175759971141815,True
outage_no_fallback,61,edge0,intersection_01,False,16,0,16,0.11780330771580338,True
outage_no_fallback,61,edge0,intersection_02,False,16,0,16,0.11962480307556689,True
outage_no_fallback,61,edge0,intersection_03,False,16,0,16,0.05986320041120052,True
outage_no_fallback,61,edge0,intersection_04,False,16,0,16,0.00024064164608716965,True
outage_no_fallback,61,edge0,intersection_05,False,16,0,16,0.17701092408969998,True
outage_no_fallback,61,edge0,intersection_06,False,16,0,16,0.11989495134912431,True
outage_no_fallback,61,edge1,intersection_07,False,16,0,16,0.0941165336407721,True
outage_no_fallback,61,edge1,intersection_08,False,16,0,16,0.17684167041443288,True
outage_no_fallback,61,edge1,intersection_09,False,16,0,16,0.2377084989566356,True
outage_no_fallback,61,edge1,intersection_10,False,16,0,16,0.23639210779219866,True
outage_no_fallback,61,edge1,intersection_11,False,16,0,16,0.05906873708590866,True
outage_no_fallback,61,edge1,intersection_12,False,16,0,16,0.17193238949403167,True
outage_no_fallback,61,edge1,intersection_13,False,16,0,16,0.0592193747870624,True
outage_no_fallback,61,edge2,intersection_14,False,16,0,16,0.09994460782036185,True
outage_no_fallback,61,edge2,intersection_15,False,16,0,16,0.05966634070500731,True
outage_no_fallback,61,edge2,intersection_16,False,16,0,16,0.2026772832032293,True
outage_no_fallback,61,edge2,intersection_17,False,16,0,16,0.061379275051876896,True
outage_no_fallback,61,edge2,intersection_18,False,16,0,16,0.11806571530178189,True
outage_no_fallback,61,edge2,intersection_19,False,16,0,16,0.00018402887508273125,True
outage_no_fallback,61,edge2,intersection_20,False,16,0,16,0.1778958928771317,True
outage_no_fallback,62,edge0,intersection_00,False,16,0,16,0.06028752075508236,True
outage_no_fallback,62,edge0,intersection_01,False,16,0,16,0.11889420729130507,True
outage_no_fallback,62,edge0,intersection_02,False,16,0,16,0.029758112505078316,True
outage_no_fallback,62,edge0,intersection_03,False,16,0,16,0.11998184793628752,True
outage_no_fallback,62,edge0,intersection_04,False,16,0,16,0.0002248804084956646,True
outage_no_fallback,62,edge0,intersection_05,False,16,0,16,0.0002266247756779194,True
outage_no_fallback,62,edge0,intersection_06,False,16,0,16,0.060085563221946366,True
outage_no_fallback,62,edge1,intersection_07,False,16,0,16,0.033126635709777474,True
outage_no_fallback,62,edge1,intersection_08,False,16,0,16,0.11945205577649176,True
outage_no_fallback,62,edge1,intersection_09,False,16,0,16,0.11916988575831056,True
outage_no_fallback,62,edge1,intersection_10,False,16,0,16,0.000298565486446023,True
outage_no_fallback,62,edge1,intersection_11,False,16,0,16,0.11707903584465384,True
outage_no_fallback,62,edge1,intersection_12,False,16,0,16,0.00016779825091362,True
outage_no_fallback,62,edge1,intersection_13,False,16,0,16,0.06020974530838429,True
outage_no_fallback,62,edge2,intersection_14,False,16,0,16,0.11139790376182646,True
outage_no_fallback,62,edge2,intersection_15,False,16,0,16,0.1057404363527894,True
outage_no_fallback,62,edge2,intersection_16,False,16,0,16,0.1782489053439349,True
outage_no_fallback,62,edge2,intersection_17,False,16,0,16,0.17806480289436877,True
outage_no_fallback,62,edge2,intersection_18,False,16,0,16,0.05991680105216801,True
outage_no_fallback,62,edge2,intersection_19,False,16,0,16,0.17958054598420858,True
outage_no_fallback,62,edge2,intersection_20,False,16,0,16,0.00022411183454096317,True
outage_no_fallback,63,edge0,intersection_00,False,16,0,16,0.00024081510491669178,True
outage_no_fallback,63,edge0,intersection_01,False,16,0,16,0.06022736802697181,True
outage_no_fallback,63,edge0,intersection_02,False,16,0,16,0.00021319137886166573,True
outage_no_fallback,63,edge0,intersection_03,False,16,0,16,0.11853801482357085,True
outage_no_fallback,63,edge0,intersection_04,False,16,0,16,0.2924117110669613,True
outage_no_fallback,63,edge0,intersection_05,False,16,0,16,0.059056918835267425,True
outage_no_fallback,63,edge0,intersection_06,False,16,0,16,0.0002459802199155092,True
outage_no_fallback,63,edge1,intersection_07,False,16,0,16,0.05768452514894307,True
outage_no_fallback,63,edge1,intersection_08,False,16,0,16,0.06008744635619224,True
outage_no_fallback,63,edge1,intersection_09,False,16,0,16,0.02377456286922097,True
outage_no_fallback,63,edge1,intersection_10,False,16,0,16,0.045299638528376825,True
outage_no_fallback,63,edge1,intersection_11,False,16,0,16,0.2376089810859412,True
outage_no_fallback,63,edge1,intersection_12,False,16,0,16,0.0001743985339999199,True
outage_no_fallback,63,edge1,intersection_13,False,16,0,16,0.00020849728025496006,True
outage_no_fallback,63,edge2,intersection_14,False,16,0,16,0.23729063454084098,True
outage_no_fallback,63,edge2,intersection_15,False,16,0,16,0.0001987311989068985,True
outage_no_fallback,63,edge2,intersection_16,False,16,0,16,0.103860919829458,True
outage_no_fallback,63,edge2,intersection_17,False,16,0,16,0.11977036483585835,True
outage_no_fallback,63,edge2,intersection_18,False,16,0,16,0.1772000368218869,True
outage_no_fallback,63,edge2,intersection_19,False,16,0,16,0.09092591726221144,True
outage_no_fallback,63,edge2,intersection_20,False,16,0,16,0.02083748823497444,True
outage_no_fallback,64,edge0,intersection_00,False,16,0,16,0.00019954401068389416,True
outage_no_fallback,64,edge0,intersection_01,False,16,0,16,0.0003738701343536377,True
outage_no_fallback,64,edge0,intersection_02,False,16,0,16,0.09732292639091611,True
outage_no_fallback,64,edge0,intersection_03,False,16,0,16,0.10865389718674123,True
outage_no_fallback,64,edge0,intersection_04,False,16,0,16,0.08172359480522573,True
outage_no_fallback,64,edge0,intersection_05,False,16,0,16,0.05868362984620034,True
outage_no_fallback,64,edge0,intersection_06,False,16,0,16,0.00023971917107701302,True
outage_no_fallback,64,edge1,intersection_07,False,16,0,16,0.1358654231298715,True
outage_no_fallback,64,edge1,intersection_08,False,16,0,16,0.13660077704116702,True
outage_no_fallback,64,edge1,intersection_09,False,16,0,16,0.14054557727649808,True
outage_no_fallback,64,edge1,intersection_10,False,16,0,16,0.04523728368803859,True
outage_no_fallback,64,edge1,intersection_11,False,16,0,16,0.05841899919323624,True
outage_no_fallback,64,edge1,intersection_12,False,16,0,16,0.021465535741299387,True
outage_no_fallback,64,edge1,intersection_13,False,16,0,16,0.00024508778005838394,True
outage_no_fallback,64,edge2,intersection_14,False,16,0,16,0.05933078937232494,True
outage_no_fallback,64,edge2,intersection_15,False,16,0,16,0.17843808443285525,True
outage_no_fallback,64,edge2,intersection_16,False,16,0,16,0.1196621402632445,True
outage_no_fallback,64,edge2,intersection_17,False,16,0,16,0.11802572989836335,True
outage_no_fallback,64,edge2,intersection_18,False,16,0,16,0.18065706244669852,True
outage_no_fallback,64,edge2,intersection_19,False,16,0,16,0.11885620560497046,True
outage_no_fallback,64,edge2,intersection_20,False,16,0,16,0.05760456807911396,True
outage_no_fallback,65,edge0,intersection_00,False,16,0,16,0.11977234040386975,True
outage_no_fallback,65,edge0,intersection_01,False,16,0,16,0.067807782208547,True
outage_no_fallback,65,edge0,intersection_02,False,16,0,16,0.0002346336841583252,True
outage_no_fallback,65,edge0,intersection_03,False,16,0,16,0.030952969798818227,True
outage_no_fallback,65,edge0,intersection_04,False,16,0,16,0.000157203059643507,True
outage_no_fallback,65,edge0,intersection_05,False,16,0,16,0.17871021735481918,True
outage_no_fallback,65,edge0,intersection_06,False,16,0,16,0.23707937891595066,True
outage_no_fallback,65,edge1,intersection_07,False,16,0,16,0.11497053015045822,True
outage_no_fallback,65,edge1,intersection_08,False,16,0,16,0.08293113857507706,True
outage_no_fallback,65,edge1,intersection_09,False,16,0,16,0.0004015321610495448,True
outage_no_fallback,65,edge1,intersection_10,False,16,0,16,0.17903056088835,True
outage_no_fallback,65,edge1,intersection_11,False,16,0,16,0.11764964950270951,True
outage_no_fallback,65,edge1,intersection_12,False,16,0,16,0.04279854544438422,True
outage_no_fallback,65,edge1,intersection_13,False,16,0,16,0.060281347017735236,True
outage_no_fallback,65,edge2,intersection_14,False,16,0,16,0.09290491370484233,True
outage_no_fallback,65,edge2,intersection_15,False,16,0,16,0.05906983418390154,True
outage_no_fallback,65,edge2,intersection_16,False,16,0,16,0.050092730205506086,True
outage_no_fallback,65,edge2,intersection_17,False,16,0,16,0.12701277853921056,True
outage_no_fallback,65,edge2,intersection_18,False,16,0,16,0.12025012169033288,True
outage_no_fallback,65,edge2,intersection_19,False,16,0,16,0.20045952289365232,True
outage_no_fallback,65,edge2,intersection_20,False,16,0,16,0.0002693918067961931,True
outage_no_fallback,66,edge0,intersection_00,False,16,0,16,0.004058076301589608,True
outage_no_fallback,66,edge0,intersection_01,False,16,0,16,0.059740782249718904,True
outage_no_fallback,66,edge0,intersection_02,False,16,0,16,0.11968938377685844,True
outage_no_fallback,66,edge0,intersection_03,False,16,0,16,0.12013497343286872,True
outage_no_fallback,66,edge0,intersection_04,False,16,0,16,0.06026505446061491,True
outage_no_fallback,66,edge0,intersection_05,False,16,0,16,0.05579713871702552,True
outage_no_fallback,66,edge0,intersection_06,False,16,0,16,0.00017534499056637287,True
outage_no_fallback,66,edge1,intersection_07,False,16,0,16,0.05987093364819884,True
outage_no_fallback,66,edge1,intersection_08,False,16,0,16,0.00014212029054760933,True
outage_no_fallback,66,edge1,intersection_09,False,16,0,16,0.11830970784649253,True
outage_no_fallback,66,edge1,intersection_10,False,16,0,16,0.1801722159143537,True
outage_no_fallback,66,edge1,intersection_11,False,16,0,16,0.06020669173449277,True
outage_no_fallback,66,edge1,intersection_12,False,16,0,16,0.00021891877986490726,True
outage_no_fallback,66,edge1,intersection_13,False,16,0,16,0.1184061118401587,True
outage_no_fallback,66,edge2,intersection_14,False,16,0,16,0.0002613919787108898,True
outage_no_fallback,66,edge2,intersection_15,False,16,0,16,0.12000745884142815,True
outage_no_fallback,66,edge2,intersection_16,False,16,0,16,0.06019328790716826,True
outage_no_fallback,66,edge2,intersection_17,False,16,0,16,0.17870171321555972,True
outage_no_fallback,66,edge2,intersection_18,False,16,0,16,0.1792128833476454,True
outage_no_fallback,66,edge2,intersection_19,False,16,0,16,0.08379101543687284,True
outage_no_fallback,66,edge2,intersection_20,False,16,0,16,0.04835029155947268,True
outage_no_fallback,67,edge0,intersection_00,False,16,0,16,0.11724821315146983,True
outage_no_fallback,67,edge0,intersection_01,False,16,0,16,0.17943105497397482,True
outage_no_fallback,67,edge0,intersection_02,False,16,0,16,0.11971620190888643,True
outage_no_fallback,67,edge0,intersection_03,False,16,0,16,0.11951598920859396,True
outage_no_fallback,67,edge0,intersection_04,False,16,0,16,0.058846404077485204,True
outage_no_fallback,67,edge0,intersection_05,False,16,0,16,0.06010873313061893,True
outage_no_fallback,67,edge0,intersection_06,False,16,0,16,0.11755593004636467,True
outage_no_fallback,67,edge1,intersection_07,False,16,0,16,0.1957269380800426,True
outage_no_fallback,67,edge1,intersection_08,False,16,0,16,0.06015600543469191,True
outage_no_fallback,67,edge1,intersection_09,False,16,0,16,0.05917723360471428,True
outage_no_fallback,67,edge1,intersection_10,False,16,0,16,0.0002538757398724556,True
outage_no_fallback,67,edge1,intersection_11,False,16,0,16,0.059833197854459286,True
outage_no_fallback,67,edge1,intersection_12,False,16,0,16,0.11927004670724273,True
outage_no_fallback,67,edge1,intersection_13,False,16,0,16,0.11914591863751411,True
outage_no_fallback,67,edge2,intersection_14,False,16,0,16,0.23817346524447203,True
outage_no_fallback,67,edge2,intersection_15,False,16,0,16,0.11884675780311227,True
outage_no_fallback,67,edge2,intersection_16,False,16,0,16,0.00026484718546271324,True
outage_no_fallback,67,edge2,intersection_17,False,16,0,16,0.12027358217164873,True
outage_no_fallback,67,edge2,intersection_18,False,16,0,16,0.06024915562011301,True
outage_no_fallback,67,edge2,intersection_19,False,16,0,16,0.175892862258479,True
outage_no_fallback,67,edge2,intersection_20,False,16,0,16,0.11922782193869352,True
outage_no_fallback,68,edge0,intersection_00,False,16,0,16,0.11967488355003297,True
outage_no_fallback,68,edge0,intersection_01,False,16,0,16,0.00027208426035940647,True
outage_no_fallback,68,edge0,intersection_02,False,16,0,16,0.1191077008843422,True
outage_no_fallback,68,edge0,intersection_03,False,16,0,16,0.11897206329740584,True
outage_no_fallback,68,edge0,intersection_04,False,16,0,16,0.15838127629831433,True
outage_no_fallback,68,edge0,intersection_05,False,16,0,16,0.05950194667093456,True
outage_no_fallback,68,edge0,intersection_06,False,16,0,16,0.20344033418223262,True
outage_no_fallback,68,edge1,intersection_07,False,16,0,16,0.060231665149331086,True
outage_no_fallback,68,edge1,intersection_08,False,16,0,16,0.05783740337938071,True
outage_no_fallback,68,edge1,intersection_09,False,16,0,16,0.18006228702142835,True
outage_no_fallback,68,edge1,intersection_10,False,16,0,16,0.05863044480793178,True
outage_no_fallback,68,edge1,intersection_11,False,16,0,16,0.05853459518402814,True
outage_no_fallback,68,edge1,intersection_12,False,16,0,16,0.05769639019854367,True
outage_no_fallback,68,edge1,intersection_13,False,16,0,16,0.11854293593205512,True
outage_no_fallback,68,edge2,intersection_14,False,16,0,16,0.00021518347784876823,True
outage_no_fallback,68,edge2,intersection_15,False,16,0,16,0.12027118960395454,True
outage_no_fallback,68,edge2,intersection_16,False,16,0,16,0.11590921855531633,True
outage_no_fallback,68,edge2,intersection_17,False,16,0,16,0.00022897683084011078,True
outage_no_fallback,68,edge2,intersection_18,False,16,0,16,0.05904698208905757,True
outage_no_fallback,68,edge2,intersection_19,False,16,0,16,0.05976513656787574,True
outage_no_fallback,68,edge2,intersection_20,False,16,0,16,0.060283886967226856,True
outage_no_fallback,69,edge0,intersection_00,False,16,0,16,0.11890607583336532,True
outage_no_fallback,69,edge0,intersection_01,False,16,0,16,0.1786225293762982,True
outage_no_fallback,69,edge0,intersection_02,False,16,0,16,0.05935325543396175,True
outage_no_fallback,69,edge0,intersection_03,False,16,0,16,0.0592615210916847,True
outage_no_fallback,69,edge0,intersection_04,False,16,0,16,0.1751312999986112,True
outage_no_fallback,69,edge0,intersection_05,False,16,0,16,0.05995859811082482,True
outage_no_fallback,69,edge0,intersection_06,False,16,0,16,0.06021076114848256,True
outage_no_fallback,69,edge1,intersection_07,False,16,0,16,0.02751452336087823,True
outage_no_fallback,69,edge1,intersection_08,False,16,0,16,0.0584704759530723,True
outage_no_fallback,69,edge1,intersection_09,False,16,0,16,0.06024547317065298,True
outage_no_fallback,69,edge1,intersection_10,False,16,0,16,0.1490213677752763,True
outage_no_fallback,69,edge1,intersection_11,False,16,0,16,0.0002003260888159275,True
outage_no_fallback,69,edge1,intersection_12,False,16,0,16,0.17914856504648924,True
outage_no_fallback,69,edge1,intersection_13,False,16,0,16,0.00023577525280416012,True
outage_no_fallback,69,edge2,intersection_14,False,16,0,16,0.1762608264107257,True
outage_no_fallback,69,edge2,intersection_15,False,16,0,16,0.00021171057596802711,True
outage_no_fallback,69,edge2,intersection_16,False,16,0,16,0.12022850848734377,True
outage_no_fallback,69,edge2,intersection_17,False,16,0,16,0.17994503490626812,True
outage_no_fallback,69,edge2,intersection_18,False,16,0,16,0.1352121769450605,True
outage_no_fallback,69,edge2,intersection_19,False,16,0,16,0.00013024243526160717,True
outage_no_fallback,69,edge2,intersection_20,False,16,0,16,0.05865481402724981,True
outage_no_fallback,70,edge0,intersection_00,False,16,0,16,0.0862899802159518,True
outage_no_fallback,70,edge0,intersection_01,False,16,0,16,0.11932218493893741,True
outage_no_fallback,70,edge0,intersection_02,False,16,0,16,0.06021536909975111,True
outage_no_fallback,70,edge0,intersection_03,False,16,0,16,0.00028001400642096996,True
outage_no_fallback,70,edge0,intersection_04,False,16,0,16,0.18610235047526658,True
outage_no_fallback,70,edge0,intersection_05,False,16,0,16,0.17761528957635164,True
outage_no_fallback,70,edge0,intersection_06,False,16,0,16,0.00021386961452662945,True
outage_no_fallback,70,edge1,intersection_07,False,16,0,16,0.11740560038015246,True
outage_no_fallback,70,edge1,intersection_08,False,16,0,16,0.060276878066360944,True
outage_no_fallback,70,edge1,intersection_09,False,16,0,16,0.11659079953096807,True
outage_no_fallback,70,edge1,intersection_10,False,16,0,16,0.0002824212424457073,True
outage_no_fallback,70,edge1,intersection_11,False,16,0,16,0.20974805555306375,True
outage_no_fallback,70,edge1,intersection_12,False,16,0,16,0.0001762493047863245,True
outage_no_fallback,70,edge1,intersection_13,False,16,0,16,0.08056252310052514,True
outage_no_fallback,70,edge2,intersection_14,False,16,0,16,0.11835506814531982,True
outage_no_fallback,70,edge2,intersection_15,False,16,0,16,0.10764297982677817,True
outage_no_fallback,70,edge2,intersection_16,False,16,0,16,0.059357187943533056,True
outage_no_fallback,70,edge2,intersection_17,False,16,0,16,0.0577385036740452,True
outage_no_fallback,70,edge2,intersection_18,False,16,0,16,0.06197451916523277,True
outage_no_fallback,70,edge2,intersection_19,False,16,0,16,0.17873658356256783,True
outage_no_fallback,70,edge2,intersection_20,False,16,0,16,0.05975191597826778,True
outage_no_fallback,71,edge0,intersection_00,False,16,0,16,0.000277241924777627,True
outage_no_fallback,71,edge0,intersection_01,False,16,0,16,0.0002562697045505047,True
outage_no_fallback,71,edge0,intersection_02,False,16,0,16,0.05729899508878589,True
outage_no_fallback,71,edge0,intersection_03,False,16,0,16,0.05728734470903874,True
outage_no_fallback,71,edge0,intersection_04,False,16,0,16,0.00016766414046287537,True
outage_no_fallback,71,edge0,intersection_05,False,16,0,16,0.10371913178823888,True
outage_no_fallback,71,edge0,intersection_06,False,16,0,16,0.11835129978135228,True
outage_no_fallback,71,edge1,intersection_07,False,16,0,16,0.21115751983597875,True
outage_no_fallback,71,edge1,intersection_08,False,16,0,16,0.05764174507930875,True
outage_no_fallback,71,edge1,intersection_09,False,16,0,16,0.04106168565340341,True
outage_no_fallback,71,edge1,intersection_10,False,16,0,16,0.29827462462708354,True
outage_no_fallback,71,edge1,intersection_11,False,16,0,16,0.17660179734230042,True
outage_no_fallback,71,edge1,intersection_12,False,16,0,16,0.05940003041177988,True
outage_no_fallback,71,edge1,intersection_13,False,16,0,16,0.20016502705402672,True
outage_no_fallback,71,edge2,intersection_14,False,16,0,16,0.05806443048641086,True
outage_no_fallback,71,edge2,intersection_15,False,16,0,16,0.2970199645496905,True
outage_no_fallback,71,edge2,intersection_16,False,16,0,16,0.04713558941148222,True
outage_no_fallback,71,edge2,intersection_17,False,16,0,16,0.00019172742031514645,True
outage_no_fallback,71,edge2,intersection_18,False,16,0,16,0.0001840104814618826,True
outage_no_fallback,71,edge2,intersection_19,False,16,0,16,0.1179365508724004,True
outage_no_fallback,71,edge2,intersection_20,False,16,0,16,0.15475553809665143,True
outage_no_fallback,72,edge0,intersection_00,False,16,0,16,0.00016686087474226952,True
outage_no_fallback,72,edge0,intersection_01,False,16,0,16,0.23849127953872085,True
outage_no_fallback,72,edge0,intersection_02,False,16,0,16,0.06020532874390482,True
outage_no_fallback,72,edge0,intersection_03,False,16,0,16,0.11855810019187629,True
outage_no_fallback,72,edge0,intersection_04,False,16,0,16,0.07170461502391845,True
outage_no_fallback,72,edge0,intersection_05,False,16,0,16,0.060028727632015944,True
outage_no_fallback,72,edge0,intersection_06,False,16,0,16,0.16375962970778346,True
outage_no_fallback,72,edge1,intersection_07,False,16,0,16,0.10451080510392785,True
outage_no_fallback,72,edge1,intersection_08,False,16,0,16,0.10447458899579942,True
outage_no_fallback,72,edge1,intersection_09,False,16,0,16,0.13951931148767469,True
outage_no_fallback,72,edge1,intersection_10,False,16,0,16,0.11931338836438954,True
outage_no_fallback,72,edge1,intersection_11,False,16,0,16,0.09386177314445376,True
outage_no_fallback,72,edge1,intersection_12,False,16,0,16,0.09063020767644048,True
outage_no_fallback,72,edge1,intersection_13,False,16,0,16,0.06022065738216042,True
outage_no_fallback,72,edge2,intersection_14,False,16,0,16,0.18285649409517646,True
outage_no_fallback,72,edge2,intersection_15,False,16,0,16,0.14652484958060086,True
outage_no_fallback,72,edge2,intersection_16,False,16,0,16,0.03129696217365563,True
outage_no_fallback,72,edge2,intersection_17,False,16,0,16,0.05889414343982935,True
outage_no_fallback,72,edge2,intersection_18,False,16,0,16,0.0003289927262812853,True
outage_no_fallback,72,edge2,intersection_19,False,16,0,16,0.05291175376623869,True
outage_no_fallback,72,edge2,intersection_20,False,16,0,16,0.05927688744850457,True
outage_no_fallback,73,edge0,intersection_00,False,16,0,16,0.06025487161241471,True
outage_no_fallback,73,edge0,intersection_01,False,16,0,16,0.059787594014778726,True
outage_no_fallback,73,edge0,intersection_02,False,16,0,16,0.05953220790252089,True
outage_no_fallback,73,edge0,intersection_03,False,16,0,16,0.2701858247164637,True
outage_no_fallback,73,edge0,intersection_04,False,16,0,16,0.1198236106429249,True
outage_no_fallback,73,edge0,intersection_05,False,16,0,16,0.17830569739453495,True
outage_no_fallback,73,edge0,intersection_06,False,16,0,16,0.18032913166098294,True
outage_no_fallback,73,edge1,intersection_07,False,16,0,16,0.00016805273480713367,True
outage_no_fallback,73,edge1,intersection_08,False,16,0,16,0.058949526865035295,True
outage_no_fallback,73,edge1,intersection_09,False,16,0,16,0.1555507458979264,True
outage_no_fallback,73,edge1,intersection_10,False,16,0,16,0.00013554864563047886,True
outage_no_fallback,73,edge1,intersection_11,False,16,0,16,0.000300002284348011,True
outage_no_fallback,73,edge1,intersection_12,False,16,0,16,0.11765479715541005,True
outage_no_fallback,73,edge1,intersection_13,False,16,0,16,0.17688815505243838,True
outage_no_fallback,73,edge2,intersection_14,False,16,0,16,0.17958507454022765,True
outage_no_fallback,73,edge2,intersection_15,False,16,0,16,0.00022023566998541355,True
outage_no_fallback,73,edge2,intersection_16,False,16,0,16,0.05954744317568839,True
outage_no_fallback,73,edge2,intersection_17,False,16,0,16,0.10569922788999975,True
outage_no_fallback,73,edge2,intersection_18,False,16,0,16,0.00019628624431788921,True
outage_no_fallback,73,edge2,intersection_19,False,16,0,16,0.06020913133397698,True
outage_no_fallback,73,edge2,intersection_20,False,16,0,16,0.08934477111324668,True
outage_no_fallback,74,edge0,intersection_00,False,16,0,16,0.17517305794171992,True
outage_no_fallback,74,edge0,intersection_01,False,16,0,16,0.11847723508253694,True
outage_no_fallback,74,edge0,intersection_02,False,16,0,16,0.05929420958273113,True
outage_no_fallback,74,edge0,intersection_03,False,16,0,16,0.00018021161668002605,True
outage_no_fallback,74,edge0,intersection_04,False,16,0,16,0.00021101185120642185,True
outage_no_fallback,74,edge0,intersection_05,False,16,0,16,0.11938291369006038,True
outage_no_fallback,74,edge0,intersection_06,False,16,0,16,0.00019792001694440842,True
outage_no_fallback,74,edge1,intersection_07,False,16,0,16,0.04673863807693124,True
outage_no_fallback,74,edge1,intersection_08,False,16,0,16,0.00016397773288190365,True
outage_no_fallback,74,edge1,intersection_09,False,16,0,16,0.18179548089392483,True
outage_no_fallback,74,edge1,intersection_10,False,16,0,16,0.11548446514643727,True
outage_no_fallback,74,edge1,intersection_11,False,16,0,16,0.12109555932693183,True
outage_no_fallback,74,edge1,intersection_12,False,16,0,16,0.11945124063640833,True
outage_no_fallback,74,edge1,intersection_13,False,16,0,16,0.15958285587839782,True
outage_no_fallback,74,edge2,intersection_14,False,16,0,16,0.1199081966187805,True
outage_no_fallback,74,edge2,intersection_15,False,16,0,16,0.00018883496522903442,True
outage_no_fallback,74,edge2,intersection_16,False,16,0,16,0.00015444890595972538,True
outage_no_fallback,74,edge2,intersection_17,False,16,0,16,0.06001266743987799,True
outage_no_fallback,74,edge2,intersection_18,False,16,0,16,0.35689346375875175,True
outage_no_fallback,74,edge2,intersection_19,False,16,0,16,0.060080379946157336,True
outage_no_fallback,74,edge2,intersection_20,False,16,0,16,0.09932038723491132,True
outage_no_fallback,75,edge0,intersection_00,False,16,0,16,0.12021430791355668,True
outage_no_fallback,75,edge0,intersection_01,False,16,0,16,0.059759931173175566,True
outage_no_fallback,75,edge0,intersection_02,False,16,0,16,0.00026819296181201935,True
outage_no_fallback,75,edge0,intersection_03,False,16,0,16,0.17939137131907043,True
outage_no_fallback,75,edge0,intersection_04,False,16,0,16,0.1263836941216141,True
outage_no_fallback,75,edge0,intersection_05,False,16,0,16,0.0593978650867939,True
outage_no_fallback,75,edge0,intersection_06,False,16,0,16,0.12014640448614955,True
outage_no_fallback,75,edge1,intersection_07,False,16,0,16,0.018636768683791157,True
outage_no_fallback,75,edge1,intersection_08,False,16,0,16,0.060257286997511976,True
outage_no_fallback,75,edge1,intersection_09,False,16,0,16,0.0002717121969908476,True
outage_no_fallback,75,edge1,intersection_10,False,16,0,16,0.12021728698164223,True
outage_no_fallback,75,edge1,intersection_11,False,16,0,16,0.0002291281707584858,True
outage_no_fallback,75,edge1,intersection_12,False,16,0,16,0.060177202802151435,True
outage_no_fallback,75,edge1,intersection_13,False,16,0,16,0.060264326864853494,True
outage_no_fallback,75,edge2,intersection_14,False,16,0,16,0.17541426396928728,True
outage_no_fallback,75,edge2,intersection_15,False,16,0,16,0.11895959917455912,True
outage_no_fallback,75,edge2,intersection_16,False,16,0,16,0.05853267316706478,True
outage_no_fallback,75,edge2,intersection_17,False,16,0,16,0.11861736327409744,True
outage_no_fallback,75,edge2,intersection_18,False,16,0,16,0.04104389250278472,True
outage_no_fallback,75,edge2,intersection_19,False,16,0,16,0.00029428303241729736,True
outage_no_fallback,75,edge2,intersection_20,False,16,0,16,0.11065502394922078,True
outage_no_fallback,76,edge0,intersection_00,False,16,0,16,0.0590565896127373,True
outage_no_fallback,76,edge0,intersection_01,False,16,0,16,0.05996757233515382,True
outage_no_fallback,76,edge0,intersection_02,False,16,0,16,0.11676370771601796,True
outage_no_fallback,76,edge0,intersection_03,False,16,0,16,0.11823529750108719,True
outage_no_fallback,76,edge0,intersection_04,False,16,0,16,0.059382556471973665,True
outage_no_fallback,76,edge0,intersection_05,False,16,0,16,0.17816822417080402,True
outage_no_fallback,76,edge0,intersection_06,False,16,0,16,0.17663362598977983,True
outage_no_fallback,76,edge1,intersection_07,False,16,0,16,0.11819374258629978,True
outage_no_fallback,76,edge1,intersection_08,False,16,0,16,0.2884989033918828,True
outage_no_fallback,76,edge1,intersection_09,False,16,0,16,0.05991170485503971,True
outage_no_fallback,76,edge1,intersection_10,False,16,0,16,0.059748091734945774,True
outage_no_fallback,76,edge1,intersection_11,False,16,0,16,0.05867808009497821,True
outage_no_fallback,76,edge1,intersection_12,False,16,0,16,0.11808892642147839,True
outage_no_fallback,76,edge1,intersection_13,False,16,0,16,0.17803946160711348,True
outage_no_fallback,76,edge2,intersection_14,False,16,0,16,0.00018900143913924694,True
outage_no_fallback,76,edge2,intersection_15,False,16,0,16,0.16031119623221457,True
outage_no_fallback,76,edge2,intersection_16,False,16,0,16,0.11907665617763995,True
outage_no_fallback,76,edge2,intersection_17,False,16,0,16,0.0002073750365525484,True
outage_no_fallback,76,edge2,intersection_18,False,16,0,16,0.03917319583706558,True
outage_no_fallback,76,edge2,intersection_19,False,16,0,16,0.20530526037327945,True
outage_no_fallback,76,edge2,intersection_20,False,16,0,16,0.08126968005672097,True
outage_no_fallback,77,edge0,intersection_00,False,16,0,16,0.1202165016438812,True
outage_no_fallback,77,edge0,intersection_01,False,16,0,16,0.1735266603063792,True
outage_no_fallback,77,edge0,intersection_02,False,16,0,16,0.0599062261171639,True
outage_no_fallback,77,edge0,intersection_03,False,16,0,16,0.06033004762139171,True
outage_no_fallback,77,edge0,intersection_04,False,16,0,16,0.05988803948275745,True
outage_no_fallback,77,edge0,intersection_05,False,16,0,16,0.11817309004254639,True
outage_no_fallback,77,edge0,intersection_06,False,16,0,16,0.0012934154365211723,True
outage_no_fallback,77,edge1,intersection_07,False,16,0,16,0.0002089906483888626,True
outage_no_fallback,77,edge1,intersection_08,False,16,0,16,0.0002104397863149643,True
outage_no_fallback,77,edge1,intersection_09,False,16,0,16,0.20174332079477608,True
outage_no_fallback,77,edge1,intersection_10,False,16,0,16,0.038168266881257296,True
outage_no_fallback,77,edge1,intersection_11,False,16,0,16,0.06234358996152877,True
outage_no_fallback,77,edge1,intersection_12,False,16,0,16,0.059991700341925025,True
outage_no_fallback,77,edge1,intersection_13,False,16,0,16,0.11892201052978635,True
outage_no_fallback,77,edge2,intersection_14,False,16,0,16,0.1182129648514092,True
outage_no_fallback,77,edge2,intersection_15,False,16,0,16,0.07599310134537518,True
outage_no_fallback,77,edge2,intersection_16,False,16,0,16,0.14817326120100915,True
outage_no_fallback,77,edge2,intersection_17,False,16,0,16,0.00020006229169666767,True
outage_no_fallback,77,edge2,intersection_18,False,16,0,16,0.0002625442575663328,True
outage_no_fallback,77,edge2,intersection_19,False,16,0,16,0.05968254664912819,True
outage_no_fallback,77,edge2,intersection_20,False,16,0,16,0.19008998456411064,True
outage_no_fallback,78,edge0,intersection_00,False,16,0,16,0.11595053528435528,True
outage_no_fallback,78,edge0,intersection_01,False,16,0,16,0.0004063197411596775,True
outage_no_fallback,78,edge0,intersection_02,False,16,0,16,0.09951100079342723,True
outage_no_fallback,78,edge0,intersection_03,False,16,0,16,0.010785253718495369,True
outage_no_fallback,78,edge0,intersection_04,False,16,0,16,0.05883879028260707,True
outage_no_fallback,78,edge0,intersection_05,False,16,0,16,0.1700732922181487,True
outage_no_fallback,78,edge0,intersection_06,False,16,0,16,0.05896636308170855,True
outage_no_fallback,78,edge1,intersection_07,False,16,0,16,0.11971115367487073,True
outage_no_fallback,78,edge1,intersection_08,False,16,0,16,0.08516671392135322,True
outage_no_fallback,78,edge1,intersection_09,False,16,0,16,0.1775332628749311,True
outage_no_fallback,78,edge1,intersection_10,False,16,0,16,0.17779272655025125,True
outage_no_fallback,78,edge1,intersection_11,False,16,0,16,0.11858696723356843,True
outage_no_fallback,78,edge1,intersection_12,False,16,0,16,0.06027655280195176,True
outage_no_fallback,78,edge1,intersection_13,False,16,0,16,0.23506540851667523,True
outage_no_fallback,78,edge2,intersection_14,False,16,0,16,0.05848150211386382,True
outage_no_fallback,78,edge2,intersection_15,False,16,0,16,0.11727525806054473,True
outage_no_fallback,78,edge2,intersection_16,False,16,0,16,0.21798591292463243,True
outage_no_fallback,78,edge2,intersection_17,False,16,0,16,0.2760413431096822,True
outage_no_fallback,78,edge2,intersection_18,False,16,0,16,0.05811730283312499,True
outage_no_fallback,78,edge2,intersection_19,False,16,0,16,0.059076703386381275,True
outage_no_fallback,78,edge2,intersection_20,False,16,0,16,0.059242736082524054,True
outage_no_fallback,79,edge0,intersection_00,False,16,0,16,0.06021467549726366,True
outage_no_fallback,79,edge0,intersection_01,False,16,0,16,0.00018422887660562992,True
outage_no_fallback,79,edge0,intersection_02,False,16,0,16,0.11836865288205445,True
outage_no_fallback,79,edge0,intersection_03,False,16,0,16,0.0674423526506871,True
outage_no_fallback,79,edge0,intersection_04,False,16,0,16,0.12002243520691991,True
outage_no_fallback,79,edge0,intersection_05,False,16,0,16,0.03385791881009936,True
outage_no_fallback,79,edge0,intersection_06,False,16,0,16,0.060185836395248764,True
outage_no_fallback,79,edge1,intersection_07,False,16,0,16,0.17589137703180313,True
outage_no_fallback,79,edge1,intersection_08,False,16,0,16,0.13964729057624936,True
outage_no_fallback,79,edge1,intersection_09,False,16,0,16,0.00021787220612168312,True
outage_no_fallback,79,edge1,intersection_10,False,16,0,16,0.00024969130754470825,True
outage_no_fallback,79,edge1,intersection_11,False,16,0,16,0.18022157927043733,True
outage_no_fallback,79,edge1,intersection_12,False,16,0,16,0.05846703448332846,True
outage_no_fallback,79,edge1,intersection_13,False,16,0,16,0.11978434189222753,True
outage_no_fallback,79,edge2,intersection_14,False,16,0,16,0.05842067184858024,True
outage_no_fallback,79,edge2,intersection_15,False,16,0,16,0.11394960875622928,True
outage_no_fallback,79,edge2,intersection_16,False,16,0,16,0.05906930682249367,True
outage_no_fallback,79,edge2,intersection_17,False,16,0,16,0.10552098671905696,True
outage_no_fallback,79,edge2,intersection_18,False,16,0,16,0.05778708006255329,True
outage_no_fallback,79,edge2,intersection_19,False,16,0,16,0.005192205775529146,True
outage_no_fallback,79,edge2,intersection_20,False,16,0,16,0.045526096830144525,True
outage_no_fallback,80,edge0,intersection_00,False,16,0,16,0.00025766645558178425,True
outage_no_fallback,80,edge0,intersection_01,False,16,0,16,0.17827488854527473,True
outage_no_fallback,80,edge0,intersection_02,False,16,0,16,0.14054351253435016,True
outage_no_fallback,80,edge0,intersection_03,False,16,0,16,0.1594161163084209,True
outage_no_fallback,80,edge0,intersection_04,False,16,0,16,0.1176082354504615,True
outage_no_fallback,80,edge0,intersection_05,False,16,0,16,0.058100841008126736,True
outage_no_fallback,80,edge0,intersection_06,False,16,0,16,0.000192226842045784,True
outage_no_fallback,80,edge1,intersection_07,False,16,0,16,0.00018338579684495926,True
outage_no_fallback,80,edge1,intersection_08,False,16,0,16,0.11999019258655608,True
outage_no_fallback,80,edge1,intersection_09,False,16,0,16,0.00023048603907227516,True
outage_no_fallback,80,edge1,intersection_10,False,16,0,16,0.0001816765870898962,True
outage_no_fallback,80,edge1,intersection_11,False,16,0,16,0.00021953019313514233,True
outage_no_fallback,80,edge1,intersection_12,False,16,0,16,0.05980019154958427,True
outage_no_fallback,80,edge1,intersection_13,False,16,0,16,0.14648325159214437,True
outage_no_fallback,80,edge2,intersection_14,False,16,0,16,0.17606068146415055,True
outage_no_fallback,80,edge2,intersection_15,False,16,0,16,0.00022286735475063324,True
outage_no_fallback,80,edge2,intersection_16,False,16,0,16,0.057690177811309695,True
outage_no_fallback,80,edge2,intersection_17,False,16,0,16,0.1188316640909761,True
outage_no_fallback,80,edge2,intersection_18,False,16,0,16,0.06736036879010499,True
outage_no_fallback,80,edge2,intersection_19,False,16,0,16,0.05974033940583467,True
outage_no_fallback,80,edge2,intersection_20,False,16,0,16,0.18010024074465036,True
outage_no_fallback,81,edge0,intersection_00,False,16,0,16,0.12023084633983672,True
outage_no_fallback,81,edge0,intersection_01,False,16,0,16,0.11618613498285413,True
outage_no_fallback,81,edge0,intersection_02,False,16,0,16,0.05861100764013827,True
outage_no_fallback,81,edge0,intersection_03,False,16,0,16,0.17748543247580528,True
outage_no_fallback,81,edge0,intersection_04,False,16,0,16,0.05798412067815661,True
outage_no_fallback,81,edge0,intersection_05,False,16,0,16,0.06024666666053235,True
outage_no_fallback,81,edge0,intersection_06,False,16,0,16,0.14992978994268924,True
outage_no_fallback,81,edge1,intersection_07,False,16,0,16,0.12402934208512306,True
outage_no_fallback,81,edge1,intersection_08,False,16,0,16,0.05981458513997495,True
outage_no_fallback,81,edge1,intersection_09,False,16,0,16,0.03936645039357244,True
outage_no_fallback,81,edge1,intersection_10,False,16,0,16,0.05801620660349727,True
outage_no_fallback,81,edge1,intersection_11,False,16,0,16,0.08762945281341672,True
outage_no_fallback,81,edge1,intersection_12,False,16,0,16,0.12008313159458339,True
outage_no_fallback,81,edge1,intersection_13,False,16,0,16,0.06288604950532317,True
outage_no_fallback,81,edge2,intersection_14,False,16,0,16,0.05944946501404047,True
outage_no_fallback,81,edge2,intersection_15,False,16,0,16,0.041736779036000364,True
outage_no_fallback,81,edge2,intersection_16,False,16,0,16,0.0017016965430229902,True
outage_no_fallback,81,edge2,intersection_17,False,16,0,16,0.03993378230370582,True
outage_no_fallback,81,edge2,intersection_18,False,16,0,16,0.05985458451323211,True
outage_no_fallback,81,edge2,intersection_19,False,16,0,16,0.13093580771237612,True
outage_no_fallback,81,edge2,intersection_20,False,16,0,16,0.05942080239765346,True
outage_no_fallback,82,edge0,intersection_00,False,16,0,16,0.18029273604042825,True
outage_no_fallback,82,edge0,intersection_01,False,16,0,16,0.17813471728004515,True
outage_no_fallback,82,edge0,intersection_02,False,16,0,16,0.15137189673259854,True
outage_no_fallback,82,edge0,intersection_03,False,16,0,16,0.06025385065004229,True
outage_no_fallback,82,edge0,intersection_04,False,16,0,16,0.22794116172008216,True
outage_no_fallback,82,edge0,intersection_05,False,16,0,16,0.11322395014576614,True
outage_no_fallback,82,edge0,intersection_06,False,16,0,16,0.059871765784919255,True
outage_no_fallback,82,edge1,intersection_07,False,16,0,16,0.08397694630548358,True
outage_no_fallback,82,edge1,intersection_08,False,16,0,16,0.19129459536634386,True
outage_no_fallback,82,edge1,intersection_09,False,16,0,16,0.09853824367746711,True
outage_no_fallback,82,edge1,intersection_10,False,16,0,16,0.059000911423936486,True
outage_no_fallback,82,edge1,intersection_11,False,16,0,16,0.060132375452667475,True
outage_no_fallback,82,edge1,intersection_12,False,16,0,16,0.17917170422151685,True
outage_no_fallback,82,edge1,intersection_13,False,16,0,16,0.059708209708333015,True
outage_no_fallback,82,edge2,intersection_14,False,16,0,16,0.05981603823602199,True
outage_no_fallback,82,edge2,intersection_15,False,16,0,16,0.00015694252215325832,True
outage_no_fallback,82,edge2,intersection_16,False,16,0,16,0.00021365401335060596,True
outage_no_fallback,82,edge2,intersection_17,False,16,0,16,0.08465891308151186,True
outage_no_fallback,82,edge2,intersection_18,False,16,0,16,0.19465172057971358,True
outage_no_fallback,82,edge2,intersection_19,False,16,0,16,0.08547359611839056,True
outage_no_fallback,82,edge2,intersection_20,False,16,0,16,0.0043913430999964476,True
outage_no_fallback,83,edge0,intersection_00,False,16,0,16,0.00020421785302460194,True
outage_no_fallback,83,edge0,intersection_01,False,16,0,16,0.11856477032415569,True
outage_no_fallback,83,edge0,intersection_02,False,16,0,16,0.04417248372919858,True
outage_no_fallback,83,edge0,intersection_03,False,16,0,16,0.058888807892799384,True
outage_no_fallback,83,edge0,intersection_04,False,16,0,16,0.11866500333417207,True
outage_no_fallback,83,edge0,intersection_05,False,16,0,16,0.3002157472074032,True
outage_no_fallback,83,edge0,intersection_06,False,16,0,16,0.23236235231161118,True
outage_no_fallback,83,edge1,intersection_07,False,16,0,16,0.0002464642748236656,True
outage_no_fallback,83,edge1,intersection_08,False,16,0,16,0.017495748354122043,True
outage_no_fallback,83,edge1,intersection_09,False,16,0,16,0.0003741814289242029,True
outage_no_fallback,83,edge1,intersection_10,False,16,0,16,0.09248877537902445,True
outage_no_fallback,83,edge1,intersection_11,False,16,0,16,0.05833331844769418,True
outage_no_fallback,83,edge1,intersection_12,False,16,0,16,0.18019256833940744,True
outage_no_fallback,83,edge1,intersection_13,False,16,0,16,0.11716189188882709,True
outage_no_fallback,83,edge2,intersection_14,False,16,0,16,0.3651174760889262,True
outage_no_fallback,83,edge2,intersection_15,False,16,0,16,0.06000706856139004,True
outage_no_fallback,83,edge2,intersection_16,False,16,0,16,0.00019709719344973564,True
outage_no_fallback,83,edge2,intersection_17,False,16,0,16,0.04970802064053714,True
outage_no_fallback,83,edge2,intersection_18,False,16,0,16,0.17699128645472229,True
outage_no_fallback,83,edge2,intersection_19,False,16,0,16,0.015730529325082898,True
outage_no_fallback,83,edge2,intersection_20,False,16,0,16,0.14788848208263516,True
outage_no_fallback,84,edge0,intersection_00,False,16,0,16,0.00018276646733283997,True
outage_no_fallback,84,edge0,intersection_01,False,16,0,16,0.0002266943920403719,True
outage_no_fallback,84,edge0,intersection_02,False,16,0,16,0.00020501832477748394,True
outage_no_fallback,84,edge0,intersection_03,False,16,0,16,0.04256977653130889,True
outage_no_fallback,84,edge0,intersection_04,False,16,0,16,0.06627449672669172,True
outage_no_fallback,84,edge0,intersection_05,False,16,0,16,0.23941770568490028,True
outage_no_fallback,84,edge0,intersection_06,False,16,0,16,0.12025217385962604,True
outage_no_fallback,84,edge1,intersection_07,False,16,0,16,0.059597498737275593,True
outage_no_fallback,84,edge1,intersection_08,False,16,0,16,0.12006530980579554,True
outage_no_fallback,84,edge1,intersection_09,False,16,0,16,0.06020304095000028,True
outage_no_fallback,84,edge1,intersection_10,False,16,0,16,0.05992927169427276,True
outage_no_fallback,84,edge1,intersection_11,False,16,0,16,0.057405951200053096,True
outage_no_fallback,84,edge1,intersection_12,False,16,0,16,0.11835692636668682,True
outage_no_fallback,84,edge1,intersection_13,False,16,0,16,0.05978954047895968,True
outage_no_fallback,84,edge2,intersection_14,False,16,0,16,0.00018561631441116333,True
outage_no_fallback,84,edge2,intersection_15,False,16,0,16,0.11926652491092682,True
outage_no_fallback,84,edge2,intersection_16,False,16,0,16,0.038847602205350995,True
outage_no_fallback,84,edge2,intersection_17,False,16,0,16,0.12198533583432435,True
outage_no_fallback,84,edge2,intersection_18,False,16,0,16,0.058574101887643344,True
outage_no_fallback,84,edge2,intersection_19,False,16,0,16,0.05854286113753915,True
outage_no_fallback,84,edge2,intersection_20,False,16,0,16,0.1185995361302048,True
outage_no_fallback,85,edge0,intersection_00,False,16,0,16,0.00026068813167512417,True
outage_no_fallback,85,edge0,intersection_01,False,16,0,16,0.11838642996735871,True
outage_no_fallback,85,edge0,intersection_02,False,16,0,16,0.1169965157750994,True
outage_no_fallback,85,edge0,intersection_03,False,16,0,16,0.1179183681961149,True
outage_no_fallback,85,edge0,intersection_04,False,16,0,16,0.06353140366263688,True
outage_no_fallback,85,edge0,intersection_05,False,16,0,16,0.179832381894812,True
outage_no_fallback,85,edge0,intersection_06,False,16,0,16,0.11796194780617952,True
outage_no_fallback,85,edge1,intersection_07,False,16,0,16,0.11795870028436183,True
outage_no_fallback,85,edge1,intersection_08,False,16,0,16,0.07616941118612885,True
outage_no_fallback,85,edge1,intersection_09,False,16,0,16,0.06714447657577693,True
outage_no_fallback,85,edge1,intersection_10,False,16,0,16,0.12011963757686317,True
outage_no_fallback,85,edge1,intersection_11,False,16,0,16,0.11911164526827632,True
outage_no_fallback,85,edge1,intersection_12,False,16,0,16,0.11870888969860971,True
outage_no_fallback,85,edge1,intersection_13,False,16,0,16,0.12011103890836239,True
outage_no_fallback,85,edge2,intersection_14,False,16,0,16,0.05993488500826061,True
outage_no_fallback,85,edge2,intersection_15,False,16,0,16,0.16812679497525096,True
outage_no_fallback,85,edge2,intersection_16,False,16,0,16,0.11835319292731583,True
outage_no_fallback,85,edge2,intersection_17,False,16,0,16,0.17222192650660872,True
outage_no_fallback,85,edge2,intersection_18,False,16,0,16,0.12455990444868803,True
outage_no_fallback,85,edge2,intersection_19,False,16,0,16,0.05919830757193267,True
outage_no_fallback,85,edge2,intersection_20,False,16,0,16,0.03125745593570173,True
outage_no_fallback,86,edge0,intersection_00,False,16,0,16,0.06022787187248468,True
outage_no_fallback,86,edge0,intersection_01,False,16,0,16,0.20671348879113793,True
outage_no_fallback,86,edge0,intersection_02,False,16,0,16,0.00022712722420692444,True
outage_no_fallback,86,edge0,intersection_03,False,16,0,16,0.04313147789798678,True
outage_no_fallback,86,edge0,intersection_04,False,16,0,16,0.11960791237652302,True
outage_no_fallback,86,edge0,intersection_05,False,16,0,16,0.05910322745330632,True
outage_no_fallback,86,edge0,intersection_06,False,16,0,16,0.17750863661058247,True
outage_no_fallback,86,edge1,intersection_07,False,16,0,16,0.17982622305862606,True
outage_no_fallback,86,edge1,intersection_08,False,16,0,16,0.3471624811645597,True
outage_no_fallback,86,edge1,intersection_09,False,16,0,16,0.23585649696178734,True
outage_no_fallback,86,edge1,intersection_10,False,16,0,16,0.1784532112069428,True
outage_no_fallback,86,edge1,intersection_11,False,16,0,16,0.29454215709120035,True
outage_no_fallback,86,edge1,intersection_12,False,16,0,16,0.11740275169722736,True
outage_no_fallback,86,edge1,intersection_13,False,16,0,16,0.11891668778844178,True
outage_no_fallback,86,edge2,intersection_14,False,16,0,16,0.060239945771172636,True
outage_no_fallback,86,edge2,intersection_15,False,16,0,16,0.14805629127658904,True
outage_no_fallback,86,edge2,intersection_16,False,16,0,16,0.2184693596791476,True
outage_no_fallback,86,edge2,intersection_17,False,16,0,16,0.06020042463205754,True
outage_no_fallback,86,edge2,intersection_18,False,16,0,16,0.0901363487355411,True
outage_no_fallback,86,edge2,intersection_19,False,16,0,16,0.01506581762805581,True
outage_no_fallback,86,edge2,intersection_20,False,16,0,16,0.11791084357537329,True
outage_no_fallback,87,edge0,intersection_00,False,16,0,16,0.06027023377828299,True
outage_no_fallback,87,edge0,intersection_01,False,16,0,16,0.03382419631816447,True
outage_no_fallback,87,edge0,intersection_02,False,16,0,16,0.06024229922331869,True
outage_no_fallback,87,edge0,intersection_03,False,16,0,16,0.060226224595680826,True
outage_no_fallback,87,edge0,intersection_04,False,16,0,16,0.021006118506193158,True
outage_no_fallback,87,edge0,intersection_05,False,16,0,16,0.0001719626598060131,True
outage_no_fallback,87,edge0,intersection_06,False,16,0,16,0.05964819760993123,True
outage_no_fallback,87,edge1,intersection_07,False,16,0,16,0.05932780331932008,True
outage_no_fallback,87,edge1,intersection_08,False,16,0,16,0.08515071379952133,True
outage_no_fallback,87,edge1,intersection_09,False,16,0,16,0.11774200270883739,True
outage_no_fallback,87,edge1,intersection_10,False,16,0,16,0.05994748091325164,True
outage_no_fallback,87,edge1,intersection_11,False,16,0,16,0.23823250480927527,True
outage_no_fallback,87,edge1,intersection_12,False,16,0,16,0.0600965863559395,True
outage_no_fallback,87,edge1,intersection_13,False,16,0,16,0.06022952171042561,True
outage_no_fallback,87,edge2,intersection_14,False,16,0,16,0.08635699097067118,True
outage_no_fallback,87,edge2,intersection_15,False,16,0,16,0.11940436088480055,True
outage_no_fallback,87,edge2,intersection_16,False,16,0,16,0.11906940466724336,True
outage_no_fallback,87,edge2,intersection_17,False,16,0,16,0.17839368409477174,True
outage_no_fallback,87,edge2,intersection_18,False,16,0,16,0.00017667352221906185,True
outage_no_fallback,87,edge2,intersection_19,False,16,0,16,0.06009021517820656,True
outage_no_fallback,87,edge2,intersection_20,False,16,0,16,0.11910679121501744,True
outage_no_fallback,88,edge0,intersection_00,False,16,0,16,0.0001961833331733942,True
outage_no_fallback,88,edge0,intersection_01,False,16,0,16,0.23996660113334656,True
outage_no_fallback,88,edge0,intersection_02,False,16,0,16,0.11846319050528109,True
outage_no_fallback,88,edge0,intersection_03,False,16,0,16,0.05979161034338176,True
outage_no_fallback,88,edge0,intersection_04,False,16,0,16,0.00020847353152930737,True
outage_no_fallback,88,edge0,intersection_05,False,16,0,16,0.11920629115775228,True
outage_no_fallback,88,edge0,intersection_06,False,16,0,16,0.11980768176726997,True
outage_no_fallback,88,edge1,intersection_07,False,16,0,16,0.2366479418706149,True
outage_no_fallback,88,edge1,intersection_08,False,16,0,16,0.05973173747770488,True
outage_no_fallback,88,edge1,intersection_09,False,16,0,16,0.025016012834385037,True
outage_no_fallback,88,edge1,intersection_10,False,16,0,16,0.08060078974813223,True
outage_no_fallback,88,edge1,intersection_11,False,16,0,16,0.2471056126523763,True
outage_no_fallback,88,edge1,intersection_12,False,16,0,16,0.057475556386634714,True
outage_no_fallback,88,edge1,intersection_13,False,16,0,16,0.12021838035434483,True
outage_no_fallback,88,edge2,intersection_14,False,16,0,16,0.061265223659574986,True
outage_no_fallback,88,edge2,intersection_15,False,16,0,16,0.0001784125342965126,True
outage_no_fallback,88,edge2,intersection_16,False,16,0,16,0.05949452379718423,True
outage_no_fallback,88,edge2,intersection_17,False,16,0,16,0.11407541041262448,True
outage_no_fallback,88,edge2,intersection_18,False,16,0,16,0.1687092944048345,True
outage_no_fallback,88,edge2,intersection_19,False,16,0,16,0.10275523085147142,True
outage_no_fallback,88,edge2,intersection_20,False,16,0,16,0.16431418806314468,True
outage_no_fallback,89,edge0,intersection_00,False,16,0,16,0.02171921357512474,True
outage_no_fallback,89,edge0,intersection_01,False,16,0,16,0.05983147071674466,True
outage_no_fallback,89,edge0,intersection_02,False,16,0,16,0.17671743291430175,True
outage_no_fallback,89,edge0,intersection_03,False,16,0,16,0.11904287873767316,True
outage_no_fallback,89,edge0,intersection_04,False,16,0,16,0.17897558701224625,True
outage_no_fallback,89,edge0,intersection_05,False,16,0,16,0.10428466787561774,True
outage_no_fallback,89,edge0,intersection_06,False,16,0,16,0.00021021231077611446,True
outage_no_fallback,89,edge1,intersection_07,False,16,0,16,0.04181328206323087,True
outage_no_fallback,89,edge1,intersection_08,False,16,0,16,0.05854535335674882,True
outage_no_fallback,89,edge1,intersection_09,False,16,0,16,0.00021323561668395996,True
outage_no_fallback,89,edge1,intersection_10,False,16,0,16,0.08029866544529796,True
outage_no_fallback,89,edge1,intersection_11,False,16,0,16,0.00026111677289009094,True
outage_no_fallback,89,edge1,intersection_12,False,16,0,16,0.11993570229969919,True
outage_no_fallback,89,edge1,intersection_13,False,16,0,16,0.1441870464477688,True
outage_no_fallback,89,edge2,intersection_14,False,16,0,16,0.17602527211420238,True
outage_no_fallback,89,edge2,intersection_15,False,16,0,16,0.05919501651078462,True
outage_no_fallback,89,edge2,intersection_16,False,16,0,16,0.0222182497382164,True
outage_no_fallback,89,edge2,intersection_17,False,16,0,16,0.2366128615103662,True
outage_no_fallback,89,edge2,intersection_18,False,16,0,16,0.06024997890926897,True
outage_no_fallback,89,edge2,intersection_19,False,16,0,16,0.059618459548801184,True
outage_no_fallback,89,edge2,intersection_20,False,16,0,16,0.25041666510514915,True
outage_no_fallback,90,edge0,intersection_00,False,16,0,16,0.23603863012976944,True
outage_no_fallback,90,edge0,intersection_01,False,16,0,16,0.17882349563296884,True
outage_no_fallback,90,edge0,intersection_02,False,16,0,16,0.05986459366977215,True
outage_no_fallback,90,edge0,intersection_03,False,16,0,16,0.06037163455039262,True
outage_no_fallback,90,edge0,intersection_04,False,16,0,16,0.06916220718994737,True
outage_no_fallback,90,edge0,intersection_05,False,16,0,16,0.0594139313325286,True
outage_no_fallback,90,edge0,intersection_06,False,16,0,16,0.011892897775396703,True
outage_no_fallback,90,edge1,intersection_07,False,16,0,16,0.11613323027268052,True
outage_no_fallback,90,edge1,intersection_08,False,16,0,16,0.0594239984638989,True
outage_no_fallback,90,edge1,intersection_09,False,16,0,16,0.12028827774338423,True
outage_no_fallback,90,edge1,intersection_10,False,16,0,16,0.11871680431067944,True
outage_no_fallback,90,edge1,intersection_11,False,16,0,16,0.001227307366207242,True
outage_no_fallback,90,edge1,intersection_12,False,16,0,16,0.07754113408736885,True
outage_no_fallback,90,edge1,intersection_13,False,16,0,16,0.00019381381571292877,True
outage_no_fallback,90,edge2,intersection_14,False,16,0,16,0.08779796725139022,True
outage_no_fallback,90,edge2,intersection_15,False,16,0,16,0.17711958335712552,True
outage_no_fallback,90,edge2,intersection_16,False,16,0,16,0.05826497799716889,True
outage_no_fallback,90,edge2,intersection_17,False,16,0,16,0.02415769826620817,True
outage_no_fallback,90,edge2,intersection_18,False,16,0,16,0.00017121830023825169,True
outage_no_fallback,90,edge2,intersection_19,False,16,0,16,0.11833346448838711,True
outage_no_fallback,90,edge2,intersection_20,False,16,0,16,0.05896214093081653,True
outage_no_fallback,91,edge0,intersection_00,False,16,0,16,0.1174576636403799,True
outage_no_fallback,91,edge0,intersection_01,False,16,0,16,0.11924118408933282,True
outage_no_fallback,91,edge0,intersection_02,False,16,0,16,0.1769459918141365,True
outage_no_fallback,91,edge0,intersection_03,False,16,0,16,0.1447492770384997,True
outage_no_fallback,91,edge0,intersection_04,False,16,0,16,0.09052034630440176,True
outage_no_fallback,91,edge0,intersection_05,False,16,0,16,0.0002227716613560915,True
outage_no_fallback,91,edge0,intersection_06,False,16,0,16,0.11930020595900714,True
outage_no_fallback,91,edge1,intersection_07,False,16,0,16,0.10694165085442364,True
outage_no_fallback,91,edge1,intersection_08,False,16,0,16,0.10136345843784511,True
outage_no_fallback,91,edge1,intersection_09,False,16,0,16,0.17990058683790267,True
outage_no_fallback,91,edge1,intersection_10,False,16,0,16,0.17475349199958146,True
outage_no_fallback,91,edge1,intersection_11,False,16,0,16,0.11738472455181181,True
outage_no_fallback,91,edge1,intersection_12,False,16,0,16,0.11688567418605088,True
outage_no_fallback,91,edge1,intersection_13,False,16,0,16,0.010661025298759341,True
outage_no_fallback,91,edge2,intersection_14,False,16,0,16,0.06019460409879684,True
outage_no_fallback,91,edge2,intersection_15,False,16,0,16,0.017288700211793184,True
outage_no_fallback,91,edge2,intersection_16,False,16,0,16,0.1172691029496491,True
outage_no_fallback,91,edge2,intersection_17,False,16,0,16,0.11941826553083955,True
outage_no_fallback,91,edge2,intersection_18,False,16,0,16,0.0582119319587946,True
outage_no_fallback,91,edge2,intersection_19,False,16,0,16,0.06021541520021855,True
outage_no_fallback,91,edge2,intersection_20,False,16,0,16,0.05782390409149229,True
outage_no_fallback,92,edge0,intersection_00,False,16,0,16,0.023508458863943815,True
outage_no_fallback,92,edge0,intersection_01,False,16,0,16,0.0572620804887265,True
outage_no_fallback,92,edge0,intersection_02,False,16,0,16,0.07134266826324165,True
outage_no_fallback,92,edge0,intersection_03,False,16,0,16,0.05997380008921027,True
outage_no_fallback,92,edge0,intersection_04,False,16,0,16,0.05935211572796106,True
outage_no_fallback,92,edge0,intersection_05,False,16,0,16,0.059528596932068474,True
outage_no_fallback,92,edge0,intersection_06,False,16,0,16,0.10596465598791838,True
outage_no_fallback,92,edge1,intersection_07,False,16,0,16,0.09657818474806844,True
outage_no_fallback,92,edge1,intersection_08,False,16,0,16,0.1700068700592965,True
outage_no_fallback,92,edge1,intersection_09,False,16,0,16,0.00030309450812637806,True
outage_no_fallback,92,edge1,intersection_10,False,16,0,16,0.01993005955591798,True
outage_no_fallback,92,edge1,intersection_11,False,16,0,16,0.17470216029323637,True
outage_no_fallback,92,edge1,intersection_12,False,16,0,16,0.12029225542210041,True
outage_no_fallback,92,edge1,intersection_13,False,16,0,16,0.17760201985947788,True
outage_no_fallback,92,edge2,intersection_14,False,16,0,16,0.059607565868645906,True
outage_no_fallback,92,edge2,intersection_15,False,16,0,16,0.00016272556968033314,True
outage_no_fallback,92,edge2,intersection_16,False,16,0,16,0.06015736400149762,True
outage_no_fallback,92,edge2,intersection_17,False,16,0,16,0.014984119916334747,True
outage_no_fallback,92,edge2,intersection_18,False,16,0,16,0.09164273180067539,True
outage_no_fallback,92,edge2,intersection_19,False,16,0,16,0.1748884618282318,True
outage_no_fallback,92,edge2,intersection_20,False,16,0,16,0.35223629558458924,True
outage_no_fallback,93,edge0,intersection_00,False,16,0,16,0.1191157610155642,True
outage_no_fallback,93,edge0,intersection_01,False,16,0,16,0.1200851851608604,True
outage_no_fallback,93,edge0,intersection_02,False,16,0,16,0.05976428207941353,True
outage_no_fallback,93,edge0,intersection_03,False,16,0,16,0.09035832085646689,True
outage_no_fallback,93,edge0,intersection_04,False,16,0,16,0.0001998117659240961,True
outage_no_fallback,93,edge0,intersection_05,False,16,0,16,0.23633499210700393,True
outage_no_fallback,93,edge0,intersection_06,False,16,0,16,0.1192654010374099,True
outage_no_fallback,93,edge1,intersection_07,False,16,0,16,0.00026070629246532917,True
outage_no_fallback,93,edge1,intersection_08,False,16,0,16,0.12024616240523754,True
outage_no_fallback,93,edge1,intersection_09,False,16,0,16,0.06016521900892258,True
outage_no_fallback,93,edge1,intersection_10,False,16,0,16,0.1203129377681762,True
outage_no_fallback,93,edge1,intersection_11,False,16,0,16,0.11865785322152078,True
outage_no_fallback,93,edge1,intersection_12,False,16,0,16,0.05975499749183655,True
outage_no_fallback,93,edge1,intersection_13,False,16,0,16,0.059614032972604036,True
outage_no_fallback,93,edge2,intersection_14,False,16,0,16,0.06006828765384853,True
outage_no_fallback,93,edge2,intersection_15,False,16,0,16,0.05890644737519324,True
outage_no_fallback,93,edge2,intersection_16,False,16,0,16,0.1195494590792805,True
outage_no_fallback,93,edge2,intersection_17,False,16,0,16,0.0002288313116878271,True
outage_no_fallback,93,edge2,intersection_18,False,16,0,16,0.07349526905454695,True
outage_no_fallback,93,edge2,intersection_19,False,16,0,16,0.14549617934972048,True
outage_no_fallback,93,edge2,intersection_20,False,16,0,16,0.06023062043823301,True
outage_no_fallback,94,edge0,intersection_00,False,16,0,16,0.060118206078186624,True
outage_no_fallback,94,edge0,intersection_01,False,16,0,16,0.059407709632068866,True
outage_no_fallback,94,edge0,intersection_02,False,16,0,16,0.17518955911509693,True
outage_no_fallback,94,edge0,intersection_03,False,16,0,16,0.17658849945291877,True
outage_no_fallback,94,edge0,intersection_04,False,16,0,16,0.19272835017181933,True
outage_no_fallback,94,edge0,intersection_05,False,16,0,16,0.059773779939860106,True
outage_no_fallback,94,edge0,intersection_06,False,16,0,16,0.06019387673586607,True
outage_no_fallback,94,edge1,intersection_07,False,16,0,16,0.05937234126031399,True
outage_no_fallback,94,edge1,intersection_08,False,16,0,16,0.17828569770790637,True
outage_no_fallback,94,edge1,intersection_09,False,16,0,16,0.11707150377333163,True
outage_no_fallback,94,edge1,intersection_10,False,16,0,16,0.053613042924553156,True
outage_no_fallback,94,edge1,intersection_11,False,16,0,16,0.1761672634165734,True
outage_no_fallback,94,edge1,intersection_12,False,16,0,16,0.019536793930456042,True
outage_no_fallback,94,edge1,intersection_13,False,16,0,16,0.1785363000817597,True
outage_no_fallback,94,edge2,intersection_14,False,16,0,16,0.11202699900604784,True
outage_no_fallback,94,edge2,intersection_15,False,16,0,16,0.23295745928771794,True
outage_no_fallback,94,edge2,intersection_16,False,16,0,16,0.00022138957865536213,True
outage_no_fallback,94,edge2,intersection_17,False,16,0,16,0.11927427817136049,True
outage_no_fallback,94,edge2,intersection_18,False,16,0,16,0.05993145611137152,True
outage_no_fallback,94,edge2,intersection_19,False,16,0,16,0.14819911401718855,True
outage_no_fallback,94,edge2,intersection_20,False,16,0,16,0.15365356532856822,True
outage_no_fallback,95,edge0,intersection_00,False,16,0,16,0.32864625845104456,True
outage_no_fallback,95,edge0,intersection_01,False,16,0,16,0.005339989671483636,True
outage_no_fallback,95,edge0,intersection_02,False,16,0,16,0.0002474396023899317,True
outage_no_fallback,95,edge0,intersection_03,False,16,0,16,0.17591252038255334,True
outage_no_fallback,95,edge0,intersection_04,False,16,0,16,0.11689107422716916,True
outage_no_fallback,95,edge0,intersection_05,False,16,0,16,0.00023016915656626225,True
outage_no_fallback,95,edge0,intersection_06,False,16,0,16,0.00019423174671828747,True
outage_no_fallback,95,edge1,intersection_07,False,16,0,16,0.11779826786369085,True
outage_no_fallback,95,edge1,intersection_08,False,16,0,16,0.05121106980368495,True
outage_no_fallback,95,edge1,intersection_09,False,16,0,16,0.1791531128110364,True
outage_no_fallback,95,edge1,intersection_10,False,16,0,16,0.05887849209830165,True
outage_no_fallback,95,edge1,intersection_11,False,16,0,16,0.11927236756309867,True
outage_no_fallback,95,edge1,intersection_12,False,16,0,16,0.2546630015131086,True
outage_no_fallback,95,edge1,intersection_13,False,16,0,16,0.11761112697422504,True
outage_no_fallback,95,edge2,intersection_14,False,16,0,16,0.004334963858127594,True
outage_no_fallback,95,edge2,intersection_15,False,16,0,16,0.11755657405592501,True
outage_no_fallback,95,edge2,intersection_16,False,16,0,16,0.17027737037278712,True
outage_no_fallback,95,edge2,intersection_17,False,16,0,16,0.15052749658934772,True
outage_no_fallback,95,edge2,intersection_18,False,16,0,16,0.06022681319154798,True
outage_no_fallback,95,edge2,intersection_19,False,16,0,16,0.16491389414295554,True
outage_no_fallback,95,edge2,intersection_20,False,16,0,16,0.10615889937616885,True
outage_no_fallback,96,edge0,intersection_00,False,16,0,16,0.17814194411039352,True
outage_no_fallback,96,edge0,intersection_01,False,16,0,16,0.04987302049994469,True
outage_no_fallback,96,edge0,intersection_02,False,16,0,16,0.042581242276355624,True
outage_no_fallback,96,edge0,intersection_03,False,16,0,16,0.0002254436258226633,True
outage_no_fallback,96,edge0,intersection_04,False,16,0,16,0.006854764185845852,True
outage_no_fallback,96,edge0,intersection_05,False,16,0,16,0.11946769058704376,True
outage_no_fallback,96,edge0,intersection_06,False,16,0,16,0.17937831114977598,True
outage_no_fallback,96,edge1,intersection_07,False,16,0,16,0.11622037994675338,True
outage_no_fallback,96,edge1,intersection_08,False,16,0,16,0.0001424248330295086,True
outage_no_fallback,96,edge1,intersection_09,False,16,0,16,0.176767417229712,True
outage_no_fallback,96,edge1,intersection_10,False,16,0,16,0.11970112309791148,True
outage_no_fallback,96,edge1,intersection_11,False,16,0,16,0.05711749545298517,True
outage_no_fallback,96,edge1,intersection_12,False,16,0,16,0.17683539493009448,True
outage_no_fallback,96,edge1,intersection_13,False,16,0,16,0.16483426559716463,True
outage_no_fallback,96,edge2,intersection_14,False,16,0,16,0.11730290809646249,True
outage_no_fallback,96,edge2,intersection_15,False,16,0,16,0.05971007957123221,True
outage_no_fallback,96,edge2,intersection_16,False,16,0,16,0.08829639153555036,True
outage_no_fallback,96,edge2,intersection_17,False,16,0,16,0.06010818667709828,True
outage_no_fallback,96,edge2,intersection_18,False,16,0,16,0.1790479440242052,True
outage_no_fallback,96,edge2,intersection_19,False,16,0,16,0.1187878290656954,True
outage_no_fallback,96,edge2,intersection_20,False,16,0,16,0.22390144737437367,True
outage_no_fallback,97,edge0,intersection_00,False,16,0,16,0.23734977748245,True
outage_no_fallback,97,edge0,intersection_01,False,16,0,16,0.1196149659808725,True
outage_no_fallback,97,edge0,intersection_02,False,16,0,16,0.00022699683904647827,True
outage_no_fallback,97,edge0,intersection_03,False,16,0,16,0.14742691768333316,True
outage_no_fallback,97,edge0,intersection_04,False,16,0,16,0.09003425156697631,True
outage_no_fallback,97,edge0,intersection_05,False,16,0,16,0.0002145920880138874,True
outage_no_fallback,97,edge0,intersection_06,False,16,0,16,0.00024286750704050064,True
outage_no_fallback,97,edge1,intersection_07,False,16,0,16,0.12083820905536413,True
outage_no_fallback,97,edge1,intersection_08,False,16,0,16,0.02953280904330313,True
outage_no_fallback,97,edge1,intersection_09,False,16,0,16,0.11883583967573941,True
outage_no_fallback,97,edge1,intersection_10,False,16,0,16,0.1061668642796576,True
outage_no_fallback,97,edge1,intersection_11,False,16,0,16,0.06067804107442498,True
outage_no_fallback,97,edge1,intersection_12,False,16,0,16,0.001003148965537548,True
outage_no_fallback,97,edge1,intersection_13,False,16,0,16,0.17834272515028715,True
outage_no_fallback,97,edge2,intersection_14,False,16,0,16,0.057786128018051386,True
outage_no_fallback,97,edge2,intersection_15,False,16,0,16,0.06021252344362437,True
outage_no_fallback,97,edge2,intersection_16,False,16,0,16,0.11916529480367899,True
outage_no_fallback,97,edge2,intersection_17,False,16,0,16,0.11885791760869324,True
outage_no_fallback,97,edge2,intersection_18,False,16,0,16,0.0002071484923362732,True
outage_no_fallback,97,edge2,intersection_19,False,16,0,16,0.05980083951726556,True
outage_no_fallback,97,edge2,intersection_20,False,16,0,16,0.17791220359504223,True
outage_no_fallback,98,edge0,intersection_00,False,16,0,16,0.16971394326537848,True
outage_no_fallback,98,edge0,intersection_01,False,16,0,16,0.1186822890304029,True
outage_no_fallback,98,edge0,intersection_02,False,16,0,16,0.1788922301493585,True
outage_no_fallback,98,edge0,intersection_03,False,16,0,16,0.17976044048555193,True
outage_no_fallback,98,edge0,intersection_04,False,16,0,16,0.0002887703012675047,True
outage_no_fallback,98,edge0,intersection_05,False,16,0,16,0.0002139848656952381,True
outage_no_fallback,98,edge0,intersection_06,False,16,0,16,0.11841343832202256,True
outage_no_fallback,98,edge1,intersection_07,False,16,0,16,0.16503978241235018,True
outage_no_fallback,98,edge1,intersection_08,False,16,0,16,0.11164404137525707,True
outage_no_fallback,98,edge1,intersection_09,False,16,0,16,0.05587857589125633,True
outage_no_fallback,98,edge1,intersection_10,False,16,0,16,0.07519664987921715,True
outage_no_fallback,98,edge1,intersection_11,False,16,0,16,0.13993776170536876,True
outage_no_fallback,98,edge1,intersection_12,False,16,0,16,0.07858158648014069,True
outage_no_fallback,98,edge1,intersection_13,False,16,0,16,0.059679759200662374,True
outage_no_fallback,98,edge2,intersection_14,False,16,0,16,0.1415955568663776,True
outage_no_fallback,98,edge2,intersection_15,False,16,0,16,0.00013363594189286232,True
outage_no_fallback,98,edge2,intersection_16,False,16,0,16,0.11951907654292881,True
outage_no_fallback,98,edge2,intersection_17,False,16,0,16,0.00014622462913393974,True
outage_no_fallback,98,edge2,intersection_18,False,16,0,16,0.17902437318116426,True
outage_no_fallback,98,edge2,intersection_19,False,16,0,16,0.0002036553341895342,True
outage_no_fallback,98,edge2,intersection_20,False,16,0,16,0.11865702387876809,True
outage_no_fallback,99,edge0,intersection_00,False,16,0,16,0.11964188097044826,True
outage_no_fallback,99,edge0,intersection_01,False,16,0,16,0.09538372862152755,True
outage_no_fallback,99,edge0,intersection_02,False,16,0,16,0.00021869712509214878,True
outage_no_fallback,99,edge0,intersection_03,False,16,0,16,0.02155546168796718,True
outage_no_fallback,99,edge0,intersection_04,False,16,0,16,0.17972781183198092,True
outage_no_fallback,99,edge0,intersection_05,False,16,0,16,0.06018715118989348,True
outage_no_fallback,99,edge0,intersection_06,False,16,0,16,0.00018193409778177738,True
outage_no_fallback,99,edge1,intersection_07,False,16,0,16,0.06022724928334355,True
outage_no_fallback,99,edge1,intersection_08,False,16,0,16,0.05982052441686392,True
outage_no_fallback,99,edge1,intersection_09,False,16,0,16,0.05981457908637822,True
outage_no_fallback,99,edge1,intersection_10,False,16,0,16,0.0002123410813510418,True
outage_no_fallback,99,edge1,intersection_11,False,16,0,16,0.00021372619085013866,True
outage_no_fallback,99,edge1,intersection_12,False,16,0,16,0.11878173588775098,True
outage_no_fallback,99,edge1,intersection_13,False,16,0,16,0.12405627756379545,True
outage_no_fallback,99,edge2,intersection_14,False,16,0,16,0.17333417909685522,True
outage_no_fallback,99,edge2,intersection_15,False,16,0,16,0.10490211541764438,True
outage_no_fallback,99,edge2,intersection_16,False,16,0,16,0.0002282585483044386,True
outage_no_fallback,99,edge2,intersection_17,False,16,0,16,0.0602631892543286,True
outage_no_fallback,99,edge2,intersection_18,False,16,0,16,0.2742469315417111,True
outage_no_fallback,99,edge2,intersection_19,False,16,0,16,0.058484397362917655,True
outage_no_fallback,99,edge2,intersection_20,False,16,0,16,0.06025855848565697,True
outage_no_fallback,100,edge0,intersection_00,False,16,0,16,0.11920447717420757,True
outage_no_fallback,100,edge0,intersection_01,False,16,0,16,0.05908047361299395,True
outage_no_fallback,100,edge0,intersection_02,False,16,0,16,0.17809371533803642,True
outage_no_fallback,100,edge0,intersection_03,False,16,0,16,0.11957265436649323,True
outage_no_fallback,100,edge0,intersection_04,False,16,0,16,0.19817120651714504,True
outage_no_fallback,100,edge0,intersection_05,False,16,0,16,0.11847028881311415,True
outage_no_fallback,100,edge0,intersection_06,False,16,0,16,0.05396869289688765,True
outage_no_fallback,100,edge1,intersection_07,False,16,0,16,0.0001913849264383316,True
outage_no_fallback,100,edge1,intersection_08,False,16,0,16,0.0001882738433778286,True
outage_no_fallback,100,edge1,intersection_09,False,16,0,16,0.0002745341043919325,True
outage_no_fallback,100,edge1,intersection_10,False,16,0,16,0.05944834789261222,True
outage_no_fallback,100,edge1,intersection_11,False,16,0,16,0.13952246261760592,True
outage_no_fallback,100,edge1,intersection_12,False,16,0,16,0.11565462010912597,True
outage_no_fallback,100,edge1,intersection_13,False,16,0,16,0.05837439512833953,True
outage_no_fallback,100,edge2,intersection_14,False,16,0,16,0.1189869842492044,True
outage_no_fallback,100,edge2,intersection_15,False,16,0,16,0.08579846657812595,True
outage_no_fallback,100,edge2,intersection_16,False,16,0,16,0.29181076399981976,True
outage_no_fallback,100,edge2,intersection_17,False,16,0,16,0.1174738931003958,True
outage_no_fallback,100,edge2,intersection_18,False,16,0,16,0.059662714367732406,True
outage_no_fallback,100,edge2,intersection_19,False,16,0,16,0.053209419595077634,True
outage_no_fallback,100,edge2,intersection_20,False,16,0,16,0.05980937858112156,True
