scenario,round,edge_id,sensor_id,outage_active,live_samples,fallback_samples,samples_received,queue_fill_seconds,queue_fill_complete
outage_replay_wgan,1,edge0,intersection_00,False,16,0,16,0.04534312733449042,True
outage_replay_wgan,1,edge0,intersection_01,False,16,0,16,0.1505816224962473,True
outage_replay_wgan,1,edge0,intersection_02,False,16,0,16,0.05868595442734659,True
outage_replay_wgan,1,edge0,intersection_03,False,16,0,16,0.1197182259056717,True
outage_replay_wgan,1,edge0,intersection_04,False,16,0,16,0.06257261475548148,True
outage_replay_wgan,1,edge0,intersection_05,False,16,0,16,0.00018134363926947117,True
outage_replay_wgan,1,edge0,intersection_06,False,16,0,16,0.17780706891790032,True
outage_replay_wgan,1,edge1,intersection_07,False,16,0,16,0.060190760297700756,True
outage_replay_wgan,1,edge1,intersection_08,False,16,0,16,0.05927335983142257,True
outage_replay_wgan,1,edge1,intersection_09,False,16,0,16,0.03140449780039489,True
outage_replay_wgan,1,edge1,intersection_10,False,16,0,16,0.07463429239578545,True
outage_replay_wgan,1,edge1,intersection_11,False,16,0,16,0.12024843646213411,True
outage_replay_wgan,1,edge1,intersection_12,False,16,0,16,0.00013931002467870712,True
outage_replay_wgan,1,edge1,intersection_13,False,16,0,16,0.23855669633485377,True
outage_replay_wgan,1,edge2,intersection_14,False,16,0,16,0.17582323285751045,True
outage_replay_wgan,1,edge2,intersection_15,False,16,0,16,0.10833844006992877,True
outage_replay_wgan,1,edge2,intersection_16,False,16,0,16,0.17812373023480177,True
outage_replay_wgan,1,edge2,intersection_17,False,16,0,16,0.059619113337248564,True
outage_replay_wgan,1,edge2,intersection_18,False,16,0,16,0.059215347515419126,True
outage_replay_wgan,1,edge2,intersection_19,False,16,0,16,0.15753587940707803,True
outage_replay_wgan,1,edge2,intersection_20,False,16,0,16,0.05923173460178077,True
outage_replay_wgan,2,edge0,intersection_00,False,16,0,16,0.00017397943884134293,True
outage_replay_wgan,2,edge0,intersection_01,False,16,0,16,0.15346503094770014,True
outage_replay_wgan,2,edge0,intersection_02,False,16,0,16,0.05930954171344638,True
outage_replay_wgan,2,edge0,intersection_03,False,16,0,16,0.1194476776290685,True
outage_replay_wgan,2,edge0,intersection_04,False,16,0,16,0.050906555727124214,True
outage_replay_wgan,2,edge0,intersection_05,False,16,0,16,0.05921971285715699,True
outage_replay_wgan,2,edge0,intersection_06,False,16,0,16,0.0001740597654134035,True
outage_replay_wgan,2,edge1,intersection_07,False,16,0,16,0.0002387072890996933,True
outage_replay_wgan,2,edge1,intersection_08,False,16,0,16,0.05990376253612339,True
outage_replay_wgan,2,edge1,intersection_09,False,16,0,16,0.059384884778410196,True
outage_replay_wgan,2,edge1,intersection_10,False,16,0,16,0.060033221961930394,True
outage_replay_wgan,2,edge1,intersection_11,False,16,0,16,0.2350778947584331,True
outage_replay_wgan,2,edge1,intersection_12,False,16,0,16,0.17643287032842636,True
outage_replay_wgan,2,edge1,intersection_13,False,16,0,16,0.05968093569390476,True
outage_replay_wgan,2,edge2,intersection_14,False,16,0,16,0.06024436047300696,True
outage_replay_wgan,2,edge2,intersection_15,False,16,0,16,0.12938116840086877,True
outage_replay_wgan,2,edge2,intersection_16,False,16,0,16,0.17856597481295466,True
outage_replay_wgan,2,edge2,intersection_17,False,16,0,16,0.00022779591381549835,True
outage_replay_wgan,2,edge2,intersection_18,False,16,0,16,0.0575962990988046,True
outage_replay_wgan,2,edge2,intersection_19,False,16,0,16,0.17845324170775712,True
outage_replay_wgan,2,edge2,intersection_20,False,16,0,16,0.029849122976884242,True
outage_replay_wgan,3,edge0,intersection_00,False,16,0,16,0.05997126316651702,True
outage_replay_wgan,3,edge0,intersection_01,False,16,0,16,0.05973817384801805,True
outage_replay_wgan,3,edge0,intersection_02,False,16,0,16,0.11839064978994429,True
outage_replay_wgan,3,edge0,intersection_03,False,16,0,16,0.00023145275190472603,True
outage_replay_wgan,3,edge0,intersection_04,False,16,0,16,0.05936676636338233,True
outage_replay_wgan,3,edge0,intersection_05,False,16,0,16,0.060232907067984336,True
outage_replay_wgan,3,edge0,intersection_06,False,16,0,16,0.05930423690006137,True
outage_replay_wgan,3,edge1,intersection_07,False,16,0,16,0.06017597089521586,True
outage_replay_wgan,3,edge1,intersection_08,False,16,0,16,0.00021654576994478703,True
outage_replay_wgan,3,edge1,intersection_09,False,16,0,16,0.0001898889895528555,True
outage_replay_wgan,3,edge1,intersection_10,False,16,0,16,0.13631450477987528,True
outage_replay_wgan,3,edge1,intersection_11,False,16,0,16,0.05895288498140871,True
outage_replay_wgan,3,edge1,intersection_12,False,16,0,16,0.06000335328280926,True
outage_replay_wgan,3,edge1,intersection_13,False,16,0,16,0.11861409340053797,True
outage_replay_wgan,3,edge2,intersection_14,False,16,0,16,0.05572540150023997,True
outage_replay_wgan,3,edge2,intersection_15,False,16,0,16,0.05948415072634816,True
outage_replay_wgan,3,edge2,intersection_16,False,16,0,16,0.17809767927974463,True
outage_replay_wgan,3,edge2,intersection_17,False,16,0,16,0.2041922661010176,True
outage_replay_wgan,3,edge2,intersection_18,False,16,0,16,0.07617847761139274,True
outage_replay_wgan,3,edge2,intersection_19,False,16,0,16,0.20328517584130168,True
outage_replay_wgan,3,edge2,intersection_20,False,16,0,16,0.11942298826761542,True
outage_replay_wgan,4,edge0,intersection_00,False,16,0,16,0.1202679385896772,True
outage_replay_wgan,4,edge0,intersection_01,False,16,0,16,0.015615617390722035,True
outage_replay_wgan,4,edge0,intersection_02,False,16,0,16,0.17809122917242348,True
outage_replay_wgan,4,edge0,intersection_03,False,16,0,16,0.0009433886734768747,True
outage_replay_wgan,4,edge0,intersection_04,False,16,0,16,0.05973628163337708,True
outage_replay_wgan,4,edge0,intersection_05,False,16,0,16,0.002273682970553636,True
outage_replay_wgan,4,edge0,intersection_06,False,16,0,16,0.05966397328302265,True
outage_replay_wgan,4,edge1,intersection_07,False,16,0,16,0.06277301115915179,True
outage_replay_wgan,4,edge1,intersection_08,False,16,0,16,0.060002276673912995,True
outage_replay_wgan,4,edge1,intersection_09,False,16,0,16,0.060091436142101884,True
outage_replay_wgan,4,edge1,intersection_10,False,16,0,16,0.17301937798038125,True
outage_replay_wgan,4,edge1,intersection_11,False,16,0,16,0.11973349959589541,True
outage_replay_wgan,4,edge1,intersection_12,False,16,0,16,0.18008328694850206,True
outage_replay_wgan,4,edge1,intersection_13,False,16,0,16,0.11940360488370061,True
outage_replay_wgan,4,edge2,intersection_14,False,16,0,16,0.1676006990019232,True
outage_replay_wgan,4,edge2,intersection_15,False,16,0,16,0.19473312818445265,True
outage_replay_wgan,4,edge2,intersection_16,False,16,0,16,0.07414999906904995,True
outage_replay_wgan,4,edge2,intersection_17,False,16,0,16,0.1989333680830896,True
outage_replay_wgan,4,edge2,intersection_18,False,16,0,16,0.001206252840347588,True
outage_replay_wgan,4,edge2,intersection_19,False,16,0,16,0.17606598930433393,True
outage_replay_wgan,4,edge2,intersection_20,False,16,0,16,0.12018431769683956,True
outage_replay_wgan,5,edge0,intersection_00,False,16,0,16,0.015147746074944733,True
outage_replay_wgan,5,edge0,intersection_01,False,16,0,16,0.11729844869114459,True
outage_replay_wgan,5,edge0,intersection_02,False,16,0,16,0.11926807998679578,True
outage_replay_wgan,5,edge0,intersection_03,False,16,0,16,0.05876746983267367,True
outage_replay_wgan,5,edge0,intersection_04,False,16,0,16,0.059446237981319434,True
outage_replay_wgan,5,edge0,intersection_05,False,16,0,16,0.00018302816897630692,True
outage_replay_wgan,5,edge0,intersection_06,False,16,0,16,0.058885860489681356,True
outage_replay_wgan,5,edge1,intersection_07,False,16,0,16,0.3097706539556384,True
outage_replay_wgan,5,edge1,intersection_08,False,16,0,16,0.06025243597105145,True
outage_replay_wgan,5,edge1,intersection_09,False,16,0,16,0.07017664960585535,True
outage_replay_wgan,5,edge1,intersection_10,False,16,0,16,0.11977987363934517,True
outage_replay_wgan,5,edge1,intersection_11,False,16,0,16,0.1261218551080674,True
outage_replay_wgan,5,edge1,intersection_12,False,16,0,16,0.26456418726593256,True
outage_replay_wgan,5,edge1,intersection_13,False,16,0,16,0.1782738226465881,True
outage_replay_wgan,5,edge2,intersection_14,False,16,0,16,0.11883563920855522,True
outage_replay_wgan,5,edge2,intersection_15,False,16,0,16,0.10041219531558454,True
outage_replay_wgan,5,edge2,intersection_16,False,16,0,16,0.05971772316843271,True
outage_replay_wgan,5,edge2,intersection_17,False,16,0,16,0.1788576883263886,True
outage_replay_wgan,5,edge2,intersection_18,False,16,0,16,0.05911067849956453,True
outage_replay_wgan,5,edge2,intersection_19,False,16,0,16,0.1195905280765146,True
outage_replay_wgan,5,edge2,intersection_20,False,16,0,16,0.05838206899352372,True
outage_replay_wgan,6,edge0,intersection_00,False,16,0,16,0.11835934524424374,True
outage_replay_wgan,6,edge0,intersection_01,False,16,0,16,0.1767026362940669,True
outage_replay_wgan,6,edge0,intersection_02,False,16,0,16,0.05353813082911074,True
outage_replay_wgan,6,edge0,intersection_03,False,16,0,16,0.12022020784206687,True
outage_replay_wgan,6,edge0,intersection_04,False,16,0,16,0.11768213310278952,True
outage_replay_wgan,6,edge0,intersection_05,False,16,0,16,0.20479783811606467,True
outage_replay_wgan,6,edge0,intersection_06,False,16,0,16,0.12141027953475714,True
outage_replay_wgan,6,edge1,intersection_07,False,16,0,16,0.24098421493545175,True
outage_replay_wgan,6,edge1,intersection_08,False,16,0,16,0.0407119351439178,True
outage_replay_wgan,6,edge1,intersection_09,False,16,0,16,0.0002442167606204748,True
outage_replay_wgan,6,edge1,intersection_10,False,16,0,16,0.1441996293142438,True
outage_replay_wgan,6,edge1,intersection_11,False,16,0,16,0.057507508201524615,True
outage_replay_wgan,6,edge1,intersection_12,False,16,0,16,0.00021028798073530197,True
outage_replay_wgan,6,edge1,intersection_13,False,16,0,16,0.11852483288384974,True
outage_replay_wgan,6,edge2,intersection_14,False,16,0,16,0.11886619031429291,True
outage_replay_wgan,6,edge2,intersection_15,False,16,0,16,0.17790856934152544,True
outage_replay_wgan,6,edge2,intersection_16,False,16,0,16,0.06022933777421712,True
outage_replay_wgan,6,edge2,intersection_17,False,16,0,16,0.16484773135744035,True
outage_replay_wgan,6,edge2,intersection_18,False,16,0,16,0.060257925419136875,True
outage_replay_wgan,6,edge2,intersection_19,False,16,0,16,0.17531738011166453,True
outage_replay_wgan,6,edge2,intersection_20,False,16,0,16,0.00020628748461604118,True
outage_replay_wgan,7,edge0,intersection_00,False,16,0,16,0.17760529019869864,True
outage_replay_wgan,7,edge0,intersection_01,False,16,0,16,0.059699122328311205,True
outage_replay_wgan,7,edge0,intersection_02,False,16,0,16,0.1769315751735121,True
outage_replay_wgan,7,edge0,intersection_03,False,16,0,16,0.10245760693214834,True
outage_replay_wgan,7,edge0,intersection_04,False,16,0,16,0.07344710081815718,True
outage_replay_wgan,7,edge0,intersection_05,False,16,0,16,0.064181785332039,True
outage_replay_wgan,7,edge0,intersection_06,False,16,0,16,0.11979978915769607,True
outage_replay_wgan,7,edge1,intersection_07,False,16,0,16,0.22568251239135861,True
outage_replay_wgan,7,edge1,intersection_08,False,16,0,16,0.06021963665261864,True
outage_replay_wgan,7,edge1,intersection_09,False,16,0,16,0.17815498914569616,True
outage_replay_wgan,7,edge1,intersection_10,False,16,0,16,0.11752036050893366,True
outage_replay_wgan,7,edge1,intersection_11,False,16,0,16,0.18694782257080078,True
outage_replay_wgan,7,edge1,intersection_12,False,16,0,16,0.0595465237274766,True
outage_replay_wgan,7,edge1,intersection_13,False,16,0,16,0.00025010760873556137,True
outage_replay_wgan,7,edge2,intersection_14,False,16,0,16,0.11974683427251875,True
outage_replay_wgan,7,edge2,intersection_15,False,16,0,16,0.17428016243502498,True
outage_replay_wgan,7,edge2,intersection_16,False,16,0,16,0.002985164988785982,True
outage_replay_wgan,7,edge2,intersection_17,False,16,0,16,0.11829541972838342,True
outage_replay_wgan,7,edge2,intersection_18,False,16,0,16,0.12011552369222045,True
outage_replay_wgan,7,edge2,intersection_19,False,16,0,16,0.11939688352867961,True
outage_replay_wgan,7,edge2,intersection_20,False,16,0,16,0.11750420718453825,True
outage_replay_wgan,8,edge0,intersection_00,False,16,0,16,0.11789565114304423,True
outage_replay_wgan,8,edge0,intersection_01,False,16,0,16,0.057457544375210994,True
outage_replay_wgan,8,edge0,intersection_02,False,16,0,16,0.17605466907843947,True
outage_replay_wgan,8,edge0,intersection_03,False,16,0,16,0.0002333379816263914,True
outage_replay_wgan,8,edge0,intersection_04,False,16,0,16,0.1781368216034025,True
outage_replay_wgan,8,edge0,intersection_05,False,16,0,16,0.17502196202985942,True
outage_replay_wgan,8,edge0,intersection_06,False,16,0,16,0.17724180780351162,True
outage_replay_wgan,8,edge1,intersection_07,False,16,0,16,0.11942742043174803,True
outage_replay_wgan,8,edge1,intersection_08,False,16,0,16,0.05950049567036331,True
outage_replay_wgan,8,edge1,intersection_09,False,16,0,16,0.060245300875976675,True
outage_replay_wgan,8,edge1,intersection_10,False,16,0,16,0.07021253160201013,True
outage_replay_wgan,8,edge1,intersection_11,False,16,0,16,0.16544455755501986,True
outage_replay_wgan,8,edge1,intersection_12,False,16,0,16,0.25993858580477536,True
outage_replay_wgan,8,edge1,intersection_13,False,16,0,16,0.00020280643366277218,True
outage_replay_wgan,8,edge2,intersection_14,False,16,0,16,0.07813570322468877,True
outage_replay_wgan,8,edge2,intersection_15,False,16,0,16,0.08733624964952469,True
outage_replay_wgan,8,edge2,intersection_16,False,16,0,16,0.34288694290444255,True
outage_replay_wgan,8,edge2,intersection_17,False,16,0,16,0.13623362104408443,True
outage_replay_wgan,8,edge2,intersection_18,False,16,0,16,0.05759259616024792,True
outage_replay_wgan,8,edge2,intersection_19,False,16,0,16,0.15165604534558952,True
outage_replay_wgan,8,edge2,intersection_20,False,16,0,16,0.06027881568297743,True
outage_replay_wgan,9,edge0,intersection_00,False,16,0,16,0.1608617608435452,True
outage_replay_wgan,9,edge0,intersection_01,False,16,0,16,0.11846808670088649,True
outage_replay_wgan,9,edge0,intersection_02,False,16,0,16,0.0002280606422573328,True
outage_replay_wgan,9,edge0,intersection_03,False,16,0,16,0.0003478877479210496,True
outage_replay_wgan,9,edge0,intersection_04,False,16,0,16,0.11943772016093135,True
outage_replay_wgan,9,edge0,intersection_05,False,16,0,16,0.12009937479160726,True
outage_replay_wgan,9,edge0,intersection_06,False,16,0,16,0.1155257700011134,True
outage_replay_wgan,9,edge1,intersection_07,False,16,0,16,0.17753953719511628,True
outage_replay_wgan,9,edge1,intersection_08,False,16,0,16,0.05907993041910231,True
outage_replay_wgan,9,edge1,intersection_09,False,16,0,16,0.07891201809979975,True
outage_replay_wgan,9,edge1,intersection_10,False,16,0,16,0.05842289258725941,True
outage_replay_wgan,9,edge1,intersection_11,False,16,0,16,0.00020882370881736279,True
outage_replay_wgan,9,edge1,intersection_12,False,16,0,16,0.11927400366403162,True
outage_replay_wgan,9,edge1,intersection_13,False,16,0,16,0.12000995059497654,True
outage_replay_wgan,9,edge2,intersection_14,False,16,0,16,0.23815400409512222,True
outage_replay_wgan,9,edge2,intersection_15,False,16,0,16,0.11657059099525213,True
outage_replay_wgan,9,edge2,intersection_16,False,16,0,16,0.0001412462443113327,True
outage_replay_wgan,9,edge2,intersection_17,False,16,0,16,0.0001581166870892048,True
outage_replay_wgan,9,edge2,intersection_18,False,16,0,16,0.2377460398711264,True
outage_replay_wgan,9,edge2,intersection_19,False,16,0,16,0.00024563074111938477,True
outage_replay_wgan,9,edge2,intersection_20,False,16,0,16,0.059655895922332995,True
outage_replay_wgan,10,edge0,intersection_00,False,16,0,16,0.1333877914585173,True
outage_replay_wgan,10,edge0,intersection_01,False,16,0,16,0.00019477051682770252,True
outage_replay_wgan,10,edge0,intersection_02,False,16,0,16,0.01944883493706584,True
outage_replay_wgan,10,edge0,intersection_03,False,16,0,16,0.12026408943347631,True
outage_replay_wgan,10,edge0,intersection_04,False,16,0,16,0.0002673680428415537,True
outage_replay_wgan,10,edge0,intersection_05,False,16,0,16,0.11922001047059894,True
outage_replay_wgan,10,edge0,intersection_06,False,16,0,16,0.346165286609903,True
outage_replay_wgan,10,edge1,intersection_07,False,16,0,16,0.07019604882225394,True
outage_replay_wgan,10,edge1,intersection_08,False,16,0,16,0.17664478393271565,True
outage_replay_wgan,10,edge1,intersection_09,False,16,0,16,0.10216364497318862,True
outage_replay_wgan,10,edge1,intersection_10,False,16,0,16,0.0002096397802233696,True
outage_replay_wgan,10,edge1,intersection_11,False,16,0,16,0.11943430686369538,True
outage_replay_wgan,10,edge1,intersection_12,False,16,0,16,0.1189130877610296,True
outage_replay_wgan,10,edge1,intersection_13,False,16,0,16,0.00018020649440586567,True
outage_replay_wgan,10,edge2,intersection_14,False,16,0,16,0.059361340012401335,True
outage_replay_wgan,10,edge2,intersection_15,False,16,0,16,0.10796201508492231,True
outage_replay_wgan,10,edge2,intersection_16,False,16,0,16,0.059688170440495014,True
outage_replay_wgan,10,edge2,intersection_17,False,16,0,16,0.06001917319372296,True
outage_replay_wgan,10,edge2,intersection_18,False,16,0,16,0.05947358510456979,True
outage_replay_wgan,10,edge2,intersection_19,False,16,0,16,0.06003909441642463,True
outage_replay_wgan,10,edge2,intersection_20,False,16,0,16,0.058309777639806264,True
outage_replay_wgan,11,edge0,intersection_00,False,16,0,16,0.05549228121526539,True
outage_replay_wgan,11,edge0,intersection_01,False,16,0,16,0.05979556776583195,True
outage_replay_wgan,11,edge0,intersection_02,False,16,0,16,0.2368903944734484,True
outage_replay_wgan,11,edge0,intersection_03,False,16,0,16,0.19422649359330535,True
outage_replay_wgan,11,edge0,intersection_04,False,16,0,16,0.05922346538864076,True
outage_replay_wgan,11,edge0,intersection_05,False,16,0,16,0.08316379529424012,True
outage_replay_wgan,11,edge0,intersection_06,False,16,0,16,0.060255554271861904,True
outage_replay_wgan,11,edge1,intersection_07,False,16,0,16,0.056985965464264154,True
outage_replay_wgan,11,edge1,intersection_08,False,16,0,16,0.2392810198944062,True
outage_replay_wgan,11,edge1,intersection_09,False,16,0,16,0.10775023116730154,True
outage_replay_wgan,11,edge1,intersection_10,False,16,0,16,0.060378038790076964,True
outage_replay_wgan,11,edge1,intersection_11,False,16,0,16,0.06028389348648488,True
outage_replay_wgan,11,edge1,intersection_12,False,16,0,16,0.059670118615031235,True
outage_replay_wgan,11,edge1,intersection_13,False,16,0,16,0.11870098486542702,True
outage_replay_wgan,11,edge2,intersection_14,False,16,0,16,0.0002510084304958582,True
outage_replay_wgan,11,edge2,intersection_15,False,16,0,16,0.12830439303070307,True
outage_replay_wgan,11,edge2,intersection_16,False,16,0,16,0.15785873658023775,True
outage_replay_wgan,11,edge2,intersection_17,False,16,0,16,0.06025926512666046,True
outage_replay_wgan,11,edge2,intersection_18,False,16,0,16,0.12023065076209603,True
outage_replay_wgan,11,edge2,intersection_19,False,16,0,16,0.116946489084512,True
outage_replay_wgan,11,edge2,intersection_20,False,16,0,16,0.11549299443140626,True
outage_replay_wgan,12,edge0,intersection_00,False,16,0,16,0.106956347823143,True
outage_replay_wgan,12,edge0,intersection_01,False,16,0,16,0.2728113189805299,True
outage_replay_wgan,12,edge0,intersection_02,False,16,0,16,0.059336062520742416,True
outage_replay_wgan,12,edge0,intersection_03,False,16,0,16,0.105552562745288,True
outage_replay_wgan,12,edge0,intersection_04,False,16,0,16,0.17724959854967892,True
outage_replay_wgan,12,edge0,intersection_05,False,16,0,16,0.11896073166280985,True
outage_replay_wgan,12,edge0,intersection_06,False,16,0,16,0.11969414842315018,True
outage_replay_wgan,12,edge1,intersection_07,False,16,0,16,0.23530813329853117,True
outage_replay_wgan,12,edge1,intersection_08,False,16,0,16,0.11918628332205117,True
outage_replay_wgan,12,edge1,intersection_09,False,16,0,16,0.058780469466000795,True
outage_replay_wgan,12,edge1,intersection_10,False,16,0,16,0.00020918715745210648,True
outage_replay_wgan,12,edge1,intersection_11,False,16,0,16,0.026669462211430073,True
outage_replay_wgan,12,edge1,intersection_12,False,16,0,16,0.05974841630086303,True
outage_replay_wgan,12,edge1,intersection_13,False,16,0,16,0.05940813338384032,True
outage_replay_wgan,12,edge2,intersection_14,False,16,0,16,0.05997159145772457,True
outage_replay_wgan,12,edge2,intersection_15,False,16,0,16,0.00017629563808441162,True
outage_replay_wgan,12,edge2,intersection_16,False,16,0,16,0.059941059444099665,True
outage_replay_wgan,12,edge2,intersection_17,False,16,0,16,0.1193829937838018,True
outage_replay_wgan,12,edge2,intersection_18,False,16,0,16,0.2046888668555766,True
outage_replay_wgan,12,edge2,intersection_19,False,16,0,16,0.06009967206045985,True
outage_replay_wgan,12,edge2,intersection_20,False,16,0,16,0.17713358323089778,True
outage_replay_wgan,13,edge0,intersection_00,False,16,0,16,0.05904029426164925,True
outage_replay_wgan,13,edge0,intersection_01,False,16,0,16,0.05764894117601215,True
outage_replay_wgan,13,edge0,intersection_02,False,16,0,16,0.11777052190154791,True
outage_replay_wgan,13,edge0,intersection_03,False,16,0,16,0.17942382907494903,True
outage_replay_wgan,13,edge0,intersection_04,False,16,0,16,0.11862271907739341,True
outage_replay_wgan,13,edge0,intersection_05,False,16,0,16,0.09098307392559946,True
outage_replay_wgan,13,edge0,intersection_06,False,16,0,16,0.06022146739996969,True
outage_replay_wgan,13,edge1,intersection_07,False,16,0,16,0.10070062498562038,True
outage_replay_wgan,13,edge1,intersection_08,False,16,0,16,0.2379391707945615,True
outage_replay_wgan,13,edge1,intersection_09,False,16,0,16,0.00021493388339877129,True
outage_replay_wgan,13,edge1,intersection_10,False,16,0,16,0.07503817742690444,True
outage_replay_wgan,13,edge1,intersection_11,False,16,0,16,0.0049089265521615735,True
outage_replay_wgan,13,edge1,intersection_12,False,16,0,16,0.00023832428269088268,True
outage_replay_wgan,13,edge1,intersection_13,False,16,0,16,0.05940773570910096,True
outage_replay_wgan,13,edge2,intersection_14,False,16,0,16,0.11927154986187816,True
outage_replay_wgan,13,edge2,intersection_15,False,16,0,16,0.05829004594124853,True
outage_replay_wgan,13,edge2,intersection_16,False,16,0,16,0.0002667906228452921,True
outage_replay_wgan,13,edge2,intersection_17,False,16,0,16,0.19313910254277286,True
outage_replay_wgan,13,edge2,intersection_18,False,16,0,16,0.17881012451834977,True
outage_replay_wgan,13,edge2,intersection_19,False,16,0,16,0.043459531618282206,True
outage_replay_wgan,13,edge2,intersection_20,False,16,0,16,0.1271650104317814,True
outage_replay_wgan,14,edge0,intersection_00,False,16,0,16,0.23833127273246646,True
outage_replay_wgan,14,edge0,intersection_01,False,16,0,16,0.11966711888089776,True
outage_replay_wgan,14,edge0,intersection_02,False,16,0,16,0.004942041588947177,True
outage_replay_wgan,14,edge0,intersection_03,False,16,0,16,0.1771203053649515,True
outage_replay_wgan,14,edge0,intersection_04,False,16,0,16,0.00023669376969337463,True
outage_replay_wgan,14,edge0,intersection_05,False,16,0,16,0.11564092710614204,True
outage_replay_wgan,14,edge0,intersection_06,False,16,0,16,0.05806312756612897,True
outage_replay_wgan,14,edge1,intersection_07,False,16,0,16,0.05929485312663019,True
outage_replay_wgan,14,edge1,intersection_08,False,16,0,16,0.05882868287153543,True
outage_replay_wgan,14,edge1,intersection_09,False,16,0,16,0.012430105125531554,True
outage_replay_wgan,14,edge1,intersection_10,False,16,0,16,0.11725684627890587,True
outage_replay_wgan,14,edge1,intersection_11,False,16,0,16,0.02368898352142423,True
outage_replay_wgan,14,edge1,intersection_12,False,16,0,16,0.0004500983050093055,True
outage_replay_wgan,14,edge1,intersection_13,False,16,0,16,0.11811138829216361,True
outage_replay_wgan,14,edge2,intersection_14,False,16,0,16,0.2031625034287572,True
outage_replay_wgan,14,edge2,intersection_15,False,16,0,16,0.11890382831916213,True
outage_replay_wgan,14,edge2,intersection_16,False,16,0,16,0.23891503922641277,True
outage_replay_wgan,14,edge2,intersection_17,False,16,0,16,0.06020377506501972,True
outage_replay_wgan,14,edge2,intersection_18,False,16,0,16,0.059634950710460544,True
outage_replay_wgan,14,edge2,intersection_19,False,16,0,16,0.09009738522581756,True
outage_replay_wgan,14,edge2,intersection_20,False,16,0,16,0.23630209174007177,True
outage_replay_wgan,15,edge0,intersection_00,False,16,0,16,0.12847266742028296,True
outage_replay_wgan,15,edge0,intersection_01,False,16,0,16,0.18001755559816957,True
outage_replay_wgan,15,edge0,intersection_02,False,16,0,16,0.03494323999620974,True
outage_replay_wgan,15,edge0,intersection_03,False,16,0,16,0.11939949519000947,True
outage_replay_wgan,15,edge0,intersection_04,False,16,0,16,0.17662430251948535,True
outage_replay_wgan,15,edge0,intersection_05,False,16,0,16,0.00021153572015464306,True
outage_replay_wgan,15,edge0,intersection_06,False,16,0,16,0.06016839435324072,True
outage_replay_wgan,15,edge1,intersection_07,False,16,0,16,0.0003163679502904415,True
outage_replay_wgan,15,edge1,intersection_08,False,16,0,16,0.05975731345824897,True
outage_replay_wgan,15,edge1,intersection_09,False,16,0,16,0.021658765384927392,True
outage_replay_wgan,15,edge1,intersection_10,False,16,0,16,0.05893432395532727,True
outage_replay_wgan,15,edge1,intersection_11,False,16,0,16,0.16614977433346212,True
outage_replay_wgan,15,edge1,intersection_12,False,16,0,16,0.179229789879173,True
outage_replay_wgan,15,edge1,intersection_13,False,16,0,16,0.2391057552304119,True
outage_replay_wgan,15,edge2,intersection_14,False,16,0,16,0.1751440262887627,True
outage_replay_wgan,15,edge2,intersection_15,False,16,0,16,0.14565650979056954,True
outage_replay_wgan,15,edge2,intersection_16,False,16,0,16,0.00023754499852657318,True
outage_replay_wgan,15,edge2,intersection_17,False,16,0,16,0.2172663293313235,True
outage_replay_wgan,15,edge2,intersection_18,False,16,0,16,0.29369913460686803,True
outage_replay_wgan,15,edge2,intersection_19,False,16,0,16,0.05863575474359095,True
outage_replay_wgan,15,edge2,intersection_20,False,16,0,16,0.1588790868408978,True
outage_replay_wgan,16,edge0,intersection_00,False,16,0,16,0.08819937135558575,True
outage_replay_wgan,16,edge0,intersection_01,False,16,0,16,0.173080526990816,True
outage_replay_wgan,16,edge0,intersection_02,False,16,0,16,0.20946228178218007,True
outage_replay_wgan,16,edge0,intersection_03,False,16,0,16,0.023837456712499257,True
outage_replay_wgan,16,edge0,intersection_04,False,16,0,16,0.11881992476992309,True
outage_replay_wgan,16,edge0,intersection_05,False,16,0,16,0.35689417482353747,True
outage_replay_wgan,16,edge0,intersection_06,False,16,0,16,0.00020032422617077827,True
outage_replay_wgan,16,edge1,intersection_07,False,16,0,16,0.06018950720317661,True
outage_replay_wgan,16,edge1,intersection_08,False,16,0,16,0.00021264934912323952,True
outage_replay_wgan,16,edge1,intersection_09,False,16,0,16,0.00020823371596634388,True
outage_replay_wgan,16,edge1,intersection_10,False,16,0,16,0.05546662723645568,True
outage_replay_wgan,16,edge1,intersection_11,False,16,0,16,0.060298254247754805,True
outage_replay_wgan,16,edge1,intersection_12,False,16,0,16,0.015853722114115953,True
outage_replay_wgan,16,edge1,intersection_13,False,16,0,16,0.09680173778906465,True
outage_replay_wgan,16,edge2,intersection_14,False,16,0,16,0.05973742227070033,True
outage_replay_wgan,16,edge2,intersection_15,False,16,0,16,0.23751386534422636,True
outage_replay_wgan,16,edge2,intersection_16,False,16,0,16,0.23706512991338968,True
outage_replay_wgan,16,edge2,intersection_17,False,16,0,16,0.16778797307051718,True
outage_replay_wgan,16,edge2,intersection_18,False,16,0,16,0.00017536338418722153,True
outage_replay_wgan,16,edge2,intersection_19,False,16,0,16,0.058604727499187,True
outage_replay_wgan,16,edge2,intersection_20,False,16,0,16,0.058260611956939094,True
outage_replay_wgan,17,edge0,intersection_00,False,16,0,16,0.03817991865798831,True
outage_replay_wgan,17,edge0,intersection_01,False,16,0,16,0.1203036254737526,True
outage_replay_wgan,17,edge0,intersection_02,False,16,0,16,0.0002479841932654381,True
outage_replay_wgan,17,edge0,intersection_03,False,16,0,16,0.17921418673358858,True
outage_replay_wgan,17,edge0,intersection_04,False,16,0,16,0.06009525037370622,True
outage_replay_wgan,17,edge0,intersection_05,False,16,0,16,0.08366631506942211,True
outage_replay_wgan,17,edge0,intersection_06,False,16,0,16,0.05863005807623268,True
outage_replay_wgan,17,edge1,intersection_07,False,16,0,16,0.11808059643954039,True
outage_replay_wgan,17,edge1,intersection_08,False,16,0,16,0.00022373837418854237,True
outage_replay_wgan,17,edge1,intersection_09,False,16,0,16,0.0002042872365564108,True
outage_replay_wgan,17,edge1,intersection_10,False,16,0,16,0.0001828914973884821,True
outage_replay_wgan,17,edge1,intersection_11,False,16,0,16,0.2968719827476889,True
outage_replay_wgan,17,edge1,intersection_12,False,16,0,16,0.058908258099108934,True
outage_replay_wgan,17,edge1,intersection_13,False,16,0,16,0.1168599019292742,True
outage_replay_wgan,17,edge2,intersection_14,False,16,0,16,0.17917821719311178,True
outage_replay_wgan,17,edge2,intersection_15,False,16,0,16,0.05962799512781203,True
outage_replay_wgan,17,edge2,intersection_16,False,16,0,16,0.1781434188596904,True
outage_replay_wgan,17,edge2,intersection_17,False,16,0,16,0.26954559865407646,True
outage_replay_wgan,17,edge2,intersection_18,False,16,0,16,0.17799726640805602,True
outage_replay_wgan,17,edge2,intersection_19,False,16,0,16,0.1174568913411349,True
outage_replay_wgan,17,edge2,intersection_20,False,16,0,16,0.08600643486715853,True
outage_replay_wgan,18,edge0,intersection_00,False,16,0,16,0.06017128168605267,True
outage_replay_wgan,18,edge0,intersection_01,False,16,0,16,0.1183178685605526,True
outage_replay_wgan,18,edge0,intersection_02,False,16,0,16,0.06022753636352717,True
outage_replay_wgan,18,edge0,intersection_03,False,16,0,16,0.11793521465733647,True
outage_replay_wgan,18,edge0,intersection_04,False,16,0,16,0.1929293901193887,True
outage_replay_wgan,18,edge0,intersection_05,False,16,0,16,0.17812520149163902,True
outage_replay_wgan,18,edge0,intersection_06,False,16,0,16,0.11973158712498844,True
outage_replay_wgan,18,edge1,intersection_07,False,16,0,16,0.19813858391717076,True
outage_replay_wgan,18,edge1,intersection_08,False,16,0,16,0.1368564327713102,True
outage_replay_wgan,18,edge1,intersection_09,False,16,0,16,0.1787760122679174,True
outage_replay_wgan,18,edge1,intersection_10,False,16,0,16,0.178891075309366,True
outage_replay_wgan,18,edge1,intersection_11,False,16,0,16,0.11774677131325006,True
outage_replay_wgan,18,edge1,intersection_12,False,16,0,16,0.23627658328041434,True
outage_replay_wgan,18,edge1,intersection_13,False,16,0,16,0.13882854650728405,True
outage_replay_wgan,18,edge2,intersection_14,False,16,0,16,0.1748960972763598,True
outage_replay_wgan,18,edge2,intersection_15,False,16,0,16,0.00027973903343081474,True
outage_replay_wgan,18,edge2,intersection_16,False,16,0,16,0.11834963201545179,True
outage_replay_wgan,18,edge2,intersection_17,False,16,0,16,0.0001804728526622057,True
outage_replay_wgan,18,edge2,intersection_18,False,16,0,16,0.00022611301392316818,True
outage_replay_wgan,18,edge2,intersection_19,False,16,0,16,0.03381110564805567,True
outage_replay_wgan,18,edge2,intersection_20,False,16,0,16,0.007307959953323007,True
outage_replay_wgan,19,edge0,intersection_00,False,16,0,16,0.11539419577457011,True
outage_replay_wgan,19,edge0,intersection_01,False,16,0,16,0.00012559536844491959,True
outage_replay_wgan,19,edge0,intersection_02,False,16,0,16,0.00021444610320031643,True
outage_replay_wgan,19,edge0,intersection_03,False,16,0,16,0.03169171465560793,True
outage_replay_wgan,19,edge0,intersection_04,False,16,0,16,0.11758629069663584,True
outage_replay_wgan,19,edge0,intersection_05,False,16,0,16,0.00026280153542757034,True
outage_replay_wgan,19,edge0,intersection_06,False,16,0,16,0.06448312452994287,True
outage_replay_wgan,19,edge1,intersection_07,False,16,0,16,0.05934627330861985,True
outage_replay_wgan,19,edge1,intersection_08,False,16,0,16,0.06016556615941226,True
outage_replay_wgan,19,edge1,intersection_09,False,16,0,16,0.11887470190413295,True
outage_replay_wgan,19,edge1,intersection_10,False,16,0,16,0.00022700615227222443,True
outage_replay_wgan,19,edge1,intersection_11,False,16,0,16,0.0582955579739064,True
outage_replay_wgan,19,edge1,intersection_12,False,16,0,16,0.05985717289149761,True
outage_replay_wgan,19,edge1,intersection_13,False,16,0,16,0.11665321537293494,True
outage_replay_wgan,19,edge2,intersection_14,False,16,0,16,0.11914098681882024,True
outage_replay_wgan,19,edge2,intersection_15,False,16,0,16,0.00020966911688446999,True
outage_replay_wgan,19,edge2,intersection_16,False,16,0,16,0.06018596817739308,True
outage_replay_wgan,19,edge2,intersection_17,False,16,0,16,0.17441161500755697,True
outage_replay_wgan,19,edge2,intersection_18,False,16,0,16,0.06065004912670702,True
outage_replay_wgan,19,edge2,intersection_19,False,16,0,16,0.11764845321886241,True
outage_replay_wgan,19,edge2,intersection_20,False,16,0,16,0.17876724153757095,True
outage_replay_wgan,20,edge0,intersection_00,True,0,16,16,0.1139473533257842,True
outage_replay_wgan,20,edge0,intersection_01,False,16,0,16,0.060151272919029,True
outage_replay_wgan,20,edge0,intersection_02,False,16,0,16,0.0001577592920511961,True
outage_replay_wgan,20,edge0,intersection_03,False,16,0,16,0.0002072090283036232,True
outage_replay_wgan,20,edge0,intersection_04,False,16,0,16,0.10733425151556729,True
outage_replay_wgan,20,edge0,intersection_05,False,16,0,16,0.06026639370247721,True
outage_replay_wgan,20,edge0,intersection_06,False,16,0,16,0.11987113463692367,True
outage_replay_wgan,20,edge1,intersection_07,False,16,0,16,0.11011581588536501,True
outage_replay_wgan,20,edge1,intersection_08,False,16,0,16,0.07332703890278935,True
outage_replay_wgan,20,edge1,intersection_09,False,16,0,16,0.11878407187759876,True
outage_replay_wgan,20,edge1,intersection_10,False,16,0,16,0.17901102919131517,True
outage_replay_wgan,20,edge1,intersection_11,False,16,0,16,0.11862049996852875,True
outage_replay_wgan,20,edge1,intersection_12,False,16,0,16,0.13554426399059594,True
outage_replay_wgan,20,edge1,intersection_13,False,16,0,16,0.1193808913230896,True
outage_replay_wgan,20,edge2,intersection_14,False,16,0,16,0.06745760701596737,True
outage_replay_wgan,20,edge2,intersection_15,False,16,0,16,0.13971665943972766,True
outage_replay_wgan,20,edge2,intersection_16,False,16,0,16,0.17651308188214898,True
outage_replay_wgan,20,edge2,intersection_17,False,16,0,16,0.059354858938604586,True
outage_replay_wgan,20,edge2,intersection_18,False,16,0,16,0.1190089313313365,True
outage_replay_wgan,20,edge2,intersection_19,False,16,0,16,0.0005333301378414035,True
outage_replay_wgan,20,edge2,intersection_20,False,16,0,16,0.11966797383502126,True
outage_replay_wgan,21,edge0,intersection_00,True,0,16,16,0.17925449251197278,True
outage_replay_wgan,21,edge0,intersection_01,False,16,0,16,0.015525983646512032,True
outage_replay_wgan,21,edge0,intersection_02,False,16,0,16,0.06973078777082263,True
outage_replay_wgan,21,edge0,intersection_03,False,16,0,16,0.060136953368783,True
outage_replay_wgan,21,edge0,intersection_04,False,16,0,16,0.00023253681138157845,True
outage_replay_wgan,21,edge0,intersection_05,False,16,0,16,0.059501284500584,True
outage_replay_wgan,21,edge0,intersection_06,False,16,0,16,0.00023139780387282372,True
outage_replay_wgan,21,edge1,intersection_07,False,16,0,16,0.11973405815660954,True
outage_replay_wgan,21,edge1,intersection_08,False,16,0,16,0.1299447997007519,True
outage_replay_wgan,21,edge1,intersection_09,False,16,0,16,0.06021580728702247,True
outage_replay_wgan,21,edge1,intersection_10,False,16,0,16,0.12001741770654917,True
outage_replay_wgan,21,edge1,intersection_11,False,16,0,16,0.0602445111144334,True
outage_replay_wgan,21,edge1,intersection_12,False,16,0,16,0.059337291633710265,True
outage_replay_wgan,21,edge1,intersection_13,False,16,0,16,0.11804098961874841,True
outage_replay_wgan,21,edge2,intersection_14,False,16,0,16,0.08204781636595726,True
outage_replay_wgan,21,edge2,intersection_15,False,16,0,16,0.240044099278748,True
outage_replay_wgan,21,edge2,intersection_16,False,16,0,16,0.00024534063413739204,True
outage_replay_wgan,21,edge2,intersection_17,False,16,0,16,0.11940670106559992,True
outage_replay_wgan,21,edge2,intersection_18,False,16,0,16,0.23428499209694564,True
outage_replay_wgan,21,edge2,intersection_19,False,16,0,16,0.1153781027533114,True
outage_replay_wgan,21,edge2,intersection_20,False,16,0,16,0.06464284961111844,True
outage_replay_wgan,22,edge0,intersection_00,True,0,16,16,0.07616254268214107,True
outage_replay_wgan,22,edge0,intersection_01,False,16,0,16,0.23783472483046353,True
outage_replay_wgan,22,edge0,intersection_02,False,16,0,16,0.11762472265399992,True
outage_replay_wgan,22,edge0,intersection_03,False,16,0,16,0.178376350319013,True
outage_replay_wgan,22,edge0,intersection_04,False,16,0,16,0.1069849084597081,True
outage_replay_wgan,22,edge0,intersection_05,False,16,0,16,0.0575233104173094,True
outage_replay_wgan,22,edge0,intersection_06,False,16,0,16,0.058597944444045424,True
outage_replay_wgan,22,edge1,intersection_07,False,16,0,16,0.09549061465077102,True
outage_replay_wgan,22,edge1,intersection_08,False,16,0,16,0.13335938239470124,True
outage_replay_wgan,22,edge1,intersection_09,False,16,0,16,0.2327326985541731,True
outage_replay_wgan,22,edge1,intersection_10,False,16,0,16,0.06734388880431652,True
outage_replay_wgan,22,edge1,intersection_11,False,16,0,16,0.05939229088835418,True
outage_replay_wgan,22,edge1,intersection_12,False,16,0,16,0.060507958405651145,True
outage_replay_wgan,22,edge1,intersection_13,False,16,0,16,0.060028424952179193,True
outage_replay_wgan,22,edge2,intersection_14,False,16,0,16,0.11925601516850293,True
outage_replay_wgan,22,edge2,intersection_15,False,16,0,16,0.03765835659578442,True
outage_replay_wgan,22,edge2,intersection_16,False,16,0,16,0.11858292249962687,True
outage_replay_wgan,22,edge2,intersection_17,False,16,0,16,0.09127558930777013,True
outage_replay_wgan,22,edge2,intersection_18,False,16,0,16,0.0002104579471051693,True
outage_replay_wgan,22,edge2,intersection_19,False,16,0,16,0.10208715288899839,True
outage_replay_wgan,22,edge2,intersection_20,False,16,0,16,0.1976562556810677,True
outage_replay_wgan,23,edge0,intersection_00,True,0,16,16,0.17957249097526073,True
outage_replay_wgan,23,edge0,intersection_01,False,16,0,16,0.1783093921840191,True
outage_replay_wgan,23,edge0,intersection_02,False,16,0,16,0.17834951914846897,True
outage_replay_wgan,23,edge0,intersection_03,False,16,0,16,0.17446006275713444,True
outage_replay_wgan,23,edge0,intersection_04,False,16,0,16,0.12020131200551985,True
outage_replay_wgan,23,edge0,intersection_05,False,16,0,16,0.11911450675688684,True
outage_replay_wgan,23,edge0,intersection_06,False,16,0,16,0.06350195547565818,True
outage_replay_wgan,23,edge1,intersection_07,False,16,0,16,0.05878006643615663,True
outage_replay_wgan,23,edge1,intersection_08,False,16,0,16,0.11980129731819034,True
outage_replay_wgan,23,edge1,intersection_09,False,16,0,16,0.07012806483544408,True
outage_replay_wgan,23,edge1,intersection_10,False,16,0,16,0.11847651423886418,True
outage_replay_wgan,23,edge1,intersection_11,False,16,0,16,0.1193739257287234,True
outage_replay_wgan,23,edge1,intersection_12,False,16,0,16,0.11932216188870369,True
outage_replay_wgan,23,edge1,intersection_13,False,16,0,16,0.11801054794341326,True
outage_replay_wgan,23,edge2,intersection_14,False,16,0,16,0.00018142350018024445,True
outage_replay_wgan,23,edge2,intersection_15,False,16,0,16,0.11772898840717971,True
outage_replay_wgan,23,edge2,intersection_16,False,16,0,16,0.06021615024656057,True
outage_replay_wgan,23,edge2,intersection_17,False,16,0,16,0.1196031083818525,True
outage_replay_wgan,23,edge2,intersection_18,False,16,0,16,0.058546970132738345,True
outage_replay_wgan,23,edge2,intersection_19,False,16,0,16,0.11858174088411033,True
outage_replay_wgan,23,edge2,intersection_20,False,16,0,16,0.00018660631030797958,True
outage_replay_wgan,24,edge0,intersection_00,True,0,16,16,0.0002458237577229738,True
outage_replay_wgan,24,edge0,intersection_01,False,16,0,16,0.05994792468845844,True
outage_replay_wgan,24,edge0,intersection_02,False,16,0,16,0.1343747687060386,True
outage_replay_wgan,24,edge0,intersection_03,False,16,0,16,0.09375774371437728,True
outage_replay_wgan,24,edge0,intersection_04,False,16,0,16,0.0002034392673522234,True
outage_replay_wgan,24,edge0,intersection_05,False,16,0,16,0.11602200265042484,True
outage_replay_wgan,24,edge0,intersection_06,False,16,0,16,0.08801350835710764,True
outage_replay_wgan,24,edge1,intersection_07,False,16,0,16,0.1763972530607134,True
outage_replay_wgan,24,edge1,intersection_08,False,16,0,16,0.05975312273949384,True
outage_replay_wgan,24,edge1,intersection_09,False,16,0,16,0.05997339729219675,True
outage_replay_wgan,24,edge1,intersection_10,False,16,0,16,0.058519064681604505,True
outage_replay_wgan,24,edge1,intersection_11,False,16,0,16,0.060252397553995245,True
outage_replay_wgan,24,edge1,intersection_12,False,16,0,16,0.059538009809330106,True
outage_replay_wgan,24,edge1,intersection_13,False,16,0,16,0.012984696775674818,True
outage_replay_wgan,24,edge2,intersection_14,False,16,0,16,0.12009287136606871,True
outage_replay_wgan,24,edge2,intersection_15,False,16,0,16,0.11902981018647552,True
outage_replay_wgan,24,edge2,intersection_16,False,16,0,16,0.00014441786333918571,True
outage_replay_wgan,24,edge2,intersection_17,False,16,0,16,0.060187059221789234,True
outage_replay_wgan,24,edge2,intersection_18,False,16,0,16,0.0002118484117090702,True
outage_replay_wgan,24,edge2,intersection_19,False,16,0,16,0.15791091229766607,True
outage_replay_wgan,24,edge2,intersection_20,False,16,0,16,0.2103339151944965,True
outage_replay_wgan,25,edge0,intersection_00,True,0,16,16,0.1385272890329361,True
outage_replay_wgan,25,edge0,intersection_01,False,16,0,16,0.00018855510279536247,True
outage_replay_wgan,25,edge0,intersection_02,False,16,0,16,0.11725035891868174,True
outage_replay_wgan,25,edge0,intersection_03,False,16,0,16,0.00019755354151129723,True
outage_replay_wgan,25,edge0,intersection_04,False,16,0,16,0.06019047298468649,True
outage_replay_wgan,25,edge0,intersection_05,False,16,0,16,0.04982611956074833,True
outage_replay_wgan,25,edge0,intersection_06,False,16,0,16,0.06612024293281138,True
outage_replay_wgan,25,edge1,intersection_07,False,16,0,16,0.10610990854911506,True
outage_replay_wgan,25,edge1,intersection_08,False,16,0,16,0.11988732079043984,True
outage_replay_wgan,25,edge1,intersection_09,False,16,0,16,0.05981488223187626,True
outage_replay_wgan,25,edge1,intersection_10,False,16,0,16,0.1111356692854315,True
outage_replay_wgan,25,edge1,intersection_11,False,16,0,16,0.00018554949201643467,True
outage_replay_wgan,25,edge1,intersection_12,False,16,0,16,0.1652855740394443,True
outage_replay_wgan,25,edge1,intersection_13,False,16,0,16,0.1166545560117811,True
outage_replay_wgan,25,edge2,intersection_14,False,16,0,16,0.11653779447078705,True
outage_replay_wgan,25,edge2,intersection_15,False,16,0,16,0.06993513111956418,True
outage_replay_wgan,25,edge2,intersection_16,False,16,0,16,0.05986959743313491,True
outage_replay_wgan,25,edge2,intersection_17,False,16,0,16,0.00020454288460314274,True
outage_replay_wgan,25,edge2,intersection_18,False,16,0,16,0.07122248224914074,True
outage_replay_wgan,25,edge2,intersection_19,False,16,0,16,0.07886585686355828,True
outage_replay_wgan,25,edge2,intersection_20,False,16,0,16,0.09916358208283782,True
outage_replay_wgan,26,edge0,intersection_00,True,0,16,16,0.18021116149611768,True
outage_replay_wgan,26,edge0,intersection_01,False,16,0,16,0.00026659597642719746,True
outage_replay_wgan,26,edge0,intersection_02,False,16,0,16,0.11725424090400338,True
outage_replay_wgan,26,edge0,intersection_03,False,16,0,16,0.20238391868770123,True
outage_replay_wgan,26,edge0,intersection_04,False,16,0,16,0.00020571216009557247,True
outage_replay_wgan,26,edge0,intersection_05,False,16,0,16,0.05946027627214789,True
outage_replay_wgan,26,edge0,intersection_06,False,16,0,16,0.014100364875048399,True
outage_replay_wgan,26,edge1,intersection_07,False,16,0,16,0.12022934085689485,True
outage_replay_wgan,26,edge1,intersection_08,False,16,0,16,0.05917597864754498,True
outage_replay_wgan,26,edge1,intersection_09,False,16,0,16,0.05930604925379158,True
outage_replay_wgan,26,edge1,intersection_10,False,16,0,16,0.17361890245229006,True
outage_replay_wgan,26,edge1,intersection_11,False,16,0,16,0.00019893399439752102,True
outage_replay_wgan,26,edge1,intersection_12,False,16,0,16,0.0570864116307348,True
outage_replay_wgan,26,edge1,intersection_13,False,16,0,16,0.09416572516784072,True
outage_replay_wgan,26,edge2,intersection_14,False,16,0,16,0.00021888618357479572,True
outage_replay_wgan,26,edge2,intersection_15,False,16,0,16,0.012658231426030397,True
outage_replay_wgan,26,edge2,intersection_16,False,16,0,16,0.08651209715753794,True
outage_replay_wgan,26,edge2,intersection_17,False,16,0,16,0.09975428902544081,True
outage_replay_wgan,26,edge2,intersection_18,False,16,0,16,0.00014403951354324818,True
outage_replay_wgan,26,edge2,intersection_19,False,16,0,16,0.11894453084096313,True
outage_replay_wgan,26,edge2,intersection_20,False,16,0,16,0.1793180019594729,True
outage_replay_wgan,27,edge0,intersection_00,True,0,16,16,0.0765950062777847,True
outage_replay_wgan,27,edge0,intersection_01,False,16,0,16,0.11887543322518468,True
outage_replay_wgan,27,edge0,intersection_02,False,16,0,16,0.21517067891545594,True
outage_replay_wgan,27,edge0,intersection_03,False,16,0,16,0.23838463122956455,True
outage_replay_wgan,27,edge0,intersection_04,False,16,0,16,0.059819400077685714,True
outage_replay_wgan,27,edge0,intersection_05,False,16,0,16,0.11830837209708989,True
outage_replay_wgan,27,edge0,intersection_06,False,16,0,16,0.11683049751445651,True
outage_replay_wgan,27,edge1,intersection_07,False,16,0,16,0.0001810360699892044,True
outage_replay_wgan,27,edge1,intersection_08,False,16,0,16,0.06019509304314851,True
outage_replay_wgan,27,edge1,intersection_09,False,16,0,16,0.059886501636356115,True
outage_replay_wgan,27,edge1,intersection_10,False,16,0,16,0.05999563843943178,True
outage_replay_wgan,27,edge1,intersection_11,False,16,0,16,0.1785082360729575,True
outage_replay_wgan,27,edge1,intersection_12,False,16,0,16,0.0591695646289736,True
outage_replay_wgan,27,edge1,intersection_13,False,16,0,16,0.05974532081745565,True
outage_replay_wgan,27,edge2,intersection_14,False,16,0,16,0.1173776846844703,True
outage_replay_wgan,27,edge2,intersection_15,False,16,0,16,0.2807456962764263,True
outage_replay_wgan,27,edge2,intersection_16,False,16,0,16,0.11687037046067417,True
outage_replay_wgan,27,edge2,intersection_17,False,16,0,16,0.2137629445642233,True
outage_replay_wgan,27,edge2,intersection_18,False,16,0,16,0.0586265497840941,True
outage_replay_wgan,27,edge2,intersection_19,False,16,0,16,0.11967987334355712,True
outage_replay_wgan,27,edge2,intersection_20,False,16,0,16,0.0587949356995523,True
outage_replay_wgan,28,edge0,intersection_00,True,0,16,16,0.08190139872021973,True
outage_replay_wgan,28,edge0,intersection_01,False,16,0,16,0.00023986189626157284,True
outage_replay_wgan,28,edge0,intersection_02,False,16,0,16,0.07235369249247015,True
outage_replay_wgan,28,edge0,intersection_03,False,16,0,16,0.08606992429122329,True
outage_replay_wgan,28,edge0,intersection_04,False,16,0,16,0.11990448716096579,True
outage_replay_wgan,28,edge0,intersection_05,False,16,0,16,0.11974965990521014,True
outage_replay_wgan,28,edge0,intersection_06,False,16,0,16,0.047001613304018974,True
outage_replay_wgan,28,edge1,intersection_07,False,16,0,16,0.060135283740237355,True
outage_replay_wgan,28,edge1,intersection_08,False,16,0,16,0.00014919647946953773,True
outage_replay_wgan,28,edge1,intersection_09,False,16,0,16,0.13086220668628812,True
outage_replay_wgan,28,edge1,intersection_10,False,16,0,16,0.00023118243552744389,True
outage_replay_wgan,28,edge1,intersection_11,False,16,0,16,0.11998196318745612,True
outage_replay_wgan,28,edge1,intersection_12,False,16,0,16,0.26018081814981997,True
outage_replay_wgan,28,edge1,intersection_13,False,16,0,16,0.06021385267376899,True
outage_replay_wgan,28,edge2,intersection_14,False,16,0,16,0.07362055568955839,True
outage_replay_wgan,28,edge2,intersection_15,False,16,0,16,0.05995543906465172,True
outage_replay_wgan,28,edge2,intersection_16,False,16,0,16,0.08977069053798914,True
outage_replay_wgan,28,edge2,intersection_17,False,16,0,16,0.23536935122683644,True
outage_replay_wgan,28,edge2,intersection_18,False,16,0,16,0.00024083885364234447,True
outage_replay_wgan,28,edge2,intersection_19,False,16,0,16,0.08291928563266993,True
outage_replay_wgan,28,edge2,intersection_20,False,16,0,16,0.2229848955757916,True
outage_replay_wgan,29,edge0,intersection_00,True,0,16,16,0.11822592956013978,True
outage_replay_wgan,29,edge0,intersection_01,False,16,0,16,0.021778783295303583,True
outage_replay_wgan,29,edge0,intersection_02,False,16,0,16,0.18801150983199477,True
outage_replay_wgan,29,edge0,intersection_03,False,16,0,16,0.05954189074691385,True
outage_replay_wgan,29,edge0,intersection_04,False,16,0,16,0.09780228137969971,True
outage_replay_wgan,29,edge0,intersection_05,False,16,0,16,0.14942771987989545,True
outage_replay_wgan,29,edge0,intersection_06,False,16,0,16,0.17749181133694947,True
outage_replay_wgan,29,edge1,intersection_07,False,16,0,16,0.059421701822429895,True
outage_replay_wgan,29,edge1,intersection_08,False,16,0,16,0.19111980916932225,True
outage_replay_wgan,29,edge1,intersection_09,False,16,0,16,0.05821513128466904,True
outage_replay_wgan,29,edge1,intersection_10,False,16,0,16,0.11906284536235034,True
outage_replay_wgan,29,edge1,intersection_11,False,16,0,16,0.0015817286912351847,True
outage_replay_wgan,29,edge1,intersection_12,False,16,0,16,0.23380051599815488,True
outage_replay_wgan,29,edge1,intersection_13,False,16,0,16,0.17770943767391145,True
outage_replay_wgan,29,edge2,intersection_14,False,16,0,16,0.03146551898680627,True
outage_replay_wgan,29,edge2,intersection_15,False,16,0,16,0.019214170053601265,True
outage_replay_wgan,29,edge2,intersection_16,False,16,0,16,0.1338809945154935,True
outage_replay_wgan,29,edge2,intersection_17,False,16,0,16,0.05883146054111421,True
outage_replay_wgan,29,edge2,intersection_18,False,16,0,16,0.18027953919954595,True
outage_replay_wgan,29,edge2,intersection_19,False,16,0,16,0.11968488432466984,True
outage_replay_wgan,29,edge2,intersection_20,False,16,0,16,0.10788899986073375,True
outage_replay_wgan,30,edge0,intersection_00,True,0,16,16,0.1789312839973718,True
outage_replay_wgan,30,edge0,intersection_01,False,16,0,16,0.059285830706357956,True
outage_replay_wgan,30,edge0,intersection_02,False,16,0,16,0.14259592886082828,True
outage_replay_wgan,30,edge0,intersection_03,False,16,0,16,0.06029376480728387,True
outage_replay_wgan,30,edge0,intersection_04,False,16,0,16,0.060222374508157366,True
outage_replay_wgan,30,edge0,intersection_05,False,16,0,16,0.03747823927551508,True
outage_replay_wgan,30,edge0,intersection_06,False,16,0,16,0.1554849506355822,True
outage_replay_wgan,30,edge1,intersection_07,False,16,0,16,0.08335650619119406,True
outage_replay_wgan,30,edge1,intersection_08,False,16,0,16,0.00018883636221289635,True
outage_replay_wgan,30,edge1,intersection_09,False,16,0,16,0.0600435126107186,True
outage_replay_wgan,30,edge1,intersection_10,False,16,0,16,0.06020530965179204,True
outage_replay_wgan,30,edge1,intersection_11,False,16,0,16,0.09399100975133479,True
outage_replay_wgan,30,edge1,intersection_12,False,16,0,16,0.11896819854155183,True
outage_replay_wgan,30,edge1,intersection_13,False,16,0,16,0.10007760231383145,True
outage_replay_wgan,30,edge2,intersection_14,False,16,0,16,0.06024062284268439,True
outage_replay_wgan,30,edge2,intersection_15,False,16,0,16,0.0600544607732445,True
outage_replay_wgan,30,edge2,intersection_16,False,16,0,16,0.11060139769688249,True
outage_replay_wgan,30,edge2,intersection_17,False,16,0,16,0.1180638934019953,True
outage_replay_wgan,30,edge2,intersection_18,False,16,0,16,0.05922232661396265,True
outage_replay_wgan,30,edge2,intersection_19,False,16,0,16,0.06014401582069694,True
outage_replay_wgan,30,edge2,intersection_20,False,16,0,16,0.00025835842825472355,True
outage_replay_wgan,31,edge0,intersection_00,True,0,16,16,0.05976396286860108,True
outage_replay_wgan,31,edge0,intersection_01,False,16,0,16,0.14109282498247921,True
outage_replay_wgan,31,edge0,intersection_02,False,16,0,16,0.06017997651360928,True
outage_replay_wgan,31,edge0,intersection_03,False,16,0,16,0.11830658093094826,True
outage_replay_wgan,31,edge0,intersection_04,False,16,0,16,0.11816822062246501,True
outage_replay_wgan,31,edge0,intersection_05,False,16,0,16,0.0021603183122351766,True
outage_replay_wgan,31,edge0,intersection_06,False,16,0,16,0.23037701984867454,True
outage_replay_wgan,31,edge1,intersection_07,False,16,0,16,0.13428653799928725,True
outage_replay_wgan,31,edge1,intersection_08,False,16,0,16,0.060288268374279134,True
outage_replay_wgan,31,edge1,intersection_09,False,16,0,16,0.11869194125756621,True
outage_replay_wgan,31,edge1,intersection_10,False,16,0,16,0.060185531154274934,True
outage_replay_wgan,31,edge1,intersection_11,False,16,0,16,0.15823855809867382,True
outage_replay_wgan,31,edge1,intersection_12,False,16,0,16,0.00019290577620267868,True
outage_replay_wgan,31,edge1,intersection_13,False,16,0,16,0.11434147227555513,True
outage_replay_wgan,31,edge2,intersection_14,False,16,0,16,0.05168097303248942,True
outage_replay_wgan,31,edge2,intersection_15,False,16,0,16,0.00018777279183268547,True
outage_replay_wgan,31,edge2,intersection_16,False,16,0,16,0.058927006321027875,True
outage_replay_wgan,31,edge2,intersection_17,False,16,0,16,0.11689715669490398,True
outage_replay_wgan,31,edge2,intersection_18,False,16,0,16,0.2383346043061465,True
outage_replay_wgan,31,edge2,intersection_19,False,16,0,16,0.11776811862364411,True
outage_replay_wgan,31,edge2,intersection_20,False,16,0,16,0.23831256455741823,True
outage_replay_wgan,32,edge0,intersection_00,True,0,16,16,0.05948888766579331,True
outage_replay_wgan,32,edge0,intersection_01,False,16,0,16,0.13927946612238884,True
outage_replay_wgan,32,edge0,intersection_02,False,16,0,16,0.11808405444025993,True
outage_replay_wgan,32,edge0,intersection_03,False,16,0,16,0.0002663999330252409,True
outage_replay_wgan,32,edge0,intersection_04,False,16,0,16,0.054370658239349716,True
outage_replay_wgan,32,edge0,intersection_05,False,16,0,16,0.05962502188049256,True
outage_replay_wgan,32,edge0,intersection_06,False,16,0,16,0.0347353033721447,True
outage_replay_wgan,32,edge1,intersection_07,False,16,0,16,0.1198474825359881,True
outage_replay_wgan,32,edge1,intersection_08,False,16,0,16,0.05967580247670412,True
outage_replay_wgan,32,edge1,intersection_09,False,16,0,16,0.12490377156063914,True
outage_replay_wgan,32,edge1,intersection_10,False,16,0,16,0.11697026970796287,True
outage_replay_wgan,32,edge1,intersection_11,False,16,0,16,0.04991422290913761,True
outage_replay_wgan,32,edge1,intersection_12,False,16,0,16,0.17182776844128966,True
outage_replay_wgan,32,edge1,intersection_13,False,16,0,16,0.08059206116013229,True
outage_replay_wgan,32,edge2,intersection_14,False,16,0,16,0.1700268315616995,True
outage_replay_wgan,32,edge2,intersection_15,False,16,0,16,0.11894244072027504,True
outage_replay_wgan,32,edge2,intersection_16,False,16,0,16,0.17442887532524765,True
outage_replay_wgan,32,edge2,intersection_17,False,16,0,16,0.11750867730006576,True
outage_replay_wgan,32,edge2,intersection_18,False,16,0,16,0.21961992676369846,True
outage_replay_wgan,32,edge2,intersection_19,False,16,0,16,0.20772358519025147,True
outage_replay_wgan,32,edge2,intersection_20,False,16,0,16,0.11888286238536239,True
outage_replay_wgan,33,edge0,intersection_00,True,0,16,16,0.17543842224404216,True
outage_replay_wgan,33,edge0,intersection_01,False,16,0,16,0.11708051362074912,True
outage_replay_wgan,33,edge0,intersection_02,False,16,0,16,0.024827666347846392,True
outage_replay_wgan,33,edge0,intersection_03,False,16,0,16,0.19831478665582836,True
outage_replay_wgan,33,edge0,intersection_04,False,16,0,16,0.17843574821017683,True
outage_replay_wgan,33,edge0,intersection_05,False,16,0,16,0.059387743705883615,True
outage_replay_wgan,33,edge0,intersection_06,False,16,0,16,0.10888596181757748,True
outage_replay_wgan,33,edge1,intersection_07,False,16,0,16,0.1831550300121307,True
outage_replay_wgan,33,edge1,intersection_08,False,16,0,16,0.17552388412877917,True
outage_replay_wgan,33,edge1,intersection_09,False,16,0,16,0.19598756590858102,True
outage_replay_wgan,33,edge1,intersection_10,False,16,0,16,0.058963591931387775,True
outage_replay_wgan,33,edge1,intersection_11,False,16,0,16,0.060185584705322974,True
outage_replay_wgan,33,edge1,intersection_12,False,16,0,16,0.06355941691435874,True
outage_replay_wgan,33,edge1,intersection_13,False,16,0,16,0.0001396029256284237,True
outage_replay_wgan,33,edge2,intersection_14,False,16,0,16,0.06019175332039594,True
outage_replay_wgan,33,edge2,intersection_15,False,16,0,16,0.2945210391189903,True
outage_replay_wgan,33,edge2,intersection_16,False,16,0,16,0.11873750761151314,True
outage_replay_wgan,33,edge2,intersection_17,False,16,0,16,0.11965578026138245,True
outage_replay_wgan,33,edge2,intersection_18,False,16,0,16,0.060217027552425854,True
outage_replay_wgan,33,edge2,intersection_19,False,16,0,16,0.06982125691138208,True
outage_replay_wgan,33,edge2,intersection_20,False,16,0,16,0.00022315606474876404,True
outage_replay_wgan,34,edge0,intersection_00,True,0,16,16,0.12080630473792553,True
outage_replay_wgan,34,edge0,intersection_01,False,16,0,16,0.06023817788809537,True
outage_replay_wgan,34,edge0,intersection_02,False,16,0,16,0.05785656860098242,True
outage_replay_wgan,34,edge0,intersection_03,False,16,0,16,0.08677285187877715,True
outage_replay_wgan,34,edge0,intersection_04,False,16,0,16,0.17543094418942928,True
outage_replay_wgan,34,edge0,intersection_05,False,16,0,16,0.00019897823221981525,True
outage_replay_wgan,34,edge0,intersection_06,False,16,0,16,0.058637154754251235,True
outage_replay_wgan,34,edge1,intersection_07,False,16,0,16,0.12976188329048455,True
outage_replay_wgan,34,edge1,intersection_08,False,16,0,16,0.17893483606167138,True
outage_replay_wgan,34,edge1,intersection_09,False,16,0,16,0.1723498112987727,True
outage_replay_wgan,34,edge1,intersection_10,False,16,0,16,0.06025215913541614,True
outage_replay_wgan,34,edge1,intersection_11,False,16,0,16,0.00021267589181661606,True
outage_replay_wgan,34,edge1,intersection_12,False,16,0,16,0.00040993792936205864,True
outage_replay_wgan,34,edge1,intersection_13,False,16,0,16,0.00013199285604059696,True
outage_replay_wgan,34,edge2,intersection_14,False,16,0,16,0.00021878606639802456,True
outage_replay_wgan,34,edge2,intersection_15,False,16,0,16,0.08230446721427143,True
outage_replay_wgan,34,edge2,intersection_16,False,16,0,16,0.11887001176364718,True
outage_replay_wgan,34,edge2,intersection_17,False,16,0,16,0.1052594450302422,True
outage_replay_wgan,34,edge2,intersection_18,False,16,0,16,0.17784595931880176,True
outage_replay_wgan,34,edge2,intersection_19,False,16,0,16,0.07290226593613625,True
outage_replay_wgan,34,edge2,intersection_20,False,16,0,16,0.11864673322997987,True
outage_replay_wgan,35,edge0,intersection_00,True,0,16,16,0.14372211624868214,True
outage_replay_wgan,35,edge0,intersection_01,False,16,0,16,0.19705363223329186,True
outage_replay_wgan,35,edge0,intersection_02,False,16,0,16,0.11845182650722562,True
outage_replay_wgan,35,edge0,intersection_03,False,16,0,16,0.11268435011152178,True
outage_replay_wgan,35,edge0,intersection_04,False,16,0,16,0.060685980715788894,True
outage_replay_wgan,35,edge0,intersection_05,False,16,0,16,0.05824011750519275,True
outage_replay_wgan,35,edge0,intersection_06,False,16,0,16,0.17917701927945018,True
outage_replay_wgan,35,edge1,intersection_07,False,16,0,16,0.17603142792358994,True
outage_replay_wgan,35,edge1,intersection_08,False,16,0,16,0.057662156177684665,True
outage_replay_wgan,35,edge1,intersection_09,False,16,0,16,0.11964117386378348,True
outage_replay_wgan,35,edge1,intersection_10,False,16,0,16,0.1265418955590576,True
outage_replay_wgan,35,edge1,intersection_11,False,16,0,16,0.059748656349256635,True
outage_replay_wgan,35,edge1,intersection_12,False,16,0,16,0.14408642170019448,True
outage_replay_wgan,35,edge1,intersection_13,False,16,0,16,0.06634807481896132,True
outage_replay_wgan,35,edge2,intersection_14,False,16,0,16,0.06011097552254796,True
outage_replay_wgan,35,edge2,intersection_15,False,16,0,16,0.0597216950263828,True
outage_replay_wgan,35,edge2,intersection_16,False,16,0,16,0.12026568269357084,True
outage_replay_wgan,35,edge2,intersection_17,False,16,0,16,0.17871714220382273,True
outage_replay_wgan,35,edge2,intersection_18,False,16,0,16,0.20043342979624867,True
outage_replay_wgan,35,edge2,intersection_19,False,16,0,16,0.1788952825590968,True
outage_replay_wgan,35,edge2,intersection_20,False,16,0,16,0.17551767197437584,True
outage_replay_wgan,36,edge0,intersection_00,True,0,16,16,0.0002500989940017462,True
outage_replay_wgan,36,edge0,intersection_01,False,16,0,16,0.21690127113834023,True
outage_replay_wgan,36,edge0,intersection_02,False,16,0,16,0.11970396665856242,True
outage_replay_wgan,36,edge0,intersection_03,False,16,0,16,0.14205707656219602,True
outage_replay_wgan,36,edge0,intersection_04,False,16,0,16,0.000272153876721859,True
outage_replay_wgan,36,edge0,intersection_05,False,16,0,16,0.09403969650156796,True
outage_replay_wgan,36,edge0,intersection_06,False,16,0,16,0.2395550706423819,True
outage_replay_wgan,36,edge1,intersection_07,False,16,0,16,0.08009098400361836,True
outage_replay_wgan,36,edge1,intersection_08,False,16,0,16,0.12022447353228925,True
outage_replay_wgan,36,edge1,intersection_09,False,16,0,16,0.12238637893460691,True
outage_replay_wgan,36,edge1,intersection_10,False,16,0,16,0.05893480614759028,True
outage_replay_wgan,36,edge1,intersection_11,False,16,0,16,0.17937594139948487,True
outage_replay_wgan,36,edge1,intersection_12,False,16,0,16,0.048171657137572765,True
outage_replay_wgan,36,edge1,intersection_13,False,16,0,16,0.12003135867416859,True
outage_replay_wgan,36,edge2,intersection_14,False,16,0,16,0.11769240361172705,True
outage_replay_wgan,36,edge2,intersection_15,False,16,0,16,0.1729533993639052,True
outage_replay_wgan,36,edge2,intersection_16,False,16,0,16,0.26387128233909607,True
outage_replay_wgan,36,edge2,intersection_17,False,16,0,16,0.29545828839764,True
outage_replay_wgan,36,edge2,intersection_18,False,16,0,16,0.059976007323712104,True
outage_replay_wgan,36,edge2,intersection_19,False,16,0,16,0.05888097663410008,True
outage_replay_wgan,36,edge2,intersection_20,False,16,0,16,0.17977439193055034,True
outage_replay_wgan,37,edge0,intersection_00,True,0,16,16,0.1161294353660196,True
outage_replay_wgan,37,edge0,intersection_01,False,16,0,16,0.0255409344099462,True
outage_replay_wgan,37,edge0,intersection_02,False,16,0,16,0.060347785707563155,True
outage_replay_wgan,37,edge0,intersection_03,False,16,0,16,0.17795557132922113,True
outage_replay_wgan,37,edge0,intersection_04,False,16,0,16,0.0602174550294876,True
outage_replay_wgan,37,edge0,intersection_05,False,16,0,16,0.059495646273717284,True
outage_replay_wgan,37,edge0,intersection_06,False,16,0,16,0.06029074429534375,True
outage_replay_wgan,37,edge1,intersection_07,False,16,0,16,0.1591535876505077,True
outage_replay_wgan,37,edge1,intersection_08,False,16,0,16,0.12010120297782123,True
outage_replay_wgan,37,edge1,intersection_09,False,16,0,16,0.0057630338706076145,True
outage_replay_wgan,37,edge1,intersection_10,False,16,0,16,0.1567407022230327,True
outage_replay_wgan,37,edge1,intersection_11,False,16,0,16,0.05976992519572377,True
outage_replay_wgan,37,edge1,intersection_12,False,16,0,16,0.00021582888439297676,True
outage_replay_wgan,37,edge1,intersection_13,False,16,0,16,0.1087093900423497,True
outage_replay_wgan,37,edge2,intersection_14,False,16,0,16,0.1057681287638843,True
outage_replay_wgan,37,edge2,intersection_15,False,16,0,16,0.00020171585492789745,True
outage_replay_wgan,37,edge2,intersection_16,False,16,0,16,0.04992783139459788,True
outage_replay_wgan,37,edge2,intersection_17,False,16,0,16,0.11828866763971746,True
outage_replay_wgan,37,edge2,intersection_18,False,16,0,16,0.11944068688899279,True
outage_replay_wgan,37,edge2,intersection_19,False,16,0,16,0.11662138462997973,True
outage_replay_wgan,37,edge2,intersection_20,False,16,0,16,0.05129959480836987,True
outage_replay_wgan,38,edge0,intersection_00,True,0,16,16,0.00018780585378408432,True
outage_replay_wgan,38,edge0,intersection_01,False,16,0,16,0.00017681787721812725,True
outage_replay_wgan,38,edge0,intersection_02,False,16,0,16,0.05583832785487175,True
outage_replay_wgan,38,edge0,intersection_03,False,16,0,16,0.059766070218756795,True
outage_replay_wgan,38,edge0,intersection_04,False,16,0,16,0.03934715408831835,True
outage_replay_wgan,38,edge0,intersection_05,False,16,0,16,0.059512266889214516,True
outage_replay_wgan,38,edge0,intersection_06,False,16,0,16,0.1786093465052545,True
outage_replay_wgan,38,edge1,intersection_07,False,16,0,16,0.23702860320918262,True
outage_replay_wgan,38,edge1,intersection_08,False,16,0,16,0.00012809084728360176,True
outage_replay_wgan,38,edge1,intersection_09,False,16,0,16,0.00025785830803215504,True
outage_replay_wgan,38,edge1,intersection_10,False,16,0,16,0.06020095222629606,True
outage_replay_wgan,38,edge1,intersection_11,False,16,0,16,0.2228391976095736,True
outage_replay_wgan,38,edge1,intersection_12,False,16,0,16,0.009006017353385687,True
outage_replay_wgan,38,edge1,intersection_13,False,16,0,16,0.060234129894524806,True
outage_replay_wgan,38,edge2,intersection_14,False,16,0,16,0.06800343072973192,True
outage_replay_wgan,38,edge2,intersection_15,False,16,0,16,0.14123461255803704,True
outage_replay_wgan,38,edge2,intersection_16,False,16,0,16,0.00021398835815489292,True
outage_replay_wgan,38,edge2,intersection_17,False,16,0,16,0.17822205857373774,True
outage_replay_wgan,38,edge2,intersection_18,False,16,0,16,0.06025641877204179,True
outage_replay_wgan,38,edge2,intersection_19,False,16,0,16,0.06020858115516602,True
outage_replay_wgan,38,edge2,intersection_20,False,16,0,16,0.01567945047281682,True
outage_replay_wgan,39,edge0,intersection_00,True,0,16,16,0.06022199522703885,True
outage_replay_wgan,39,edge0,intersection_01,False,16,0,16,0.07098218216560781,True
outage_replay_wgan,39,edge0,intersection_02,False,16,0,16,0.11945218150503933,True
outage_replay_wgan,39,edge0,intersection_03,False,16,0,16,0.1020789579488337,True
outage_replay_wgan,39,edge0,intersection_04,False,16,0,16,0.23877007537521422,True
outage_replay_wgan,39,edge0,intersection_05,False,16,0,16,0.11759057897143066,True
outage_replay_wgan,39,edge0,intersection_06,False,16,0,16,0.1667299111140892,True
outage_replay_wgan,39,edge1,intersection_07,False,16,0,16,0.000181152718141675,True
outage_replay_wgan,39,edge1,intersection_08,False,16,0,16,0.0002172414679080248,True
outage_replay_wgan,39,edge1,intersection_09,False,16,0,16,0.17807132354937494,True
outage_replay_wgan,39,edge1,intersection_10,False,16,0,16,0.202286061597988,True
outage_replay_wgan,39,edge1,intersection_11,False,16,0,16,0.058774153469130404,True
outage_replay_wgan,39,edge1,intersection_12,False,16,0,16,0.05986563372425734,True
outage_replay_wgan,39,edge1,intersection_13,False,16,0,16,0.059520088601857424,True
outage_replay_wgan,39,edge2,intersection_14,False,16,0,16,0.00021502654999494553,True
outage_replay_wgan,39,edge2,intersection_15,False,16,0,16,0.05970306205563247,True
outage_replay_wgan,39,edge2,intersection_16,False,16,0,16,0.11960460455156863,True
outage_replay_wgan,39,edge2,intersection_17,False,16,0,16,0.07245898083783686,True
outage_replay_wgan,39,edge2,intersection_18,False,16,0,16,0.058236719109117985,True
outage_replay_wgan,39,edge2,intersection_19,False,16,0,16,0.130042705219239,True
outage_replay_wgan,39,edge2,intersection_20,False,16,0,16,0.05798792955465614,True
outage_replay_wgan,40,edge0,intersection_00,True,0,16,16,0.06498719658702612,True
outage_replay_wgan,40,edge0,intersection_01,False,16,0,16,0.05952315870672465,True
outage_replay_wgan,40,edge0,intersection_02,False,16,0,16,0.05829213093966246,True
outage_replay_wgan,40,edge0,intersection_03,False,16,0,16,0.11710836598649621,True
outage_replay_wgan,40,edge0,intersection_04,False,16,0,16,0.2695344649255276,True
outage_replay_wgan,40,edge0,intersection_05,False,16,0,16,0.1571878280956298,True
outage_replay_wgan,40,edge0,intersection_06,False,16,0,16,0.27873850823380053,True
outage_replay_wgan,40,edge1,intersection_07,False,16,0,16,0.11531674466095865,True
outage_replay_wgan,40,edge1,intersection_08,False,16,0,16,0.08506200928241013,True
outage_replay_wgan,40,edge1,intersection_09,False,16,0,16,0.18014223547652364,True
outage_replay_wgan,40,edge1,intersection_10,False,16,0,16,0.05905910907313228,True
outage_replay_wgan,40,edge1,intersection_11,False,16,0,16,0.17729864711873233,True
outage_replay_wgan,40,edge1,intersection_12,False,16,0,16,0.11684046592563391,True
outage_replay_wgan,40,edge1,intersection_13,False,16,0,16,0.11821224703453481,True
outage_replay_wgan,40,edge2,intersection_14,False,16,0,16,0.00019064289517700672,True
outage_replay_wgan,40,edge2,intersection_15,False,16,0,16,0.11906904820352793,True
outage_replay_wgan,40,edge2,intersection_16,False,16,0,16,0.06368925934657454,True
outage_replay_wgan,40,edge2,intersection_17,False,16,0,16,0.05972137814387679,True
outage_replay_wgan,40,edge2,intersection_18,False,16,0,16,0.06224911636672914,True
outage_replay_wgan,40,edge2,intersection_19,False,16,0,16,0.09214940294623375,True
outage_replay_wgan,40,edge2,intersection_20,False,16,0,16,0.05890649976208807,True
outage_replay_wgan,41,edge0,intersection_00,True,0,16,16,0.11849549761973321,True
outage_replay_wgan,41,edge0,intersection_01,False,16,0,16,0.20065359794534743,True
outage_replay_wgan,41,edge0,intersection_02,False,16,0,16,0.0603608681121841,True
outage_replay_wgan,41,edge0,intersection_03,False,16,0,16,0.05948432022705674,True
outage_replay_wgan,41,edge0,intersection_04,False,16,0,16,0.04195966920815408,True
outage_replay_wgan,41,edge0,intersection_05,False,16,0,16,0.1655990774743259,True
outage_replay_wgan,41,edge0,intersection_06,False,16,0,16,0.0001880063209682703,True
outage_replay_wgan,41,edge1,intersection_07,False,16,0,16,0.10877966927364469,True
outage_replay_wgan,41,edge1,intersection_08,False,16,0,16,0.11844636499881744,True
outage_replay_wgan,41,edge1,intersection_09,False,16,0,16,0.13718060567043722,True
outage_replay_wgan,41,edge1,intersection_10,False,16,0,16,0.00022142520174384117,True
outage_replay_wgan,41,edge1,intersection_11,False,16,0,16,0.05110573838464915,True
outage_replay_wgan,41,edge1,intersection_12,False,16,0,16,0.11218512197956443,True
outage_replay_wgan,41,edge1,intersection_13,False,16,0,16,0.23382622771896422,True
outage_replay_wgan,41,edge2,intersection_14,False,16,0,16,0.1775507414713502,True
outage_replay_wgan,41,edge2,intersection_15,False,16,0,16,0.22564355423673987,True
outage_replay_wgan,41,edge2,intersection_16,False,16,0,16,0.11774220829829572,True
outage_replay_wgan,41,edge2,intersection_17,False,16,0,16,0.1197324926033616,True
outage_replay_wgan,41,edge2,intersection_18,False,16,0,16,0.1750450120307505,True
outage_replay_wgan,41,edge2,intersection_19,False,16,0,16,0.05993581679649651,True
outage_replay_wgan,41,edge2,intersection_20,False,16,0,16,0.17931114346720278,True
outage_replay_wgan,42,edge0,intersection_00,True,0,16,16,0.059351949021220214,True
outage_replay_wgan,42,edge0,intersection_01,False,16,0,16,0.06016674055717885,True
outage_replay_wgan,42,edge0,intersection_02,False,16,0,16,0.12026559421792625,True
outage_replay_wgan,42,edge0,intersection_03,False,16,0,16,0.05913884728215635,True
outage_replay_wgan,42,edge0,intersection_04,False,16,0,16,0.11250438936986029,True
outage_replay_wgan,42,edge0,intersection_05,False,16,0,16,0.06016772612929344,True
outage_replay_wgan,42,edge0,intersection_06,False,16,0,16,0.16758218966424465,True
outage_replay_wgan,42,edge1,intersection_07,False,16,0,16,0.000196083914488554,True
outage_replay_wgan,42,edge1,intersection_08,False,16,0,16,0.021979822777211666,True
outage_replay_wgan,42,edge1,intersection_09,False,16,0,16,0.17791244620457292,True
outage_replay_wgan,42,edge1,intersection_10,False,16,0,16,0.06028092047199606,True
outage_replay_wgan,42,edge1,intersection_11,False,16,0,16,0.11904601915739475,True
outage_replay_wgan,42,edge1,intersection_12,False,16,0,16,0.04109498579055071,True
outage_replay_wgan,42,edge1,intersection_13,False,16,0,16,0.0716672083362937,True
outage_replay_wgan,42,edge2,intersection_14,False,16,0,16,0.0002131229266524315,True
outage_replay_wgan,42,edge2,intersection_15,False,16,0,16,0.11207042913883924,True
outage_replay_wgan,42,edge2,intersection_16,False,16,0,16,0.0610014705453068,True
outage_replay_wgan,42,edge2,intersection_17,False,16,0,16,0.17806801851838827,True
outage_replay_wgan,42,edge2,intersection_18,False,16,0,16,0.11897608125582337,True
outage_replay_wgan,42,edge2,intersection_19,False,16,0,16,0.05572275328449905,True
outage_replay_wgan,42,edge2,intersection_20,False,16,0,16,0.1129624389577657,True
outage_replay_wgan,43,edge0,intersection_00,True,0,16,16,0.06027592276223003,True
outage_replay_wgan,43,edge0,intersection_01,False,16,0,16,0.06001583719626069,True
outage_replay_wgan,43,edge0,intersection_02,False,16,0,16,0.058500215178355575,True
outage_replay_wgan,43,edge0,intersection_03,False,16,0,16,0.1784511753357947,True
outage_replay_wgan,43,edge0,intersection_04,False,16,0,16,0.11840483522973955,True
outage_replay_wgan,43,edge0,intersection_05,False,16,0,16,0.11797549040056764,True
outage_replay_wgan,43,edge0,intersection_06,False,16,0,16,0.060272375587373965,True
outage_replay_wgan,43,edge1,intersection_07,False,16,0,16,0.00020798435434699059,True
outage_replay_wgan,43,edge1,intersection_08,False,16,0,16,0.05914975609630346,True
outage_replay_wgan,43,edge1,intersection_09,False,16,0,16,0.058666052063927054,True
outage_replay_wgan,43,edge1,intersection_10,False,16,0,16,0.09479523869231343,True
outage_replay_wgan,43,edge1,intersection_11,False,16,0,16,0.12020460679195821,True
outage_replay_wgan,43,edge1,intersection_12,False,16,0,16,0.17948820092715323,True
outage_replay_wgan,43,edge1,intersection_13,False,16,0,16,0.00019668368622660637,True
outage_replay_wgan,43,edge2,intersection_14,False,16,0,16,0.060272608185186975,True
outage_replay_wgan,43,edge2,intersection_15,False,16,0,16,0.060233747586607926,True
outage_replay_wgan,43,edge2,intersection_16,False,16,0,16,0.05928993062116206,True
outage_replay_wgan,43,edge2,intersection_17,False,16,0,16,0.07590151694603264,True
outage_replay_wgan,43,edge2,intersection_18,False,16,0,16,0.00019200658425688744,True
outage_replay_wgan,43,edge2,intersection_19,False,16,0,16,0.059038432547822595,True
outage_replay_wgan,43,edge2,intersection_20,False,16,0,16,0.23631915031000972,True
outage_replay_wgan,44,edge0,intersection_00,True,0,16,16,0.2356104718055576,True
outage_replay_wgan,44,edge0,intersection_01,False,16,0,16,0.058540064143016934,True
outage_replay_wgan,44,edge0,intersection_02,False,16,0,16,0.00018775230273604393,True
outage_replay_wgan,44,edge0,intersection_03,False,16,0,16,0.0002196605782955885,True
outage_replay_wgan,44,edge0,intersection_04,False,16,0,16,0.09728293400257826,True
outage_replay_wgan,44,edge0,intersection_05,False,16,0,16,0.0790019768755883,True
outage_replay_wgan,44,edge0,intersection_06,False,16,0,16,0.05960170482285321,True
outage_replay_wgan,44,edge1,intersection_07,False,16,0,16,0.11852143425494432,True
outage_replay_wgan,44,edge1,intersection_08,False,16,0,16,0.18525659572333097,True
outage_replay_wgan,44,edge1,intersection_09,False,16,0,16,0.21781021286733449,True
outage_replay_wgan,44,edge1,intersection_10,False,16,0,16,0.05961832427419722,True
outage_replay_wgan,44,edge1,intersection_11,False,16,0,16,0.00018869456835091114,True
outage_replay_wgan,44,edge1,intersection_12,False,16,0,16,0.00023619038984179497,True
outage_replay_wgan,44,edge1,intersection_13,False,16,0,16,0.08984991884790361,True
outage_replay_wgan,44,edge2,intersection_14,False,16,0,16,0.060235634911805384,True
outage_replay_wgan,44,edge2,intersection_15,False,16,0,16,0.1199329998344183,True
outage_replay_wgan,44,edge2,intersection_16,False,16,0,16,0.057753958739340305,True
outage_replay_wgan,44,edge2,intersection_17,False,16,0,16,0.06015197862870991,True
outage_replay_wgan,44,edge2,intersection_18,False,16,0,16,0.1772140865214169,True
outage_replay_wgan,44,edge2,intersection_19,False,16,0,16,0.06026345305144786,True
outage_replay_wgan,44,edge2,intersection_20,False,16,0,16,0.045112625928595655,True
outage_replay_wgan,45,edge0,intersection_00,True,0,16,16,0.05615758593194187,True
outage_replay_wgan,45,edge0,intersection_01,False,16,0,16,0.059672487899661064,True
outage_replay_wgan,45,edge0,intersection_02,False,16,0,16,0.06305128056555986,True
outage_replay_wgan,45,edge0,intersection_03,False,16,0,16,0.05785699607804417,True
outage_replay_wgan,45,edge0,intersection_04,False,16,0,16,0.034093619557097554,True
outage_replay_wgan,45,edge0,intersection_05,False,16,0,16,0.00022039655596017838,True
outage_replay_wgan,45,edge0,intersection_06,False,16,0,16,0.17617400153540075,True
outage_replay_wgan,45,edge1,intersection_07,False,16,0,16,0.11748976237140596,True
outage_replay_wgan,45,edge1,intersection_08,False,16,0,16,0.00024606590159237385,True
outage_replay_wgan,45,edge1,intersection_09,False,16,0,16,0.13937743729911745,True
outage_replay_wgan,45,edge1,intersection_10,False,16,0,16,0.00028362893499433994,True
outage_replay_wgan,45,edge1,intersection_11,False,16,0,16,0.10431470209732652,True
outage_replay_wgan,45,edge1,intersection_12,False,16,0,16,0.016783254453912377,True
outage_replay_wgan,45,edge1,intersection_13,False,16,0,16,0.00022487808018922806,True
outage_replay_wgan,45,edge2,intersection_14,False,16,0,16,0.058920294512063265,True
outage_replay_wgan,45,edge2,intersection_15,False,16,0,16,0.23409019084647298,True
outage_replay_wgan,45,edge2,intersection_16,False,16,0,16,0.06016333936713635,True
outage_replay_wgan,45,edge2,intersection_17,False,16,0,16,0.17953799758106467,True
outage_replay_wgan,45,edge2,intersection_18,False,16,0,16,0.00026170024648308754,True
outage_replay_wgan,45,edge2,intersection_19,False,16,0,16,0.05997327691875398,True
outage_replay_wgan,45,edge2,intersection_20,False,16,0,16,0.11644460167735815,True
outage_replay_wgan,46,edge0,intersection_00,True,0,16,16,0.05410998500883579,True
outage_replay_wgan,46,edge0,intersection_01,False,16,0,16,0.17698838585056365,True
outage_replay_wgan,46,edge0,intersection_02,False,16,0,16,0.00025364034809172153,True
outage_replay_wgan,46,edge0,intersection_03,False,16,0,16,0.10506663052365184,True
outage_replay_wgan,46,edge0,intersection_04,False,16,0,16,0.1177298070397228,True
outage_replay_wgan,46,edge0,intersection_05,False,16,0,16,0.057820445159450166,True
outage_replay_wgan,46,edge0,intersection_06,False,16,0,16,0.08328940137289464,True
outage_replay_wgan,46,edge1,intersection_07,False,16,0,16,0.11901245079934597,True
outage_replay_wgan,46,edge1,intersection_08,False,16,0,16,0.059252755250781775,True
outage_replay_wgan,46,edge1,intersection_09,False,16,0,16,0.0600448006298393,True
outage_replay_wgan,46,edge1,intersection_10,False,16,0,16,0.05900500970892608,True
outage_replay_wgan,46,edge1,intersection_11,False,16,0,16,0.05968742980621755,True
outage_replay_wgan,46,edge1,intersection_12,False,16,0,16,0.058618456358090036,True
outage_replay_wgan,46,edge1,intersection_13,False,16,0,16,0.059004287235438824,True
outage_replay_wgan,46,edge2,intersection_14,False,16,0,16,0.15734207397326827,True
outage_replay_wgan,46,edge2,intersection_15,False,16,0,16,0.1785728621762246,True
outage_replay_wgan,46,edge2,intersection_16,False,16,0,16,0.11883273487910628,True
outage_replay_wgan,46,edge2,intersection_17,False,16,0,16,0.22579479520209134,True
outage_replay_wgan,46,edge2,intersection_18,False,16,0,16,0.11674976907670498,True
outage_replay_wgan,46,edge2,intersection_19,False,16,0,16,0.1664807228371501,True
outage_replay_wgan,46,edge2,intersection_20,False,16,0,16,0.027868313482031226,True
outage_replay_wgan,47,edge0,intersection_00,True,0,16,16,0.05900256312452257,True
outage_replay_wgan,47,edge0,intersection_01,False,16,0,16,0.11557118804194033,True
outage_replay_wgan,47,edge0,intersection_02,False,16,0,16,0.059661983978003263,True
outage_replay_wgan,47,edge0,intersection_03,False,16,0,16,0.11846823990345001,True
outage_replay_wgan,47,edge0,intersection_04,False,16,0,16,0.17721424344927073,True
outage_replay_wgan,47,edge0,intersection_05,False,16,0,16,0.027363863075152043,True
outage_replay_wgan,47,edge0,intersection_06,False,16,0,16,0.025703965686261654,True
outage_replay_wgan,47,edge1,intersection_07,False,16,0,16,0.17859160853549838,True
outage_replay_wgan,47,edge1,intersection_08,False,16,0,16,0.1781425049994141,True
outage_replay_wgan,47,edge1,intersection_09,False,16,0,16,0.00019657821394503117,True
outage_replay_wgan,47,edge1,intersection_10,False,16,0,16,0.17257590661756694,True
outage_replay_wgan,47,edge1,intersection_11,False,16,0,16,0.05848797969520092,True
outage_replay_wgan,47,edge1,intersection_12,False,16,0,16,0.0002632832620292902,True
outage_replay_wgan,47,edge1,intersection_13,False,16,0,16,0.11912722606211901,True
outage_replay_wgan,47,edge2,intersection_14,False,16,0,16,0.17929794057272375,True
outage_replay_wgan,47,edge2,intersection_15,False,16,0,16,0.18369043269194663,True
outage_replay_wgan,47,edge2,intersection_16,False,16,0,16,0.058709317818284035,True
outage_replay_wgan,47,edge2,intersection_17,False,16,0,16,0.11749171023257075,True
outage_replay_wgan,47,edge2,intersection_18,False,16,0,16,0.09118183702230453,True
outage_replay_wgan,47,edge2,intersection_19,False,16,0,16,0.059942734660580754,True
outage_replay_wgan,47,edge2,intersection_20,False,16,0,16,0.0431922976858914,True
outage_replay_wgan,48,edge0,intersection_00,True,0,16,16,0.0001736085396260023,True
outage_replay_wgan,48,edge0,intersection_01,False,16,0,16,0.05948538286611438,True
outage_replay_wgan,48,edge0,intersection_02,False,16,0,16,0.06026387540623545,True
outage_replay_wgan,48,edge0,intersection_03,False,16,0,16,0.059537113877013326,True
outage_replay_wgan,48,edge0,intersection_04,False,16,0,16,0.12007644341792911,True
outage_replay_wgan,48,edge0,intersection_05,False,16,0,16,0.1449699045624584,True
outage_replay_wgan,48,edge0,intersection_06,False,16,0,16,0.060216614045202725,True
outage_replay_wgan,48,edge1,intersection_07,False,16,0,16,0.05879954993724823,True
outage_replay_wgan,48,edge1,intersection_08,False,16,0,16,0.060087802121415734,True
outage_replay_wgan,48,edge1,intersection_09,False,16,0,16,0.23903037002310157,True
outage_replay_wgan,48,edge1,intersection_10,False,16,0,16,0.11945936037227511,True
outage_replay_wgan,48,edge1,intersection_11,False,16,0,16,0.23860213253647086,True
outage_replay_wgan,48,edge1,intersection_12,False,16,0,16,0.06011240906082094,True
outage_replay_wgan,48,edge1,intersection_13,False,16,0,16,0.14825702947564423,True
outage_replay_wgan,48,edge2,intersection_14,False,16,0,16,0.00022581755183637142,True
outage_replay_wgan,48,edge2,intersection_15,False,16,0,16,0.0001622335985302925,True
outage_replay_wgan,48,edge2,intersection_16,False,16,0,16,0.05912330350838601,True
outage_replay_wgan,48,edge2,intersection_17,False,16,0,16,0.06025747326202691,True
outage_replay_wgan,48,edge2,intersection_18,False,16,0,16,0.00018595135770738125,True
outage_replay_wgan,48,edge2,intersection_19,False,16,0,16,0.11109110433608294,True
outage_replay_wgan,48,edge2,intersection_20,False,16,0,16,0.06344463885761797,True
outage_replay_wgan,49,edge0,intersection_00,True,0,16,16,0.11782235722057521,True
outage_replay_wgan,49,edge0,intersection_01,False,16,0,16,0.0596291848924011,True
outage_replay_wgan,49,edge0,intersection_02,False,16,0,16,0.06077686045318841,True
outage_replay_wgan,49,edge0,intersection_03,False,16,0,16,0.04200082411989569,True
outage_replay_wgan,49,edge0,intersection_04,False,16,0,16,0.00021298392675817013,True
outage_replay_wgan,49,edge0,intersection_05,False,16,0,16,0.06797055574133992,True
outage_replay_wgan,49,edge0,intersection_06,False,16,0,16,0.119593249168247,True
outage_replay_wgan,49,edge1,intersection_07,False,16,0,16,0.059907003305852406,True
outage_replay_wgan,49,edge1,intersection_08,False,16,0,16,0.00016708532348275185,True
outage_replay_wgan,49,edge1,intersection_09,False,16,0,16,0.1182853914797306,True
outage_replay_wgan,49,edge1,intersection_10,False,16,0,16,0.11916674207895993,True
outage_replay_wgan,49,edge1,intersection_11,False,16,0,16,0.08035776158794761,True
outage_replay_wgan,49,edge1,intersection_12,False,16,0,16,0.1795604843646288,True
outage_replay_wgan,49,edge1,intersection_13,False,16,0,16,0.1699236419517547,True
outage_replay_wgan,49,edge2,intersection_14,False,16,0,16,0.2336132056079805,True
outage_replay_wgan,49,edge2,intersection_15,False,16,0,16,0.00024173571728169918,True
outage_replay_wgan,49,edge2,intersection_16,False,16,0,16,0.07071154611185193,True
outage_replay_wgan,49,edge2,intersection_17,False,16,0,16,0.059324955800548196,True
outage_replay_wgan,49,edge2,intersection_18,False,16,0,16,0.06020473409444093,True
outage_replay_wgan,49,edge2,intersection_19,False,16,0,16,0.118911303114146,True
outage_replay_wgan,49,edge2,intersection_20,False,16,0,16,0.11961918813176453,True
outage_replay_wgan,50,edge0,intersection_00,True,0,16,16,0.00020228978246450424,True
outage_replay_wgan,50,edge0,intersection_01,False,16,0,16,0.05872921529226005,True
outage_replay_wgan,50,edge0,intersection_02,False,16,0,16,0.1258850919548422,True
outage_replay_wgan,50,edge0,intersection_03,False,16,0,16,0.178516814019531,True
outage_replay_wgan,50,edge0,intersection_04,False,16,0,16,0.1780237522907555,True
outage_replay_wgan,50,edge0,intersection_05,False,16,0,16,0.06782145122997463,True
outage_replay_wgan,50,edge0,intersection_06,False,16,0,16,0.060162462759762995,True
outage_replay_wgan,50,edge1,intersection_07,False,16,0,16,0.033710004296153784,True
outage_replay_wgan,50,edge1,intersection_08,False,16,0,16,0.05978048453107476,True
outage_replay_wgan,50,edge1,intersection_09,False,16,0,16,0.15870701102539897,True
outage_replay_wgan,50,edge1,intersection_10,False,16,0,16,0.05942375073209405,True
outage_replay_wgan,50,edge1,intersection_11,False,16,0,16,0.12033624877221882,True
outage_replay_wgan,50,edge1,intersection_12,False,16,0,16,0.05817491840571165,True
outage_replay_wgan,50,edge1,intersection_13,False,16,0,16,0.0011151183862239122,True
outage_replay_wgan,50,edge2,intersection_14,False,16,0,16,0.119518170831725,True
outage_replay_wgan,50,edge2,intersection_15,False,16,0,16,0.17769309296272695,True
outage_replay_wgan,50,edge2,intersection_16,False,16,0,16,0.00021478277631103992,True
outage_replay_wgan,50,edge2,intersection_17,False,16,0,16,0.1785404267720878,True
outage_replay_wgan,50,edge2,intersection_18,False,16,0,16,0.03141628811135888,True
outage_replay_wgan,50,edge2,intersection_19,False,16,0,16,0.11954157962463796,True
outage_replay_wgan,50,edge2,intersection_20,False,16,0,16,0.05647305375896394,True
outage_replay_wgan,51,edge0,intersection_00,True,0,16,16,0.05988654913380743,True
outage_replay_wgan,51,edge0,intersection_01,False,16,0,16,0.08484568796120584,True
outage_replay_wgan,51,edge0,intersection_02,False,16,0,16,0.08196673239581287,True
outage_replay_wgan,51,edge0,intersection_03,False,16,0,16,0.05708384048193693,True
outage_replay_wgan,51,edge0,intersection_04,False,16,0,16,0.00019513838924467564,True
outage_replay_wgan,51,edge0,intersection_05,False,16,0,16,0.05988759151659905,True
outage_replay_wgan,51,edge0,intersection_06,False,16,0,16,0.010881678899750115,True
outage_replay_wgan,51,edge1,intersection_07,False,16,0,16,0.1777577034663409,True
outage_replay_wgan,51,edge1,intersection_08,False,16,0,16,0.12023159349337219,True
outage_replay_wgan,51,edge1,intersection_09,False,16,0,16,0.06691016582772136,True
outage_replay_wgan,51,edge1,intersection_10,False,16,0,16,0.13455698126927018,True
outage_replay_wgan,51,edge1,intersection_11,False,16,0,16,0.18146541062742472,True
outage_replay_wgan,51,edge1,intersection_12,False,16,0,16,0.17616905097384006,True
outage_replay_wgan,51,edge1,intersection_13,False,16,0,16,0.2965459742117673,True
outage_replay_wgan,51,edge2,intersection_14,False,16,0,16,0.0602890255395323,True
outage_replay_wgan,51,edge2,intersection_15,False,16,0,16,0.00022417353466153145,True
outage_replay_wgan,51,edge2,intersection_16,False,16,0,16,0.07337598991580307,True
outage_replay_wgan,51,edge2,intersection_17,False,16,0,16,0.17811643658205867,True
outage_replay_wgan,51,edge2,intersection_18,False,16,0,16,0.06025925674475729,True
outage_replay_wgan,51,edge2,intersection_19,False,16,0,16,0.11655837134458125,True
outage_replay_wgan,51,edge2,intersection_20,False,16,0,16,0.00020409445278346539,True
outage_replay_wgan,52,edge0,intersection_00,True,0,16,16,0.17723377444781363,True
outage_replay_wgan,52,edge0,intersection_01,False,16,0,16,0.059680519159883254,True
outage_replay_wgan,52,edge0,intersection_02,False,16,0,16,0.00019765691831707954,True
outage_replay_wgan,52,edge0,intersection_03,False,16,0,16,0.17356337397359312,True
outage_replay_wgan,52,edge0,intersection_04,False,16,0,16,0.04372264561243355,True
outage_replay_wgan,52,edge0,intersection_05,False,16,0,16,0.058773188386112445,True
outage_replay_wgan,52,edge0,intersection_06,False,16,0,16,0.11958400788716972,True
outage_replay_wgan,52,edge1,intersection_07,False,16,0,16,0.12375795608386397,True
outage_replay_wgan,52,edge1,intersection_08,False,16,0,16,0.1183277799282223,True
outage_replay_wgan,52,edge1,intersection_09,False,16,0,16,0.05976615147665142,True
outage_replay_wgan,52,edge1,intersection_10,False,16,0,16,0.09194989362731576,True
outage_replay_wgan,52,edge1,intersection_11,False,16,0,16,0.014554413501173258,True
outage_replay_wgan,52,edge1,intersection_12,False,16,0,16,0.0003136713057756424,True
outage_replay_wgan,52,edge1,intersection_13,False,16,0,16,0.11871355678886175,True
outage_replay_wgan,52,edge2,intersection_14,False,16,0,16,0.05481695197522641,True
outage_replay_wgan,52,edge2,intersection_15,False,16,0,16,0.14035143144428727,True
outage_replay_wgan,52,edge2,intersection_16,False,16,0,16,0.007666221354156732,True
outage_replay_wgan,52,edge2,intersection_17,False,16,0,16,0.00020003598183393478,True
outage_replay_wgan,52,edge2,intersection_18,False,16,0,16,0.059889068128541105,True
outage_replay_wgan,52,edge2,intersection_19,False,16,0,16,0.05726306326687336,True
outage_replay_wgan,52,edge2,intersection_20,False,16,0,16,0.059774120105430484,True
outage_replay_wgan,53,edge0,intersection_00,True,0,16,16,0.08954825159162283,True
outage_replay_wgan,53,edge0,intersection_01,False,16,0,16,0.09625170193612576,True
outage_replay_wgan,53,edge0,intersection_02,False,16,0,16,0.06005830201320351,True
outage_replay_wgan,53,edge0,intersection_03,False,16,0,16,0.2343609284143895,True
outage_replay_wgan,53,edge0,intersection_04,False,16,0,16,0.05895531922578812,True
outage_replay_wgan,53,edge0,intersection_05,False,16,0,16,0.06018767179921269,True
outage_replay_wgan,53,edge0,intersection_06,False,16,0,16,0.14383189263753593,True
outage_replay_wgan,53,edge1,intersection_07,False,16,0,16,0.23647416243329644,True
outage_replay_wgan,53,edge1,intersection_08,False,16,0,16,0.11362431081943214,True
outage_replay_wgan,53,edge1,intersection_09,False,16,0,16,0.12013129470869897,True
outage_replay_wgan,53,edge1,intersection_10,False,16,0,16,0.05995474453084171,True
outage_replay_wgan,53,edge1,intersection_11,False,16,0,16,0.00023599551059305668,True
outage_replay_wgan,53,edge1,intersection_12,False,16,0,16,0.17865505605004728,True
outage_replay_wgan,53,edge1,intersection_13,False,16,0,16,0.23593420907855034,True
outage_replay_wgan,53,edge2,intersection_14,False,16,0,16,0.05862722103483974,True
outage_replay_wgan,53,edge2,intersection_15,False,16,0,16,0.18825544812716544,True
outage_replay_wgan,53,edge2,intersection_16,False,16,0,16,0.11874905601143837,True
outage_replay_wgan,53,edge2,intersection_17,False,16,0,16,0.17569729289971292,True
outage_replay_wgan,53,edge2,intersection_18,False,16,0,16,0.011969501618295908,True
outage_replay_wgan,53,edge2,intersection_19,False,16,0,16,0.00015852181240916252,True
outage_replay_wgan,53,edge2,intersection_20,False,16,0,16,0.15322273899801073,True
outage_replay_wgan,54,edge0,intersection_00,True,0,16,16,0.0001900333445519209,True
outage_replay_wgan,54,edge0,intersection_01,False,16,0,16,0.14048209018073976,True
outage_replay_wgan,54,edge0,intersection_02,False,16,0,16,0.058629450155422085,True
outage_replay_wgan,54,edge0,intersection_03,False,16,0,16,0.00016815681010484695,True
outage_replay_wgan,54,edge0,intersection_04,False,16,0,16,0.12028846400789915,True
outage_replay_wgan,54,edge0,intersection_05,False,16,0,16,0.2073722390923649,True
outage_replay_wgan,54,edge0,intersection_06,False,16,0,16,0.13087468221783638,True
outage_replay_wgan,54,edge1,intersection_07,False,16,0,16,0.17606931761838496,True
outage_replay_wgan,54,edge1,intersection_08,False,16,0,16,0.16541199944913387,True
outage_replay_wgan,54,edge1,intersection_09,False,16,0,16,0.06878517894074321,True
outage_replay_wgan,54,edge1,intersection_10,False,16,0,16,0.1752017242833972,True
outage_replay_wgan,54,edge1,intersection_11,False,16,0,16,0.1018143817782402,True
outage_replay_wgan,54,edge1,intersection_12,False,16,0,16,0.1774884851183742,True
outage_replay_wgan,54,edge1,intersection_13,False,16,0,16,0.11873137694783507,True
outage_replay_wgan,54,edge2,intersection_14,False,16,0,16,0.1781622285488993,True
outage_replay_wgan,54,edge2,intersection_15,False,16,0,16,0.05954006966203451,True
outage_replay_wgan,54,edge2,intersection_16,False,16,0,16,0.11888579023070633,True
outage_replay_wgan,54,edge2,intersection_17,False,16,0,16,0.11679050722159445,True
outage_replay_wgan,54,edge2,intersection_18,False,16,0,16,0.05883833672851324,True
outage_replay_wgan,54,edge2,intersection_19,False,16,0,16,0.00022944342344999313,True
outage_replay_wgan,54,edge2,intersection_20,False,16,0,16,0.05913945776410401,True
outage_replay_wgan,55,edge0,intersection_00,True,0,16,16,0.11147181480191648,True
outage_replay_wgan,55,edge0,intersection_01,False,16,0,16,0.01139780995436013,True
outage_replay_wgan,55,edge0,intersection_02,False,16,0,16,0.044214947847649455,True
outage_replay_wgan,55,edge0,intersection_03,False,16,0,16,0.2761711000930518,True
outage_replay_wgan,55,edge0,intersection_04,False,16,0,16,0.059277307940647006,True
outage_replay_wgan,55,edge0,intersection_05,False,16,0,16,0.060528034577146166,True
outage_replay_wgan,55,edge0,intersection_06,False,16,0,16,0.05954634374938905,True
outage_replay_wgan,55,edge1,intersection_07,False,16,0,16,0.00021926825866103172,True
outage_replay_wgan,55,edge1,intersection_08,False,16,0,16,0.00022457470186054707,True
outage_replay_wgan,55,edge1,intersection_09,False,16,0,16,0.08244231482967734,True
outage_replay_wgan,55,edge1,intersection_10,False,16,0,16,0.13650560518726707,True
outage_replay_wgan,55,edge1,intersection_11,False,16,0,16,0.17520228843204677,True
outage_replay_wgan,55,edge1,intersection_12,False,16,0,16,0.23869416397064924,True
outage_replay_wgan,55,edge1,intersection_13,False,16,0,16,0.1198092948179692,True
outage_replay_wgan,55,edge2,intersection_14,False,16,0,16,0.060107536148279905,True
outage_replay_wgan,55,edge2,intersection_15,False,16,0,16,0.00026715127751231194,True
outage_replay_wgan,55,edge2,intersection_16,False,16,0,16,0.11802159948274492,True
outage_replay_wgan,55,edge2,intersection_17,False,16,0,16,0.06868588738143444,True
outage_replay_wgan,55,edge2,intersection_18,False,16,0,16,0.09572676359675825,True
outage_replay_wgan,55,edge2,intersection_19,False,16,0,16,0.03986081061884761,True
outage_replay_wgan,55,edge2,intersection_20,False,16,0,16,0.05940475640818477,True
outage_replay_wgan,56,edge0,intersection_00,True,0,16,16,0.14676719764247537,True
outage_replay_wgan,56,edge0,intersection_01,False,16,0,16,0.06020563142374157,True
outage_replay_wgan,56,edge0,intersection_02,False,16,0,16,0.1759420798625797,True
outage_replay_wgan,56,edge0,intersection_03,False,16,0,16,0.059448849409818656,True
outage_replay_wgan,56,edge0,intersection_04,False,16,0,16,0.0598619740922004,True
outage_replay_wgan,56,edge0,intersection_05,False,16,0,16,0.05811213632114231,True
outage_replay_wgan,56,edge0,intersection_06,False,16,0,16,0.06464356393553317,True
outage_replay_wgan,56,edge1,intersection_07,False,16,0,16,0.00026703905314207077,True
outage_replay_wgan,56,edge1,intersection_08,False,16,0,16,0.05915386392734945,True
outage_replay_wgan,56,edge1,intersection_09,False,16,0,16,0.060229535680264235,True
outage_replay_wgan,56,edge1,intersection_10,False,16,0,16,0.17884991876780987,True
outage_replay_wgan,56,edge1,intersection_11,False,16,0,16,0.1263703261502087,True
outage_replay_wgan,56,edge1,intersection_12,False,16,0,16,0.11858280911110342,True
outage_replay_wgan,56,edge1,intersection_13,False,16,0,16,0.11984079517424107,True
outage_replay_wgan,56,edge2,intersection_14,False,16,0,16,0.10119628999382257,True
outage_replay_wgan,56,edge2,intersection_15,False,16,0,16,0.14968669973313808,True
outage_replay_wgan,56,edge2,intersection_16,False,16,0,16,0.05979165434837341,True
outage_replay_wgan,56,edge2,intersection_17,False,16,0,16,0.11886255629360676,True
outage_replay_wgan,56,edge2,intersection_18,False,16,0,16,0.29585294309072196,True
outage_replay_wgan,56,edge2,intersection_19,False,16,0,16,0.00022773793898522854,True
outage_replay_wgan,56,edge2,intersection_20,False,16,0,16,0.12020621425472199,True
outage_replay_wgan,57,edge0,intersection_00,True,0,16,16,0.10247449763119221,True
outage_replay_wgan,57,edge0,intersection_01,False,16,0,16,0.09555466705933213,True
outage_replay_wgan,57,edge0,intersection_02,False,16,0,16,0.05625008256174623,True
outage_replay_wgan,57,edge0,intersection_03,False,16,0,16,0.1473652021959424,True
outage_replay_wgan,57,edge0,intersection_04,False,16,0,16,0.058566790306940675,True
outage_replay_wgan,57,edge0,intersection_05,False,16,0,16,0.178585106972605,True
outage_replay_wgan,57,edge0,intersection_06,False,16,0,16,0.23570534586906433,True
outage_replay_wgan,57,edge1,intersection_07,False,16,0,16,0.23394083278253672,True
outage_replay_wgan,57,edge1,intersection_08,False,16,0,16,0.05994337913580238,True
outage_replay_wgan,57,edge1,intersection_09,False,16,0,16,0.17790574743412435,True
outage_replay_wgan,57,edge1,intersection_10,False,16,0,16,0.05875140381976962,True
outage_replay_wgan,57,edge1,intersection_11,False,16,0,16,0.00021758000366389751,True
outage_replay_wgan,57,edge1,intersection_12,False,16,0,16,0.06030967226251959,True
outage_replay_wgan,57,edge1,intersection_13,False,16,0,16,0.10524079366587102,True
outage_replay_wgan,57,edge2,intersection_14,False,16,0,16,0.17940923490095884,True
outage_replay_wgan,57,edge2,intersection_15,False,16,0,16,0.12005228153429924,True
outage_replay_wgan,57,edge2,intersection_16,False,16,0,16,0.05844504595734179,True
outage_replay_wgan,57,edge2,intersection_17,False,16,0,16,0.05869359732605517,True
outage_replay_wgan,57,edge2,intersection_18,False,16,0,16,0.05967616755515336,True
outage_replay_wgan,57,edge2,intersection_19,False,16,0,16,0.04210089123807847,True
outage_replay_wgan,57,edge2,intersection_20,False,16,0,16,0.29873113124631345,True
outage_replay_wgan,58,edge0,intersection_00,True,0,16,16,0.11881645792163908,True
outage_replay_wgan,58,edge0,intersection_01,False,16,0,16,0.02777899382635951,True
outage_replay_wgan,58,edge0,intersection_02,False,16,0,16,0.11955560860224068,True
outage_replay_wgan,58,edge0,intersection_03,False,16,0,16,0.11833594739437103,True
outage_replay_wgan,58,edge0,intersection_04,False,16,0,16,0.11837759846821427,True
outage_replay_wgan,58,edge0,intersection_05,False,16,0,16,0.1548109194263816,True
outage_replay_wgan,58,edge0,intersection_06,False,16,0,16,0.05949803371913731,True
outage_replay_wgan,58,edge1,intersection_07,False,16,0,16,0.05941017065197229,True
outage_replay_wgan,58,edge1,intersection_08,False,16,0,16,0.1170452053193003,True
outage_replay_wgan,58,edge1,intersection_09,False,16,0,16,0.177045306423679,True
outage_replay_wgan,58,edge1,intersection_10,False,16,0,16,0.11802350240759552,True
outage_replay_wgan,58,edge1,intersection_11,False,16,0,16,0.058342191856354475,True
outage_replay_wgan,58,edge1,intersection_12,False,16,0,16,0.18027550843544304,True
outage_replay_wgan,58,edge1,intersection_13,False,16,0,16,0.05963565479032695,True
outage_replay_wgan,58,edge2,intersection_14,False,16,0,16,0.1188459035474807,True
outage_replay_wgan,58,edge2,intersection_15,False,16,0,16,0.05894223880022764,True
outage_replay_wgan,58,edge2,intersection_16,False,16,0,16,0.11497244006022811,True
outage_replay_wgan,58,edge2,intersection_17,False,16,0,16,0.11703876568935812,True
outage_replay_wgan,58,edge2,intersection_18,False,16,0,16,0.0002258731983602047,True
outage_replay_wgan,58,edge2,intersection_19,False,16,0,16,0.07349650398828088,True
outage_replay_wgan,58,edge2,intersection_20,False,16,0,16,0.06178752228152007,True
outage_replay_wgan,59,edge0,intersection_00,True,0,16,16,0.05520177283324301,True
outage_replay_wgan,59,edge0,intersection_01,False,16,0,16,0.23821768257766962,True
outage_replay_wgan,59,edge0,intersection_02,False,16,0,16,0.05987103283405304,True
outage_replay_wgan,59,edge0,intersection_03,False,16,0,16,0.17936565354466438,True
outage_replay_wgan,59,edge0,intersection_04,False,16,0,16,0.09857886587269604,True
outage_replay_wgan,59,edge0,intersection_05,False,16,0,16,0.1779432687908411,True
outage_replay_wgan,59,edge0,intersection_06,False,16,0,16,0.08075773157179356,True
outage_replay_wgan,59,edge1,intersection_07,False,16,0,16,0.05827266722917557,True
outage_replay_wgan,59,edge1,intersection_08,False,16,0,16,0.05721581541001796,True
outage_replay_wgan,59,edge1,intersection_09,False,16,0,16,0.0002502952702343464,True
outage_replay_wgan,59,edge1,intersection_10,False,16,0,16,0.11794851324521005,True
outage_replay_wgan,59,edge1,intersection_11,False,16,0,16,0.11512203188613057,True
outage_replay_wgan,59,edge1,intersection_12,False,16,0,16,0.05967368744313717,True
outage_replay_wgan,59,edge1,intersection_13,False,16,0,16,0.06022978806868195,True
outage_replay_wgan,59,edge2,intersection_14,False,16,0,16,0.11720187310129404,True
outage_replay_wgan,59,edge2,intersection_15,False,16,0,16,0.04694965691305697,True
outage_replay_wgan,59,edge2,intersection_16,False,16,0,16,0.23971794242970645,True
outage_replay_wgan,59,edge2,intersection_17,False,16,0,16,0.00023826537653803825,True
outage_replay_wgan,59,edge2,intersection_18,False,16,0,16,0.00023389700800180435,True
outage_replay_wgan,59,edge2,intersection_19,False,16,0,16,0.0002859591040760278,True
outage_replay_wgan,59,edge2,intersection_20,False,16,0,16,0.11932215886190534,True
outage_replay_wgan,60,edge0,intersection_00,True,0,16,16,0.20664030453190207,True
outage_replay_wgan,60,edge0,intersection_01,False,16,0,16,0.08236194867640734,True
outage_replay_wgan,60,edge0,intersection_02,False,16,0,16,0.059903833549469716,True
outage_replay_wgan,60,edge0,intersection_03,False,16,0,16,0.00020799250341951847,True
outage_replay_wgan,60,edge0,intersection_04,False,16,0,16,0.015190575039014219,True
outage_replay_wgan,60,edge0,intersection_05,False,16,0,16,0.05949875200167299,True
outage_replay_wgan,60,edge0,intersection_06,False,16,0,16,0.06599230319261551,True
outage_replay_wgan,60,edge1,intersection_07,False,16,0,16,0.06017541862092912,True
outage_replay_wgan,60,edge1,intersection_08,False,16,0,16,0.2371396424714476,True
outage_replay_wgan,60,edge1,intersection_09,False,16,0,16,0.06025916314683854,True
outage_replay_wgan,60,edge1,intersection_10,False,16,0,16,0.05989078735001385,True
outage_replay_wgan,60,edge1,intersection_11,False,16,0,16,0.05767258186824619,True
outage_replay_wgan,60,edge1,intersection_12,False,16,0,16,0.0019287463510408998,True
outage_replay_wgan,60,edge1,intersection_13,False,16,0,16,0.026284550316631794,True
outage_replay_wgan,60,edge2,intersection_14,False,16,0,16,0.11234140768647194,True
outage_replay_wgan,60,edge2,intersection_15,False,16,0,16,0.11876722378656267,True
outage_replay_wgan,60,edge2,intersection_16,False,16,0,16,0.056763527914881706,True
outage_replay_wgan,60,edge2,intersection_17,False,16,0,16,0.12075471715070306,True
outage_replay_wgan,60,edge2,intersection_18,False,16,0,16,0.009811970870941879,True
outage_replay_wgan,60,edge2,intersection_19,False,16,0,16,0.11909281695261596,True
outage_replay_wgan,60,edge2,intersection_20,False,16,0,16,0.1192912058904767,True
outage_replay_wgan,61,edge0,intersection_00,False,16,0,16,0.059556681895628565,True
outage_replay_wgan,61,edge0,intersection_01,False,16,0,16,0.17784958030097187,True
outage_replay_wgan,61,edge0,intersection_02,False,16,0,16,0.0584837815258652,True
outage_replay_wgan,61,edge0,intersection_03,False,16,0,16,0.11929881200194359,True
outage_replay_wgan,61,edge0,intersection_04,False,16,0,16,0.00021559861488640308,True
outage_replay_wgan,61,edge0,intersection_05,False,16,0,16,0.058648928650654845,True
outage_replay_wgan,61,edge0,intersection_06,False,16,0,16,0.037019232055172324,True
outage_replay_wgan,61,edge1,intersection_07,False,16,0,16,0.0002248804084956646,True
outage_replay_wgan,61,edge1,intersection_08,False,16,0,16,0.0002266247756779194,True
outage_replay_wgan,61,edge1,intersection_09,False,16,0,16,0.060085563221946366,True
outage_replay_wgan,61,edge1,intersection_10,False,16,0,16,0.23908376065082848,True
outage_replay_wgan,61,edge1,intersection_11,False,16,0,16,0.1201877447310835,True
outage_replay_wgan,61,edge1,intersection_12,False,16,0,16,0.06022622482851147,True
outage_replay_wgan,61,edge1,intersection_13,False,16,0,16,0.24071190040558577,True
outage_replay_wgan,61,edge2,intersection_14,False,16,0,16,0.00027174269780516624,True
outage_replay_wgan,61,edge2,intersection_15,False,16,0,16,0.11706198542378843,True
outage_replay_wgan,61,edge2,intersection_16,False,16,0,16,0.00018386263400316238,True
outage_replay_wgan,61,edge2,intersection_17,False,16,0,16,0.06019311747513711,True
outage_replay_wgan,61,edge2,intersection_18,False,16,0,16,0.06020895042456686,True
outage_replay_wgan,61,edge2,intersection_19,False,16,0,16,0.11882663751021028,True
outage_replay_wgan,61,edge2,intersection_20,False,16,0,16,0.23572421143762767,True
outage_replay_wgan,62,edge0,intersection_00,False,16,0,16,0.17806726205162704,True
outage_replay_wgan,62,edge0,intersection_01,False,16,0,16,0.17992479889653623,True
outage_replay_wgan,62,edge0,intersection_02,False,16,0,16,0.05955830868333578,True
outage_replay_wgan,62,edge0,intersection_03,False,16,0,16,0.00025397585704922676,True
outage_replay_wgan,62,edge0,intersection_04,False,16,0,16,0.06032803689595312,True
outage_replay_wgan,62,edge0,intersection_05,False,16,0,16,0.057844530791044235,True
outage_replay_wgan,62,edge0,intersection_06,False,16,0,16,0.11847613658756018,True
outage_replay_wgan,62,edge1,intersection_07,False,16,0,16,0.35168563947081566,True
outage_replay_wgan,62,edge1,intersection_08,False,16,0,16,0.059071397641673684,True
outage_replay_wgan,62,edge1,intersection_09,False,16,0,16,0.00022871000692248344,True
outage_replay_wgan,62,edge1,intersection_10,False,16,0,16,0.14587847562506795,True
outage_replay_wgan,62,edge1,intersection_11,False,16,0,16,0.2981280458625406,True
outage_replay_wgan,62,edge1,intersection_12,False,16,0,16,0.1182164482306689,True
outage_replay_wgan,62,edge1,intersection_13,False,16,0,16,0.11893753963522613,True
outage_replay_wgan,62,edge2,intersection_14,False,16,0,16,0.04529852443374694,True
outage_replay_wgan,62,edge2,intersection_15,False,16,0,16,0.17797812051139772,True
outage_replay_wgan,62,edge2,intersection_16,False,16,0,16,0.059822781244292855,True
outage_replay_wgan,62,edge2,intersection_17,False,16,0,16,0.0002096998505294323,True
outage_replay_wgan,62,edge2,intersection_18,False,16,0,16,0.00027379347011446953,True
outage_replay_wgan,62,edge2,intersection_19,False,16,0,16,0.11795744649134576,True
outage_replay_wgan,62,edge2,intersection_20,False,16,0,16,0.1308367110323161,True
outage_replay_wgan,63,edge0,intersection_00,False,16,0,16,0.1783564139623195,True
outage_replay_wgan,63,edge0,intersection_01,False,16,0,16,0.1508481812197715,True
outage_replay_wgan,63,edge0,intersection_02,False,16,0,16,0.058691005455330014,True
outage_replay_wgan,63,edge0,intersection_03,False,16,0,16,0.04415965371299535,True
outage_replay_wgan,63,edge0,intersection_04,False,16,0,16,0.17679536365903914,True
outage_replay_wgan,63,edge0,intersection_05,False,16,0,16,0.0002014334313571453,True
outage_replay_wgan,63,edge0,intersection_06,False,16,0,16,0.11781325144693255,True
outage_replay_wgan,63,edge1,intersection_07,False,16,0,16,0.08170400885865092,True
outage_replay_wgan,63,edge1,intersection_08,False,16,0,16,0.00018766196444630623,True
outage_replay_wgan,63,edge1,intersection_09,False,16,0,16,0.05872369045391678,True
outage_replay_wgan,63,edge1,intersection_10,False,16,0,16,0.11642119893804193,True
outage_replay_wgan,63,edge1,intersection_11,False,16,0,16,0.11073244805447757,True
outage_replay_wgan,63,edge1,intersection_12,False,16,0,16,0.05943370517343283,True
outage_replay_wgan,63,edge1,intersection_13,False,16,0,16,0.06831933441571891,True
outage_replay_wgan,63,edge2,intersection_14,False,16,0,16,0.05837739282287658,True
outage_replay_wgan,63,edge2,intersection_15,False,16,0,16,0.0020323423668742176,True
outage_replay_wgan,63,edge2,intersection_16,False,16,0,16,0.019683700753375884,True
outage_replay_wgan,63,edge2,intersection_17,False,16,0,16,0.11948596802540123,True
outage_replay_wgan,63,edge2,intersection_18,False,16,0,16,0.059130298206582665,True
outage_replay_wgan,63,edge2,intersection_19,False,16,0,16,0.10570799768902361,True
outage_replay_wgan,63,edge2,intersection_20,False,16,0,16,0.05945350858382881,True
outage_replay_wgan,64,edge0,intersection_00,False,16,0,16,0.1281560577917844,True
outage_replay_wgan,64,edge0,intersection_01,False,16,0,16,0.11621417058631778,True
outage_replay_wgan,64,edge0,intersection_02,False,16,0,16,0.00021834694780409336,True
outage_replay_wgan,64,edge0,intersection_03,False,16,0,16,0.11873112199828029,True
outage_replay_wgan,64,edge0,intersection_04,False,16,0,16,0.12008551484905183,True
outage_replay_wgan,64,edge0,intersection_05,False,16,0,16,0.06022418406791984,True
outage_replay_wgan,64,edge0,intersection_06,False,16,0,16,0.2008123251143843,True
outage_replay_wgan,64,edge1,intersection_07,False,16,0,16,0.17871384345926344,True
outage_replay_wgan,64,edge1,intersection_08,False,16,0,16,0.23705722158774734,True
outage_replay_wgan,64,edge1,intersection_09,False,16,0,16,0.05250931903719901,True
outage_replay_wgan,64,edge1,intersection_10,False,16,0,16,0.11915217922069132,True
outage_replay_wgan,64,edge1,intersection_11,False,16,0,16,0.08046931773424149,True
outage_replay_wgan,64,edge1,intersection_12,False,16,0,16,0.0002725131344050169,True
outage_replay_wgan,64,edge1,intersection_13,False,16,0,16,0.11734016542322934,True
outage_replay_wgan,64,edge2,intersection_14,False,16,0,16,0.17905378714203835,True
outage_replay_wgan,64,edge2,intersection_15,False,16,0,16,0.11767294723540545,True
outage_replay_wgan,64,edge2,intersection_16,False,16,0,16,0.04274788033217192,True
outage_replay_wgan,64,edge2,intersection_17,False,16,0,16,0.06027386360801756,True
outage_replay_wgan,64,edge2,intersection_18,False,16,0,16,0.05864601815119385,True
outage_replay_wgan,64,edge2,intersection_19,False,16,0,16,0.2380273281596601,True
outage_replay_wgan,64,edge2,intersection_20,False,16,0,16,0.11747655924409628,True
outage_replay_wgan,65,edge0,intersection_00,False,16,0,16,0.1277957437559962,True
outage_replay_wgan,65,edge0,intersection_01,False,16,0,16,0.11751024425029755,True
outage_replay_wgan,65,edge0,intersection_02,False,16,0,16,0.08322921535000205,True
outage_replay_wgan,65,edge0,intersection_03,False,16,0,16,0.05997572257183492,True
outage_replay_wgan,65,edge0,intersection_04,False,16,0,16,0.05928602418862283,True
outage_replay_wgan,65,edge0,intersection_05,False,16,0,16,0.11724646994844079,True
outage_replay_wgan,65,edge0,intersection_06,False,16,0,16,0.21494237333536148,True
outage_replay_wgan,65,edge1,intersection_07,False,16,0,16,0.06029081484302878,True
outage_replay_wgan,65,edge1,intersection_08,False,16,0,16,0.11579086398705839,True
outage_replay_wgan,65,edge1,intersection_09,False,16,0,16,0.0001978464424610138,True
outage_replay_wgan,65,edge1,intersection_10,False,16,0,16,0.05910708918236196,True
outage_replay_wgan,65,edge1,intersection_11,False,16,0,16,0.2668408921454102,True
outage_replay_wgan,65,edge1,intersection_12,False,16,0,16,0.23704716726206243,True
outage_replay_wgan,65,edge1,intersection_13,False,16,0,16,0.08771129557862878,True
outage_replay_wgan,65,edge2,intersection_14,False,16,0,16,0.05936912400647998,True
outage_replay_wgan,65,edge2,intersection_15,False,16,0,16,0.18016030057333407,True
outage_replay_wgan,65,edge2,intersection_16,False,16,0,16,0.06018129410222172,True
outage_replay_wgan,65,edge2,intersection_17,False,16,0,16,0.0002338159829378128,True
outage_replay_wgan,65,edge2,intersection_18,False,16,0,16,0.11839455692097545,True
outage_replay_wgan,65,edge2,intersection_19,False,16,0,16,0.23517649550922212,True
outage_replay_wgan,65,edge2,intersection_20,False,16,0,16,0.1754425154067576,True
outage_replay_wgan,66,edge0,intersection_00,False,16,0,16,0.06019328790716826,True
outage_replay_wgan,66,edge0,intersection_01,False,16,0,16,0.17870171321555972,True
outage_replay_wgan,66,edge0,intersection_02,False,16,0,16,0.1792128833476454,True
outage_replay_wgan,66,edge0,intersection_03,False,16,0,16,0.08379101543687284,True
outage_replay_wgan,66,edge0,intersection_04,False,16,0,16,0.04835029155947268,True
outage_replay_wgan,66,edge0,intersection_05,False,16,0,16,0.05286810267716646,True
outage_replay_wgan,66,edge0,intersection_06,False,16,0,16,0.12005278700962663,True
outage_replay_wgan,66,edge1,intersection_07,False,16,0,16,0.1197443485725671,True
outage_replay_wgan,66,edge1,intersection_08,False,16,0,16,0.11951077333651483,True
outage_replay_wgan,66,edge1,intersection_09,False,16,0,16,0.05884362244978547,True
outage_replay_wgan,66,edge1,intersection_10,False,16,0,16,0.060125687858089805,True
outage_replay_wgan,66,edge1,intersection_11,False,16,0,16,0.11755158635787666,True
outage_replay_wgan,66,edge1,intersection_12,False,16,0,16,0.17759226844646037,True
outage_replay_wgan,66,edge1,intersection_13,False,16,0,16,0.11898213787935674,True
outage_replay_wgan,66,edge2,intersection_14,False,16,0,16,0.12003901600837708,True
outage_replay_wgan,66,edge2,intersection_15,False,16,0,16,0.11900611431337894,True
outage_replay_wgan,66,edge2,intersection_16,False,16,0,16,0.0003217498306185007,True
outage_replay_wgan,66,edge2,intersection_17,False,16,0,16,0.0598192741163075,True
outage_replay_wgan,66,edge2,intersection_18,False,16,0,16,0.05973668326623738,True
outage_replay_wgan,66,edge2,intersection_19,False,16,0,16,0.05983611638657749,True
outage_replay_wgan,66,edge2,intersection_20,False,16,0,16,0.1190971415489912,True
outage_replay_wgan,67,edge0,intersection_00,False,16,0,16,0.11957949958741665,True
outage_replay_wgan,67,edge0,intersection_01,False,16,0,16,0.11887857224792242,True
outage_replay_wgan,67,edge0,intersection_02,False,16,0,16,0.00026486441493034363,True
outage_replay_wgan,67,edge0,intersection_03,False,16,0,16,0.180275019723922,True
outage_replay_wgan,67,edge0,intersection_04,False,16,0,16,0.11888676579110323,True
outage_replay_wgan,67,edge0,intersection_05,False,16,0,16,0.11622069613076746,True
outage_replay_wgan,67,edge0,intersection_06,False,16,0,16,0.06027225661091506,True
outage_replay_wgan,67,edge1,intersection_07,False,16,0,16,0.1197230787947774,True
outage_replay_wgan,67,edge1,intersection_08,False,16,0,16,0.05939709534868597,True
outage_replay_wgan,67,edge1,intersection_09,False,16,0,16,0.11997660133056343,True
outage_replay_wgan,67,edge1,intersection_10,False,16,0,16,0.11721714749000967,True
outage_replay_wgan,67,edge1,intersection_11,False,16,0,16,0.10010401019826531,True
outage_replay_wgan,67,edge1,intersection_12,False,16,0,16,0.05952474405057728,True
outage_replay_wgan,67,edge1,intersection_13,False,16,0,16,0.2610062186140567,True
outage_replay_wgan,67,edge2,intersection_14,False,16,0,16,0.08919365657493471,True
outage_replay_wgan,67,edge2,intersection_15,False,16,0,16,0.00023139920085668564,True
outage_replay_wgan,67,edge2,intersection_16,False,16,0,16,0.17768099112436175,True
outage_replay_wgan,67,edge2,intersection_17,False,16,0,16,0.06017654621973633,True
outage_replay_wgan,67,edge2,intersection_18,False,16,0,16,0.11695838230662048,True
outage_replay_wgan,67,edge2,intersection_19,False,16,0,16,0.00024398555979132652,True
outage_replay_wgan,67,edge2,intersection_20,False,16,0,16,0.11603049351833761,True
outage_replay_wgan,68,edge0,intersection_00,False,16,0,16,0.0002914059441536665,True
outage_replay_wgan,68,edge0,intersection_01,False,16,0,16,0.06024478562176227,True
outage_replay_wgan,68,edge0,intersection_02,False,16,0,16,0.11809001257643102,True
outage_replay_wgan,68,edge0,intersection_03,False,16,0,16,0.05803470895625651,True
outage_replay_wgan,68,edge0,intersection_04,False,16,0,16,0.05904786894097925,True
outage_replay_wgan,68,edge0,intersection_05,False,16,0,16,0.059763290686532855,True
outage_replay_wgan,68,edge0,intersection_06,False,16,0,16,0.0002624429762363434,True
outage_replay_wgan,68,edge1,intersection_07,False,16,0,16,0.17766904924064875,True
outage_replay_wgan,68,edge1,intersection_08,False,16,0,16,0.17943532951176167,True
outage_replay_wgan,68,edge1,intersection_09,False,16,0,16,0.05940099665895105,True
outage_replay_wgan,68,edge1,intersection_10,False,16,0,16,0.11842670734040439,True
outage_replay_wgan,68,edge1,intersection_11,False,16,0,16,0.05548676406033337,True
outage_replay_wgan,68,edge1,intersection_12,False,16,0,16,0.1198022470343858,True
outage_replay_wgan,68,edge1,intersection_13,False,16,0,16,0.12000133679248393,True
outage_replay_wgan,68,edge2,intersection_14,False,16,0,16,0.17724666884168983,True
outage_replay_wgan,68,edge2,intersection_15,False,16,0,16,0.02753699291497469,True
outage_replay_wgan,68,edge2,intersection_16,False,16,0,16,0.05847125523723661,True
outage_replay_wgan,68,edge2,intersection_17,False,16,0,16,0.06025713961571454,True
outage_replay_wgan,68,edge2,intersection_18,False,16,0,16,0.14900993509218097,True
outage_replay_wgan,68,edge2,intersection_19,False,16,0,16,0.00020671123638749123,True
outage_replay_wgan,68,edge2,intersection_20,False,16,0,16,0.17914475756697357,True
outage_replay_wgan,69,edge0,intersection_00,False,16,0,16,0.11896155099384485,True
outage_replay_wgan,69,edge0,intersection_01,False,16,0,16,0.1762605218682438,True
outage_replay_wgan,69,edge0,intersection_02,False,16,0,16,0.00020087254233658314,True
outage_replay_wgan,69,edge0,intersection_03,False,16,0,16,0.18001329246908426,True
outage_replay_wgan,69,edge0,intersection_04,False,16,0,16,0.19545324775390327,True
outage_replay_wgan,69,edge0,intersection_05,False,16,0,16,0.05986215872690082,True
outage_replay_wgan,69,edge0,intersection_06,False,16,0,16,0.00019923457875847816,True
outage_replay_wgan,69,edge1,intersection_07,False,16,0,16,0.0862899802159518,True
outage_replay_wgan,69,edge1,intersection_08,False,16,0,16,0.11932218493893741,True
outage_replay_wgan,69,edge1,intersection_09,False,16,0,16,0.06021536909975111,True
outage_replay_wgan,69,edge1,intersection_10,False,16,0,16,0.00028001400642096996,True
outage_replay_wgan,69,edge1,intersection_11,False,16,0,16,0.18610235047526658,True
outage_replay_wgan,69,edge1,intersection_12,False,16,0,16,0.17761528957635164,True
outage_replay_wgan,69,edge1,intersection_13,False,16,0,16,0.00021386961452662945,True
outage_replay_wgan,69,edge2,intersection_14,False,16,0,16,0.10947654559276998,True
outage_replay_wgan,69,edge2,intersection_15,False,16,0,16,0.11969419452361763,True
outage_replay_wgan,69,edge2,intersection_16,False,16,0,16,0.05723651102744043,True
outage_replay_wgan,69,edge2,intersection_17,False,16,0,16,0.05959705612622201,True
outage_replay_wgan,69,edge2,intersection_18,False,16,0,16,0.11866784072481096,True
outage_replay_wgan,69,edge2,intersection_19,False,16,0,16,0.09133747825399041,True
outage_replay_wgan,69,edge2,intersection_20,False,16,0,16,0.06003051158040761,True
outage_replay_wgan,70,edge0,intersection_00,False,16,0,16,0.11835506814531982,True
outage_replay_wgan,70,edge0,intersection_01,False,16,0,16,0.10764297982677817,True
outage_replay_wgan,70,edge0,intersection_02,False,16,0,16,0.059357187943533056,True
outage_replay_wgan,70,edge0,intersection_03,False,16,0,16,0.0577385036740452,True
outage_replay_wgan,70,edge0,intersection_04,False,16,0,16,0.06197451916523277,True
outage_replay_wgan,70,edge0,intersection_05,False,16,0,16,0.17873658356256783,True
outage_replay_wgan,70,edge0,intersection_06,False,16,0,16,0.05975191597826778,True
outage_replay_wgan,70,edge1,intersection_07,False,16,0,16,0.000277241924777627,True
outage_replay_wgan,70,edge1,intersection_08,False,16,0,16,0.0002562697045505047,True
outage_replay_wgan,70,edge1,intersection_09,False,16,0,16,0.05729899508878589,True
outage_replay_wgan,70,edge1,intersection_10,False,16,0,16,0.05728734470903874,True
outage_replay_wgan,70,edge1,intersection_11,False,16,0,16,0.00016766414046287537,True
outage_replay_wgan,70,edge1,intersection_12,False,16,0,16,0.10371913178823888,True
outage_replay_wgan,70,edge1,intersection_13,False,16,0,16,0.11835129978135228,True
outage_replay_wgan,70,edge2,intersection_14,False,16,0,16,0.07492789998650551,True
outage_replay_wgan,70,edge2,intersection_15,False,16,0,16,0.13646160066127777,True
outage_replay_wgan,70,edge2,intersection_16,False,16,0,16,0.05759741645306349,True
outage_replay_wgan,70,edge2,intersection_17,False,16,0,16,0.10033250343985856,True
outage_replay_wgan,70,edge2,intersection_18,False,16,0,16,0.29719080426730216,True
outage_replay_wgan,70,edge2,intersection_19,False,16,0,16,0.11841737711802125,True
outage_replay_wgan,70,edge2,intersection_20,False,16,0,16,0.11944446037523448,True
outage_replay_wgan,71,edge0,intersection_00,False,16,0,16,0.058113792678341276,True
outage_replay_wgan,71,edge0,intersection_01,False,16,0,16,0.17820195737294853,True
outage_replay_wgan,71,edge0,intersection_02,False,16,0,16,0.11899206694215536,True
outage_replay_wgan,71,edge0,intersection_03,False,16,0,16,0.04712801193818451,True
outage_replay_wgan,71,edge0,intersection_04,False,16,0,16,0.0002330357674509287,True
outage_replay_wgan,71,edge0,intersection_05,False,16,0,16,0.05955085367895663,True
outage_replay_wgan,71,edge0,intersection_06,False,16,0,16,0.05852958164177834,True
outage_replay_wgan,71,edge1,intersection_07,False,16,0,16,0.05968402302823961,True
outage_replay_wgan,71,edge1,intersection_08,False,16,0,16,0.17853986588306725,True
outage_replay_wgan,71,edge1,intersection_09,False,16,0,16,0.12015797500498593,True
outage_replay_wgan,71,edge1,intersection_10,False,16,0,16,0.05958336545154452,True
outage_replay_wgan,71,edge1,intersection_11,False,16,0,16,0.11840094858780503,True
outage_replay_wgan,71,edge1,intersection_12,False,16,0,16,0.07228601595852524,True
outage_replay_wgan,71,edge1,intersection_13,False,16,0,16,0.11838054098188877,True
outage_replay_wgan,71,edge2,intersection_14,False,16,0,16,0.05950955091975629,True
outage_replay_wgan,71,edge2,intersection_15,False,16,0,16,0.10448361746966839,True
outage_replay_wgan,71,edge2,intersection_16,False,16,0,16,0.10448776441626251,True
outage_replay_wgan,71,edge2,intersection_17,False,16,0,16,0.13952135038562116,True
outage_replay_wgan,71,edge2,intersection_18,False,16,0,16,0.11931128147989511,True
outage_replay_wgan,71,edge2,intersection_19,False,16,0,16,0.09389455895870924,True
outage_replay_wgan,71,edge2,intersection_20,False,16,0,16,0.06692766980268061,True
outage_replay_wgan,72,edge0,intersection_00,False,16,0,16,0.11805103742517531,True
outage_replay_wgan,72,edge0,intersection_01,False,16,0,16,0.18288432573899627,True
outage_replay_wgan,72,edge0,intersection_02,False,16,0,16,0.14649077272042632,True
outage_replay_wgan,72,edge0,intersection_03,False,16,0,16,0.03131406405009329,True
outage_replay_wgan,72,edge0,intersection_04,False,16,0,16,0.058922263327986,True
outage_replay_wgan,72,edge0,intersection_05,False,16,0,16,0.00029128044843673706,True
outage_replay_wgan,72,edge0,intersection_06,False,16,0,16,0.029160065343603492,True
outage_replay_wgan,72,edge1,intersection_07,False,16,0,16,0.15495446207933128,True
outage_replay_wgan,72,edge1,intersection_08,False,16,0,16,0.00020938273519277573,True
outage_replay_wgan,72,edge1,intersection_09,False,16,0,16,0.06026981491595506,True
outage_replay_wgan,72,edge1,intersection_10,False,16,0,16,0.11910066218115388,True
outage_replay_wgan,72,edge1,intersection_11,False,16,0,16,0.23905369453132153,True
outage_replay_wgan,72,edge1,intersection_12,False,16,0,16,0.1509398629423231,True
outage_replay_wgan,72,edge1,intersection_13,False,16,0,16,0.11824399931356311,True
outage_replay_wgan,72,edge2,intersection_14,False,16,0,16,0.05926933721639216,True
outage_replay_wgan,72,edge2,intersection_15,False,16,0,16,0.13539662235416472,True
outage_replay_wgan,72,edge2,intersection_16,False,16,0,16,0.00016939477063715458,True
outage_replay_wgan,72,edge2,intersection_17,False,16,0,16,0.09167436650022864,True
outage_replay_wgan,72,edge2,intersection_18,False,16,0,16,0.12281228706706314,True
outage_replay_wgan,72,edge2,intersection_19,False,16,0,16,0.0001987610012292862,True
outage_replay_wgan,72,edge2,intersection_20,False,16,0,16,0.00024080974981188774,True
outage_replay_wgan,73,edge0,intersection_00,False,16,0,16,0.06019055331125855,True
outage_replay_wgan,73,edge0,intersection_01,False,16,0,16,0.0002410749439150095,True
outage_replay_wgan,73,edge0,intersection_02,False,16,0,16,0.1795542447362095,True
outage_replay_wgan,73,edge0,intersection_03,False,16,0,16,0.00020081736147403717,True
outage_replay_wgan,73,edge0,intersection_04,False,16,0,16,0.11959974095225334,True
outage_replay_wgan,73,edge0,intersection_05,False,16,0,16,0.04562525590881706,True
outage_replay_wgan,73,edge0,intersection_06,False,16,0,16,0.060245242202654474,True
outage_replay_wgan,73,edge1,intersection_07,False,16,0,16,0.1777722300030291,True
outage_replay_wgan,73,edge1,intersection_08,False,16,0,16,0.05699481233023108,True
outage_replay_wgan,73,edge1,intersection_09,False,16,0,16,0.23667656676843762,True
outage_replay_wgan,73,edge1,intersection_10,False,16,0,16,0.05928331264294684,True
outage_replay_wgan,73,edge1,intersection_11,False,16,0,16,0.00015768827870488167,True
outage_replay_wgan,73,edge1,intersection_12,False,16,0,16,0.0002193334512412548,True
outage_replay_wgan,73,edge1,intersection_13,False,16,0,16,0.11940721701830626,True
outage_replay_wgan,73,edge2,intersection_14,False,16,0,16,0.12020155740901826,True
outage_replay_wgan,73,edge2,intersection_15,False,16,0,16,0.17986629251390693,True
outage_replay_wgan,73,edge2,intersection_16,False,16,0,16,0.04668217967264354,True
outage_replay_wgan,73,edge2,intersection_17,False,16,0,16,0.06018319469876587,True
outage_replay_wgan,73,edge2,intersection_18,False,16,0,16,0.12178312102332711,True
outage_replay_wgan,73,edge2,intersection_19,False,16,0,16,0.1155214114114642,True
outage_replay_wgan,73,edge2,intersection_20,False,16,0,16,0.18022285331971943,True
outage_replay_wgan,74,edge0,intersection_00,False,16,0,16,0.17937467899173498,True
outage_replay_wgan,74,edge0,intersection_01,False,16,0,16,0.11950524779967964,True
outage_replay_wgan,74,edge0,intersection_02,False,16,0,16,0.0002149494830518961,True
outage_replay_wgan,74,edge0,intersection_03,False,16,0,16,0.01692110626026988,True
outage_replay_wgan,74,edge0,intersection_04,False,16,0,16,0.14935037354007363,True
outage_replay_wgan,74,edge0,intersection_05,False,16,0,16,0.11826286884024739,True
outage_replay_wgan,74,edge0,intersection_06,False,16,0,16,0.2338122392538935,True
outage_replay_wgan,74,edge1,intersection_07,False,16,0,16,0.09092309325933456,True
outage_replay_wgan,74,edge1,intersection_08,False,16,0,16,0.11857721325941384,True
outage_replay_wgan,74,edge1,intersection_09,False,16,0,16,0.05838992493227124,True
outage_replay_wgan,74,edge1,intersection_10,False,16,0,16,0.17943180864676833,True
outage_replay_wgan,74,edge1,intersection_11,False,16,0,16,0.11823923606425524,True
outage_replay_wgan,74,edge1,intersection_12,False,16,0,16,0.06017831456847488,True
outage_replay_wgan,74,edge1,intersection_13,False,16,0,16,0.16048765927553177,True
outage_replay_wgan,74,edge2,intersection_14,False,16,0,16,0.23689970141276717,True
outage_replay_wgan,74,edge2,intersection_15,False,16,0,16,0.05868829321116209,True
outage_replay_wgan,74,edge2,intersection_16,False,16,0,16,0.017135002184659243,True
outage_replay_wgan,74,edge2,intersection_17,False,16,0,16,0.059181899996474385,True
outage_replay_wgan,74,edge2,intersection_18,False,16,0,16,0.06022153911180795,True
outage_replay_wgan,74,edge2,intersection_19,False,16,0,16,0.018629736965522167,True
outage_replay_wgan,74,edge2,intersection_20,False,16,0,16,0.06027449970133602,True
outage_replay_wgan,75,edge0,intersection_00,False,16,0,16,0.08000143989920616,True
outage_replay_wgan,75,edge0,intersection_01,False,16,0,16,0.0602055606432259,True
outage_replay_wgan,75,edge0,intersection_02,False,16,0,16,0.059173608431592584,True
outage_replay_wgan,75,edge0,intersection_03,False,16,0,16,0.06021715863607823,True
outage_replay_wgan,75,edge0,intersection_04,False,16,0,16,0.17416000040248036,True
outage_replay_wgan,75,edge0,intersection_05,False,16,0,16,0.11847406206652521,True
outage_replay_wgan,75,edge0,intersection_06,False,16,0,16,0.11864816141314805,True
outage_replay_wgan,75,edge1,intersection_07,False,16,0,16,0.0002238431479781866,True
outage_replay_wgan,75,edge1,intersection_08,False,16,0,16,0.4752144608646631,True
outage_replay_wgan,75,edge1,intersection_09,False,16,0,16,0.15189450327306986,True
outage_replay_wgan,75,edge1,intersection_10,False,16,0,16,0.05906142946332693,True
outage_replay_wgan,75,edge1,intersection_11,False,16,0,16,0.059939434519037604,True
outage_replay_wgan,75,edge1,intersection_12,False,16,0,16,0.11678858776576817,True
outage_replay_wgan,75,edge1,intersection_13,False,16,0,16,0.11823360482230783,True
outage_replay_wgan,75,edge2,intersection_14,False,16,0,16,0.059327935334295034,True
outage_replay_wgan,75,edge2,intersection_15,False,16,0,16,0.23679386894218624,True
outage_replay_wgan,75,edge2,intersection_16,False,16,0,16,0.17941281269304454,True
outage_replay_wgan,75,edge2,intersection_17,False,16,0,16,0.11896909354254603,True
outage_replay_wgan,75,edge2,intersection_18,False,16,0,16,0.056957722175866365,True
outage_replay_wgan,75,edge2,intersection_19,False,16,0,16,0.17552272183820605,True
outage_replay_wgan,75,edge2,intersection_20,False,16,0,16,0.09891928662545979,True
outage_replay_wgan,76,edge0,intersection_00,False,16,0,16,0.09848266211338341,True
outage_replay_wgan,76,edge0,intersection_01,False,16,0,16,0.14598181773908436,True
outage_replay_wgan,76,edge0,intersection_02,False,16,0,16,0.08129026857204735,True
outage_replay_wgan,76,edge0,intersection_03,False,16,0,16,0.08788427291437984,True
outage_replay_wgan,76,edge0,intersection_04,False,16,0,16,0.1195438785944134,True
outage_replay_wgan,76,edge0,intersection_05,False,16,0,16,0.06026129471138119,True
outage_replay_wgan,76,edge0,intersection_06,False,16,0,16,0.15976119274273515,True
outage_replay_wgan,76,edge1,intersection_07,False,16,0,16,0.11817917972803116,True
outage_replay_wgan,76,edge1,intersection_08,False,16,0,16,0.001295306487008929,True
outage_replay_wgan,76,edge1,intersection_09,False,16,0,16,0.06020261719822883,True
outage_replay_wgan,76,edge1,intersection_10,False,16,0,16,0.2510279701091349,True
outage_replay_wgan,76,edge1,intersection_11,False,16,0,16,0.09566573309712112,True
outage_replay_wgan,76,edge1,intersection_12,False,16,0,16,0.060216873418539756,True
outage_replay_wgan,76,edge1,intersection_13,False,16,0,16,0.00023971195332705975,True
outage_replay_wgan,76,edge2,intersection_14,False,16,0,16,0.1783266901038587,True
outage_replay_wgan,76,edge2,intersection_15,False,16,0,16,0.11090318765491247,True
outage_replay_wgan,76,edge2,intersection_16,False,16,0,16,0.16687178635038435,True
outage_replay_wgan,76,edge2,intersection_17,False,16,0,16,0.05898247682489455,True
outage_replay_wgan,76,edge2,intersection_18,False,16,0,16,0.11951601947657764,True
outage_replay_wgan,76,edge2,intersection_19,False,16,0,16,0.17772834026254714,True
outage_replay_wgan,76,edge2,intersection_20,False,16,0,16,0.00015937886200845242,True
outage_replay_wgan,77,edge0,intersection_00,False,16,0,16,0.12118759495206177,True
outage_replay_wgan,77,edge0,intersection_01,False,16,0,16,0.1863353152293712,True
outage_replay_wgan,77,edge0,intersection_02,False,16,0,16,0.1568035667296499,True
outage_replay_wgan,77,edge0,intersection_03,False,16,0,16,0.00021707476116716862,True
outage_replay_wgan,77,edge0,intersection_04,False,16,0,16,0.1546217161230743,True
outage_replay_wgan,77,edge0,intersection_05,False,16,0,16,0.11922848713584244,True
outage_replay_wgan,77,edge0,intersection_06,False,16,0,16,0.00027175014838576317,True
outage_replay_wgan,77,edge1,intersection_07,False,16,0,16,0.0014067369047552347,True
outage_replay_wgan,77,edge1,intersection_08,False,16,0,16,0.0002295984886586666,True
outage_replay_wgan,77,edge1,intersection_09,False,16,0,16,0.12024956080131231,True
outage_replay_wgan,77,edge1,intersection_10,False,16,0,16,0.29552395991049707,True
outage_replay_wgan,77,edge1,intersection_11,False,16,0,16,0.11966381408274174,True
outage_replay_wgan,77,edge1,intersection_12,False,16,0,16,0.10424439096823335,True
outage_replay_wgan,77,edge1,intersection_13,False,16,0,16,0.038167314138263464,True
outage_replay_wgan,77,edge2,intersection_14,False,16,0,16,0.058901731856167316,True
outage_replay_wgan,77,edge2,intersection_15,False,16,0,16,0.17934637027792633,True
outage_replay_wgan,77,edge2,intersection_16,False,16,0,16,0.21006493223831058,True
outage_replay_wgan,77,edge2,intersection_17,False,16,0,16,0.29851810564287007,True
outage_replay_wgan,77,edge2,intersection_18,False,16,0,16,0.00022518238984048367,True
outage_replay_wgan,77,edge2,intersection_19,False,16,0,16,0.1176228984259069,True
outage_replay_wgan,77,edge2,intersection_20,False,16,0,16,0.11774526908993721,True
outage_replay_wgan,78,edge0,intersection_00,False,16,0,16,0.11886653886176646,True
outage_replay_wgan,78,edge0,intersection_01,False,16,0,16,0.11976393777877092,True
outage_replay_wgan,78,edge0,intersection_02,False,16,0,16,0.10286757885478437,True
outage_replay_wgan,78,edge0,intersection_03,False,16,0,16,0.03740599541924894,True
outage_replay_wgan,78,edge0,intersection_04,False,16,0,16,0.059426891384646297,True
outage_replay_wgan,78,edge0,intersection_05,False,16,0,16,0.060243663843721144,True
outage_replay_wgan,78,edge0,intersection_06,False,16,0,16,0.11927556432783604,True
outage_replay_wgan,78,edge1,intersection_07,False,16,0,16,0.0002452428452670574,True
outage_replay_wgan,78,edge1,intersection_08,False,16,0,16,0.056937204441055655,True
outage_replay_wgan,78,edge1,intersection_09,False,16,0,16,0.16559321829117835,True
outage_replay_wgan,78,edge1,intersection_10,False,16,0,16,0.00025199889205396175,True
outage_replay_wgan,78,edge1,intersection_11,False,16,0,16,0.00024015456438064575,True
outage_replay_wgan,78,edge1,intersection_12,False,16,0,16,0.00013456796295940876,True
outage_replay_wgan,78,edge1,intersection_13,False,16,0,16,0.11849769297987223,True
outage_replay_wgan,78,edge2,intersection_14,False,16,0,16,0.11707400251179934,True
outage_replay_wgan,78,edge2,intersection_15,False,16,0,16,0.023459956515580416,True
outage_replay_wgan,78,edge2,intersection_16,False,16,0,16,0.0007500654319301248,True
outage_replay_wgan,78,edge2,intersection_17,False,16,0,16,0.026379782473668456,True
outage_replay_wgan,78,edge2,intersection_18,False,16,0,16,0.13130520447157323,True
outage_replay_wgan,78,edge2,intersection_19,False,16,0,16,0.058118475833907716,True
outage_replay_wgan,78,edge2,intersection_20,False,16,0,16,0.058475327445194125,True
outage_replay_wgan,79,edge0,intersection_00,False,16,0,16,0.05812544724904,True
outage_replay_wgan,79,edge0,intersection_01,False,16,0,16,0.00019308854825794697,True
outage_replay_wgan,79,edge0,intersection_02,False,16,0,16,0.058951557381078594,True
outage_replay_wgan,79,edge0,intersection_03,False,16,0,16,0.22284148586913943,True
outage_replay_wgan,79,edge0,intersection_04,False,16,0,16,0.06024566502310335,True
outage_replay_wgan,79,edge0,intersection_05,False,16,0,16,0.05918717454187572,True
outage_replay_wgan,79,edge0,intersection_06,False,16,0,16,0.12443984509445727,True
outage_replay_wgan,79,edge1,intersection_07,False,16,0,16,0.12021595099940895,True
outage_replay_wgan,79,edge1,intersection_08,False,16,0,16,0.11796360439620912,True
outage_replay_wgan,79,edge1,intersection_09,False,16,0,16,0.00017674150876700878,True
outage_replay_wgan,79,edge1,intersection_10,False,16,0,16,0.09438944328576326,True
outage_replay_wgan,79,edge1,intersection_11,False,16,0,16,0.060201662359759205,True
outage_replay_wgan,79,edge1,intersection_12,False,16,0,16,0.02154815173707902,True
outage_replay_wgan,79,edge1,intersection_13,False,16,0,16,0.12904312019236386,True
outage_replay_wgan,79,edge2,intersection_14,False,16,0,16,0.11961326049640775,True
outage_replay_wgan,79,edge2,intersection_15,False,16,0,16,0.00024100486189126968,True
outage_replay_wgan,79,edge2,intersection_16,False,16,0,16,0.11973612592555583,True
outage_replay_wgan,79,edge2,intersection_17,False,16,0,16,0.05913072917610407,True
outage_replay_wgan,79,edge2,intersection_18,False,16,0,16,0.08448111382313073,True
outage_replay_wgan,79,edge2,intersection_19,False,16,0,16,0.17968774610199034,True
outage_replay_wgan,79,edge2,intersection_20,False,16,0,16,0.11785117257386446,True
outage_replay_wgan,80,edge0,intersection_00,False,16,0,16,0.05697563663125038,True
outage_replay_wgan,80,edge0,intersection_01,False,16,0,16,0.22843387979082763,True
outage_replay_wgan,80,edge0,intersection_02,False,16,0,16,0.17572081345133483,True
outage_replay_wgan,80,edge0,intersection_03,False,16,0,16,0.000294653233140707,True
outage_replay_wgan,80,edge0,intersection_04,False,16,0,16,0.1775197337847203,True
outage_replay_wgan,80,edge0,intersection_05,False,16,0,16,0.12748989835381508,True
outage_replay_wgan,80,edge0,intersection_06,False,16,0,16,0.1813246828969568,True
outage_replay_wgan,80,edge1,intersection_07,False,16,0,16,0.059052873170003295,True
outage_replay_wgan,80,edge1,intersection_08,False,16,0,16,0.12776028830558062,True
outage_replay_wgan,80,edge1,intersection_09,False,16,0,16,0.11838644789531827,True
outage_replay_wgan,80,edge1,intersection_10,False,16,0,16,0.05413038656115531,True
outage_replay_wgan,80,edge1,intersection_11,False,16,0,16,0.00024909782223403454,True
outage_replay_wgan,80,edge1,intersection_12,False,16,0,16,0.2766849014442414,True
outage_replay_wgan,80,edge1,intersection_13,False,16,0,16,0.06020959420129656,True
outage_replay_wgan,80,edge2,intersection_14,False,16,0,16,0.023418116616085175,True
outage_replay_wgan,80,edge2,intersection_15,False,16,0,16,0.16851291037164629,True
outage_replay_wgan,80,edge2,intersection_16,False,16,0,16,0.059849017765372985,True
outage_replay_wgan,80,edge2,intersection_17,False,16,0,16,0.00015131337568163872,True
outage_replay_wgan,80,edge2,intersection_18,False,16,0,16,0.03461076784878969,True
outage_replay_wgan,80,edge2,intersection_19,False,16,0,16,0.11474363296292722,True
outage_replay_wgan,80,edge2,intersection_20,False,16,0,16,0.1176531813107431,True
outage_replay_wgan,81,edge0,intersection_00,False,16,0,16,0.19083550805225968,True
outage_replay_wgan,81,edge0,intersection_01,False,16,0,16,0.058970777317881584,True
outage_replay_wgan,81,edge0,intersection_02,False,16,0,16,0.00025465316139161587,True
outage_replay_wgan,81,edge0,intersection_03,False,16,0,16,0.23820146778598428,True
outage_replay_wgan,81,edge0,intersection_04,False,16,0,16,0.060202722670510404,True
outage_replay_wgan,81,edge0,intersection_05,False,16,0,16,0.0653547728434205,True
outage_replay_wgan,81,edge0,intersection_06,False,16,0,16,0.17973125074058768,True
outage_replay_wgan,81,edge1,intersection_07,False,16,0,16,0.06022683857008814,True
outage_replay_wgan,81,edge1,intersection_08,False,16,0,16,0.16730240499600768,True
outage_replay_wgan,81,edge1,intersection_09,False,16,0,16,0.00017992150969803333,True
outage_replay_wgan,81,edge1,intersection_10,False,16,0,16,0.06403318187221885,True
outage_replay_wgan,81,edge1,intersection_11,False,16,0,16,0.0597946117632091,True
outage_replay_wgan,81,edge1,intersection_12,False,16,0,16,0.2344371562357992,True
outage_replay_wgan,81,edge1,intersection_13,False,16,0,16,0.07493726804386824,True
outage_replay_wgan,81,edge2,intersection_14,False,16,0,16,0.05622981465421618,True
outage_replay_wgan,81,edge2,intersection_15,False,16,0,16,0.11939200642518699,True
outage_replay_wgan,81,edge2,intersection_16,False,16,0,16,0.12974236602894962,True
outage_replay_wgan,81,edge2,intersection_17,False,16,0,16,0.00022034766152501106,True
outage_replay_wgan,81,edge2,intersection_18,False,16,0,16,0.0602443441748619,True
outage_replay_wgan,81,edge2,intersection_19,False,16,0,16,0.00025129271671175957,True
outage_replay_wgan,81,edge2,intersection_20,False,16,0,16,0.018791571026667953,True
outage_replay_wgan,82,edge0,intersection_00,False,16,0,16,0.23799336259253323,True
outage_replay_wgan,82,edge0,intersection_01,False,16,0,16,0.06025765859521925,True
outage_replay_wgan,82,edge0,intersection_02,False,16,0,16,0.10712499381043017,True
outage_replay_wgan,82,edge0,intersection_03,False,16,0,16,0.00021006097085773945,True
outage_replay_wgan,82,edge0,intersection_04,False,16,0,16,0.08136027725413442,True
outage_replay_wgan,82,edge0,intersection_05,False,16,0,16,0.0706393956206739,True
outage_replay_wgan,82,edge0,intersection_06,False,16,0,16,0.059912670869380236,True
outage_replay_wgan,82,edge1,intersection_07,False,16,0,16,0.05748565820977092,True
outage_replay_wgan,82,edge1,intersection_08,False,16,0,16,0.059982463251799345,True
outage_replay_wgan,82,edge1,intersection_09,False,16,0,16,0.11676478758454323,True
outage_replay_wgan,82,edge1,intersection_10,False,16,0,16,0.11935851257294416,True
outage_replay_wgan,82,edge1,intersection_11,False,16,0,16,0.00017272401601076126,True
outage_replay_wgan,82,edge1,intersection_12,False,16,0,16,0.17697966611012816,True
outage_replay_wgan,82,edge1,intersection_13,False,16,0,16,0.13127754046581686,True
outage_replay_wgan,82,edge2,intersection_14,False,16,0,16,0.17848066450096667,True
outage_replay_wgan,82,edge2,intersection_15,False,16,0,16,0.05972082505468279,True
outage_replay_wgan,82,edge2,intersection_16,False,16,0,16,0.19272211869247258,True
outage_replay_wgan,82,edge2,intersection_17,False,16,0,16,0.28850594675168395,True
outage_replay_wgan,82,edge2,intersection_18,False,16,0,16,0.00018447660841047764,True
outage_replay_wgan,82,edge2,intersection_19,False,16,0,16,0.06418011453934014,True
outage_replay_wgan,82,edge2,intersection_20,False,16,0,16,0.059665113454684615,True
outage_replay_wgan,83,edge0,intersection_00,False,16,0,16,0.00019218469969928265,True
outage_replay_wgan,83,edge0,intersection_01,False,16,0,16,0.23921425524167717,True
outage_replay_wgan,83,edge0,intersection_02,False,16,0,16,0.09914254420436919,True
outage_replay_wgan,83,edge0,intersection_03,False,16,0,16,0.060274208895862096,True
outage_replay_wgan,83,edge0,intersection_04,False,16,0,16,0.11829372914507985,True
outage_replay_wgan,83,edge0,intersection_05,False,16,0,16,0.17397511773742735,True
outage_replay_wgan,83,edge0,intersection_06,False,16,0,16,0.17244252236559987,True
outage_replay_wgan,83,edge1,intersection_07,False,16,0,16,0.1745628376957029,True
outage_replay_wgan,83,edge1,intersection_08,False,16,0,16,0.2460530772805214,True
outage_replay_wgan,83,edge1,intersection_09,False,16,0,16,0.057731661247089505,True
outage_replay_wgan,83,edge1,intersection_10,False,16,0,16,0.118805828737095,True
outage_replay_wgan,83,edge1,intersection_11,False,16,0,16,0.0720334774814546,True
outage_replay_wgan,83,edge1,intersection_12,False,16,0,16,0.060156460152938955,True
outage_replay_wgan,83,edge1,intersection_13,False,16,0,16,0.1200659181922674,True
outage_replay_wgan,83,edge2,intersection_14,False,16,0,16,0.059980437625199556,True
outage_replay_wgan,83,edge2,intersection_15,False,16,0,16,0.00015990715473890305,True
outage_replay_wgan,83,edge2,intersection_16,False,16,0,16,0.0748708532191813,True
outage_replay_wgan,83,edge2,intersection_17,False,16,0,16,0.17702366644516587,True
outage_replay_wgan,83,edge2,intersection_18,False,16,0,16,0.07742446660995483,True
outage_replay_wgan,83,edge2,intersection_19,False,16,0,16,0.11562944366596639,True
outage_replay_wgan,83,edge2,intersection_20,False,16,0,16,0.11836218019016087,True
outage_replay_wgan,84,edge0,intersection_00,False,16,0,16,0.11941850953735411,True
outage_replay_wgan,84,edge0,intersection_01,False,16,0,16,0.1190898884087801,True
outage_replay_wgan,84,edge0,intersection_02,False,16,0,16,0.06015983247198164,True
outage_replay_wgan,84,edge0,intersection_03,False,16,0,16,0.06018906831741333,True
outage_replay_wgan,84,edge0,intersection_04,False,16,0,16,0.05992288887500763,True
outage_replay_wgan,84,edge0,intersection_05,False,16,0,16,0.05876953992992639,True
outage_replay_wgan,84,edge0,intersection_06,False,16,0,16,0.11780270887538791,True
outage_replay_wgan,84,edge1,intersection_07,False,16,0,16,0.19957903260365129,True
outage_replay_wgan,84,edge1,intersection_08,False,16,0,16,0.00021384889259934425,True
outage_replay_wgan,84,edge1,intersection_09,False,16,0,16,0.0002069168258458376,True
outage_replay_wgan,84,edge1,intersection_10,False,16,0,16,0.00021365401335060596,True
outage_replay_wgan,84,edge1,intersection_11,False,16,0,16,0.05969391693361103,True
outage_replay_wgan,84,edge1,intersection_12,False,16,0,16,0.06604109925683588,True
outage_replay_wgan,84,edge1,intersection_13,False,16,0,16,0.09518919559195638,True
outage_replay_wgan,84,edge2,intersection_14,False,16,0,16,0.05816834606230259,True
outage_replay_wgan,84,edge2,intersection_15,False,16,0,16,0.11810278636403382,True
outage_replay_wgan,84,edge2,intersection_16,False,16,0,16,0.00030380673706531525,True
outage_replay_wgan,84,edge2,intersection_17,False,16,0,16,0.20488282851874828,True
outage_replay_wgan,84,edge2,intersection_18,False,16,0,16,0.15893914201296866,True
outage_replay_wgan,84,edge2,intersection_19,False,16,0,16,0.06019415706396102,True
outage_replay_wgan,84,edge2,intersection_20,False,16,0,16,0.00014651939272880554,True
outage_replay_wgan,85,edge0,intersection_00,False,16,0,16,0.13522691768594086,True
outage_replay_wgan,85,edge0,intersection_01,False,16,0,16,0.178672696929425,True
outage_replay_wgan,85,edge0,intersection_02,False,16,0,16,0.06656283407937735,True
outage_replay_wgan,85,edge0,intersection_03,False,16,0,16,0.05958674871362745,True
outage_replay_wgan,85,edge0,intersection_04,False,16,0,16,0.11965935886837542,True
outage_replay_wgan,85,edge0,intersection_05,False,16,0,16,0.15692397695966062,True
outage_replay_wgan,85,edge0,intersection_06,False,16,0,16,0.16629033745266497,True
outage_replay_wgan,85,edge1,intersection_07,False,16,0,16,0.0002613088581711054,True
outage_replay_wgan,85,edge1,intersection_08,False,16,0,16,0.060152782825753086,True
outage_replay_wgan,85,edge1,intersection_09,False,16,0,16,0.0601843441836536,True
outage_replay_wgan,85,edge1,intersection_10,False,16,0,16,0.0002204070333391428,True
outage_replay_wgan,85,edge1,intersection_11,False,16,0,16,0.059583614347502596,True
outage_replay_wgan,85,edge1,intersection_12,False,16,0,16,0.17839556699618697,True
outage_replay_wgan,85,edge1,intersection_13,False,16,0,16,0.0002682730555534363,True
outage_replay_wgan,85,edge2,intersection_14,False,16,0,16,0.12005742359906435,True
outage_replay_wgan,85,edge2,intersection_15,False,16,0,16,0.17683873954229057,True
outage_replay_wgan,85,edge2,intersection_16,False,16,0,16,0.10139414551667869,True
outage_replay_wgan,85,edge2,intersection_17,False,16,0,16,0.05779928155243397,True
outage_replay_wgan,85,edge2,intersection_18,False,16,0,16,0.23696046182885766,True
outage_replay_wgan,85,edge2,intersection_19,False,16,0,16,0.0606676759198308,True
outage_replay_wgan,85,edge2,intersection_20,False,16,0,16,0.014919364592060447,True
outage_replay_wgan,86,edge0,intersection_00,False,16,0,16,0.17406969517469406,True
outage_replay_wgan,86,edge0,intersection_01,False,16,0,16,0.1784441377967596,True
outage_replay_wgan,86,edge0,intersection_02,False,16,0,16,0.05872377939522266,True
outage_replay_wgan,86,edge0,intersection_03,False,16,0,16,0.11918334919027984,True
outage_replay_wgan,86,edge0,intersection_04,False,16,0,16,0.23630531528033316,True
outage_replay_wgan,86,edge0,intersection_05,False,16,0,16,0.007479343097656965,True
outage_replay_wgan,86,edge0,intersection_06,False,16,0,16,0.11930333403870463,True
outage_replay_wgan,86,edge1,intersection_07,False,16,0,16,0.05734515655785799,True
outage_replay_wgan,86,edge1,intersection_08,False,16,0,16,0.060068433173000806,True
outage_replay_wgan,86,edge1,intersection_09,False,16,0,16,0.0596049171872437,True
outage_replay_wgan,86,edge1,intersection_10,False,16,0,16,0.2989970671478659,True
outage_replay_wgan,86,edge1,intersection_11,False,16,0,16,0.12018792680464684,True
outage_replay_wgan,86,edge1,intersection_12,False,16,0,16,0.00019699311815202236,True
outage_replay_wgan,86,edge1,intersection_13,False,16,0,16,0.11962608085013926,True
outage_replay_wgan,86,edge2,intersection_14,False,16,0,16,0.11984487040899694,True
outage_replay_wgan,86,edge2,intersection_15,False,16,0,16,0.059875772800296545,True
outage_replay_wgan,86,edge2,intersection_16,False,16,0,16,0.17837297217920423,True
outage_replay_wgan,86,edge2,intersection_17,False,16,0,16,0.04874313063919544,True
outage_replay_wgan,86,edge2,intersection_18,False,16,0,16,0.10760234645567834,True
outage_replay_wgan,86,edge2,intersection_19,False,16,0,16,0.06017239904031157,True
outage_replay_wgan,86,edge2,intersection_20,False,16,0,16,0.059727786108851426,True
outage_replay_wgan,87,edge0,intersection_00,False,16,0,16,0.1796237218659371,True
outage_replay_wgan,87,edge0,intersection_01,False,16,0,16,0.06002903403714299,True
outage_replay_wgan,87,edge0,intersection_02,False,16,0,16,0.05999128031544388,True
outage_replay_wgan,87,edge0,intersection_03,False,16,0,16,0.07323092455044389,True
outage_replay_wgan,87,edge0,intersection_04,False,16,0,16,0.11935301194898784,True
outage_replay_wgan,87,edge0,intersection_05,False,16,0,16,0.17125139571726322,True
outage_replay_wgan,87,edge0,intersection_06,False,16,0,16,0.05385562265291811,True
outage_replay_wgan,87,edge1,intersection_07,False,16,0,16,0.18926829285919664,True
outage_replay_wgan,87,edge1,intersection_08,False,16,0,16,0.11377605027519166,True
outage_replay_wgan,87,edge1,intersection_09,False,16,0,16,0.11762215825729072,True
outage_replay_wgan,87,edge1,intersection_10,False,16,0,16,0.05946983909234404,True
outage_replay_wgan,87,edge1,intersection_11,False,16,0,16,0.11738611641339958,True
outage_replay_wgan,87,edge1,intersection_12,False,16,0,16,0.06019099103286862,True
outage_replay_wgan,87,edge1,intersection_13,False,16,0,16,0.00021617021411657333,True
outage_replay_wgan,87,edge2,intersection_14,False,16,0,16,0.15708825178444386,True
outage_replay_wgan,87,edge2,intersection_15,False,16,0,16,0.11915943922940642,True
outage_replay_wgan,87,edge2,intersection_16,False,16,0,16,0.17676471057347953,True
outage_replay_wgan,87,edge2,intersection_17,False,16,0,16,0.00027862703427672386,True
outage_replay_wgan,87,edge2,intersection_18,False,16,0,16,0.17677463591098785,True
outage_replay_wgan,87,edge2,intersection_19,False,16,0,16,0.06019788281992077,True
outage_replay_wgan,87,edge2,intersection_20,False,16,0,16,0.17699007992632687,True
outage_replay_wgan,88,edge0,intersection_00,False,16,0,16,0.1789005866739899,True
outage_replay_wgan,88,edge0,intersection_01,False,16,0,16,0.05932074389420449,True
outage_replay_wgan,88,edge0,intersection_02,False,16,0,16,0.060236774384975426,True
outage_replay_wgan,88,edge0,intersection_03,False,16,0,16,0.058109801961109035,True
outage_replay_wgan,88,edge0,intersection_04,False,16,0,16,0.059070614399388426,True
outage_replay_wgan,88,edge0,intersection_05,False,16,0,16,0.0003043082542717457,True
outage_replay_wgan,88,edge0,intersection_06,False,16,0,16,0.07970015425235033,True
outage_replay_wgan,88,edge1,intersection_07,False,16,0,16,0.1772251937072724,True
outage_replay_wgan,88,edge1,intersection_08,False,16,0,16,0.00020186672918498516,True
outage_replay_wgan,88,edge1,intersection_09,False,16,0,16,0.19781137420795855,True
outage_replay_wgan,88,edge1,intersection_10,False,16,0,16,0.00023048301227390766,True
outage_replay_wgan,88,edge1,intersection_11,False,16,0,16,0.11783081176690757,True
outage_replay_wgan,88,edge1,intersection_12,False,16,0,16,0.16211293451488018,True
outage_replay_wgan,88,edge1,intersection_13,False,16,0,16,0.17613522661849854,True
outage_replay_wgan,88,edge2,intersection_14,False,16,0,16,0.05969710671342909,True
outage_replay_wgan,88,edge2,intersection_15,False,16,0,16,0.11783495335839687,True
outage_replay_wgan,88,edge2,intersection_16,False,16,0,16,0.11999833374284208,True
outage_replay_wgan,88,edge2,intersection_17,False,16,0,16,0.17532202834263444,True
outage_replay_wgan,88,edge2,intersection_18,False,16,0,16,0.11858367500826715,True
outage_replay_wgan,88,edge2,intersection_19,False,16,0,16,0.17778384708799422,True
outage_replay_wgan,88,edge2,intersection_20,False,16,0,16,0.11808017385192215,True
outage_replay_wgan,89,edge0,intersection_00,False,16,0,16,0.11969410255551337,True
outage_replay_wgan,89,edge0,intersection_01,False,16,0,16,0.00022562150843441486,True
outage_replay_wgan,89,edge0,intersection_02,False,16,0,16,0.1699331731069833,True
outage_replay_wgan,89,edge0,intersection_03,False,16,0,16,0.24525895901024342,True
outage_replay_wgan,89,edge0,intersection_04,False,16,0,16,0.1176211629062891,True
outage_replay_wgan,89,edge0,intersection_05,False,16,0,16,0.11708535579964519,True
outage_replay_wgan,89,edge0,intersection_06,False,16,0,16,0.2284190992359072,True
outage_replay_wgan,89,edge1,intersection_07,False,16,0,16,0.17896943457890302,True
outage_replay_wgan,89,edge1,intersection_08,False,16,0,16,0.060229434166103595,True
outage_replay_wgan,89,edge1,intersection_09,False,16,0,16,0.19021526211872697,True
outage_replay_wgan,89,edge1,intersection_10,False,16,0,16,0.00021352036856114864,True
outage_replay_wgan,89,edge1,intersection_11,False,16,0,16,0.11596530745737255,True
outage_replay_wgan,89,edge1,intersection_12,False,16,0,16,0.21959913708269596,True
outage_replay_wgan,89,edge1,intersection_13,False,16,0,16,0.06916284072212875,True
outage_replay_wgan,89,edge2,intersection_14,False,16,0,16,0.11951123713515699,True
outage_replay_wgan,89,edge2,intersection_15,False,16,0,16,0.00021270639263093472,True
outage_replay_wgan,89,edge2,intersection_16,False,16,0,16,0.07900005544070154,True
outage_replay_wgan,89,edge2,intersection_17,False,16,0,16,0.17842955351807177,True
outage_replay_wgan,89,edge2,intersection_18,False,16,0,16,0.05985792027786375,True
outage_replay_wgan,89,edge2,intersection_19,False,16,0,16,0.054086060961708426,True
outage_replay_wgan,89,edge2,intersection_20,False,16,0,16,0.06402370170690119,True
outage_replay_wgan,90,edge0,intersection_00,False,16,0,16,0.00019888044334948063,True
outage_replay_wgan,90,edge0,intersection_01,False,16,0,16,0.17803986952640116,True
outage_replay_wgan,90,edge0,intersection_02,False,16,0,16,0.119566555833444,True
outage_replay_wgan,90,edge0,intersection_03,False,16,0,16,0.11918433429673314,True
outage_replay_wgan,90,edge0,intersection_04,False,16,0,16,0.00018752063624560833,True
outage_replay_wgan,90,edge0,intersection_05,False,16,0,16,0.11901828553527594,True
outage_replay_wgan,90,edge0,intersection_06,False,16,0,16,0.02826955984346568,True
outage_replay_wgan,90,edge1,intersection_07,False,16,0,16,0.10287829325534403,True
outage_replay_wgan,90,edge1,intersection_08,False,16,0,16,0.23816895415075123,True
outage_replay_wgan,90,edge1,intersection_09,False,16,0,16,0.0002422938123345375,True
outage_replay_wgan,90,edge1,intersection_10,False,16,0,16,0.06019202806055545,True
outage_replay_wgan,90,edge1,intersection_11,False,16,0,16,0.11957956105470657,True
outage_replay_wgan,90,edge1,intersection_12,False,16,0,16,0.05890692048706114,True
outage_replay_wgan,90,edge1,intersection_13,False,16,0,16,0.060186842689290636,True
outage_replay_wgan,90,edge2,intersection_14,False,16,0,16,0.05833645723760128,True
outage_replay_wgan,90,edge2,intersection_15,False,16,0,16,0.11994794779457152,True
outage_replay_wgan,90,edge2,intersection_16,False,16,0,16,0.00020969146862626076,True
outage_replay_wgan,90,edge2,intersection_17,False,16,0,16,0.11961527611128986,True
outage_replay_wgan,90,edge2,intersection_18,False,16,0,16,0.01385658816434443,True
outage_replay_wgan,90,edge2,intersection_19,False,16,0,16,0.06823871098458767,True
outage_replay_wgan,90,edge2,intersection_20,False,16,0,16,0.039158352417871356,True
outage_replay_wgan,91,edge0,intersection_00,False,16,0,16,0.00020416360348463058,True
outage_replay_wgan,91,edge0,intersection_01,False,16,0,16,0.00022348272614181042,True
outage_replay_wgan,91,edge0,intersection_02,False,16,0,16,0.059848754899576306,True
outage_replay_wgan,91,edge0,intersection_03,False,16,0,16,0.05995430413167924,True
outage_replay_wgan,91,edge0,intersection_04,False,16,0,16,0.1802524465601891,True
outage_replay_wgan,91,edge0,intersection_05,False,16,0,16,0.059455411741510034,True
outage_replay_wgan,91,edge0,intersection_06,False,16,0,16,0.060095683904364705,True
outage_replay_wgan,91,edge1,intersection_07,False,16,0,16,0.06024293438531458,True
outage_replay_wgan,91,edge1,intersection_08,False,16,0,16,0.00023910240270197392,True
outage_replay_wgan,91,edge1,intersection_09,False,16,0,16,0.17794489092193544,True
outage_replay_wgan,91,edge1,intersection_10,False,16,0,16,0.00020541739650070667,True
outage_replay_wgan,91,edge1,intersection_11,False,16,0,16,0.17780977068468928,True
outage_replay_wgan,91,edge1,intersection_12,False,16,0,16,0.14417331712320447,True
outage_replay_wgan,91,edge1,intersection_13,False,16,0,16,0.11944029736332595,True
outage_replay_wgan,91,edge2,intersection_14,False,16,0,16,0.23931170790456235,True
outage_replay_wgan,91,edge2,intersection_15,False,16,0,16,0.07035650825127959,True
outage_replay_wgan,91,edge2,intersection_16,False,16,0,16,0.00022577657364308834,True
outage_replay_wgan,91,edge2,intersection_17,False,16,0,16,0.297295204596594,True
outage_replay_wgan,91,edge2,intersection_18,False,16,0,16,0.11924465117044747,True
outage_replay_wgan,91,edge2,intersection_19,False,16,0,16,0.060227251145988696,True
outage_replay_wgan,91,edge2,intersection_20,False,16,0,16,0.11879029893316327,True
outage_replay_wgan,92,edge0,intersection_00,False,16,0,16,0.057344893692061305,True
outage_replay_wgan,92,edge0,intersection_01,False,16,0,16,0.059245313284918666,True
outage_replay_wgan,92,edge0,intersection_02,False,16,0,16,0.05964502482675016,True
outage_replay_wgan,92,edge0,intersection_03,False,16,0,16,0.05522035423200578,True
outage_replay_wgan,92,edge0,intersection_04,False,16,0,16,0.07723166956566274,True
outage_replay_wgan,92,edge0,intersection_05,False,16,0,16,0.16245513246394694,True
outage_replay_wgan,92,edge0,intersection_06,False,16,0,16,0.08682127879001199,True
outage_replay_wgan,92,edge1,intersection_07,False,16,0,16,0.11845585494302213,True
outage_replay_wgan,92,edge1,intersection_08,False,16,0,16,0.11763091548345983,True
outage_replay_wgan,92,edge1,intersection_09,False,16,0,16,0.05948843900114297,True
outage_replay_wgan,92,edge1,intersection_10,False,16,0,16,0.05903003690764308,True
outage_replay_wgan,92,edge1,intersection_11,False,16,0,16,0.2386073067318648,True
outage_replay_wgan,92,edge1,intersection_12,False,16,0,16,0.059646398993209004,True
outage_replay_wgan,92,edge1,intersection_13,False,16,0,16,0.0001787159126251936,True
outage_replay_wgan,92,edge2,intersection_14,False,16,0,16,0.11655133403837681,True
outage_replay_wgan,92,edge2,intersection_15,False,16,0,16,0.0590691571123898,True
outage_replay_wgan,92,edge2,intersection_16,False,16,0,16,0.06001453497447073,True
outage_replay_wgan,92,edge2,intersection_17,False,16,0,16,0.0001776574645191431,True
outage_replay_wgan,92,edge2,intersection_18,False,16,0,16,0.2374292614404112,True
outage_replay_wgan,92,edge2,intersection_19,False,16,0,16,0.1166536898817867,True
outage_replay_wgan,92,edge2,intersection_20,False,16,0,16,0.11884226300753653,True
outage_replay_wgan,93,edge0,intersection_00,False,16,0,16,0.11537868133746088,True
outage_replay_wgan,93,edge0,intersection_01,False,16,0,16,0.11662879749201238,True
outage_replay_wgan,93,edge0,intersection_02,False,16,0,16,0.17821991862729192,True
outage_replay_wgan,93,edge0,intersection_03,False,16,0,16,0.08820265880785882,True
outage_replay_wgan,93,edge0,intersection_04,False,16,0,16,0.0672584674321115,True
outage_replay_wgan,93,edge0,intersection_05,False,16,0,16,0.15145126753486693,True
outage_replay_wgan,93,edge0,intersection_06,False,16,0,16,0.060002189595252275,True
outage_replay_wgan,93,edge1,intersection_07,False,16,0,16,0.11808342346921563,True
outage_replay_wgan,93,edge1,intersection_08,False,16,0,16,0.27436329354532063,True
outage_replay_wgan,93,edge1,intersection_09,False,16,0,16,0.1366537194699049,True
outage_replay_wgan,93,edge1,intersection_10,False,16,0,16,0.000188114820048213,True
outage_replay_wgan,93,edge1,intersection_11,False,16,0,16,0.012839480768889187,True
outage_replay_wgan,93,edge1,intersection_12,False,16,0,16,0.11890844884328544,True
outage_replay_wgan,93,edge1,intersection_13,False,16,0,16,0.11800231575034559,True
outage_replay_wgan,93,edge2,intersection_14,False,16,0,16,0.051045798463746905,True
outage_replay_wgan,93,edge2,intersection_15,False,16,0,16,0.1203645817004144,True
outage_replay_wgan,93,edge2,intersection_16,False,16,0,16,0.1136048692278564,True
outage_replay_wgan,93,edge2,intersection_17,False,16,0,16,0.0694827267434448,True
outage_replay_wgan,93,edge2,intersection_18,False,16,0,16,0.039463905850425356,True
outage_replay_wgan,93,edge2,intersection_19,False,16,0,16,0.06014270335435868,True
outage_replay_wgan,93,edge2,intersection_20,False,16,0,16,0.1191313317976892,True
outage_replay_wgan,94,edge0,intersection_00,False,16,0,16,0.00013509951531887054,True
outage_replay_wgan,94,edge0,intersection_01,False,16,0,16,0.05823453748598695,True
outage_replay_wgan,94,edge0,intersection_02,False,16,0,16,0.00025854306295514107,True
outage_replay_wgan,94,edge0,intersection_03,False,16,0,16,0.12669054744765162,True
outage_replay_wgan,94,edge0,intersection_04,False,16,0,16,0.11692679207772017,True
outage_replay_wgan,94,edge0,intersection_05,False,16,0,16,0.088018580339849,True
outage_replay_wgan,94,edge0,intersection_06,False,16,0,16,0.1745386403053999,True
outage_replay_wgan,94,edge1,intersection_07,False,16,0,16,0.29836620728019625,True
outage_replay_wgan,94,edge1,intersection_08,False,16,0,16,0.118500069482252,True
outage_replay_wgan,94,edge1,intersection_09,False,16,0,16,0.06833040458150208,True
outage_replay_wgan,94,edge1,intersection_10,False,16,0,16,0.11836891085840762,True
outage_replay_wgan,94,edge1,intersection_11,False,16,0,16,0.00023648701608181,True
outage_replay_wgan,94,edge1,intersection_12,False,16,0,16,0.05898243375122547,True
outage_replay_wgan,94,edge1,intersection_13,False,16,0,16,0.11993066919967532,True
outage_replay_wgan,94,edge2,intersection_14,False,16,0,16,0.13142763706855476,True
outage_replay_wgan,94,edge2,intersection_15,False,16,0,16,0.0598915247246623,True
outage_replay_wgan,94,edge2,intersection_16,False,16,0,16,0.0002026211004704237,True
outage_replay_wgan,94,edge2,intersection_17,False,16,0,16,0.00019430369138717651,True
outage_replay_wgan,94,edge2,intersection_18,False,16,0,16,0.1109186983667314,True
outage_replay_wgan,94,edge2,intersection_19,False,16,0,16,0.1766933014150709,True
outage_replay_wgan,94,edge2,intersection_20,False,16,0,16,0.030276763369329274,True
outage_replay_wgan,95,edge0,intersection_00,False,16,0,16,0.1187452133744955,True
outage_replay_wgan,95,edge0,intersection_01,False,16,0,16,0.15750999376177788,True
outage_replay_wgan,95,edge0,intersection_02,False,16,0,16,0.11626538587734102,True
outage_replay_wgan,95,edge0,intersection_03,False,16,0,16,0.08311110432259738,True
outage_replay_wgan,95,edge0,intersection_04,False,16,0,16,0.00020574755035340786,True
outage_replay_wgan,95,edge0,intersection_05,False,16,0,16,0.11743658827617764,True
outage_replay_wgan,95,edge0,intersection_06,False,16,0,16,0.06020882003940641,True
outage_replay_wgan,95,edge1,intersection_07,False,16,0,16,0.05981049337424337,True
outage_replay_wgan,95,edge1,intersection_08,False,16,0,16,0.05984353134408593,True
outage_replay_wgan,95,edge1,intersection_09,False,16,0,16,0.021699828561395407,True
outage_replay_wgan,95,edge1,intersection_10,False,16,0,16,0.06023451103828847,True
outage_replay_wgan,95,edge1,intersection_11,False,16,0,16,0.2615158180706203,True
outage_replay_wgan,95,edge1,intersection_12,False,16,0,16,0.11986999516375363,True
outage_replay_wgan,95,edge1,intersection_13,False,16,0,16,0.060032778419554234,True
outage_replay_wgan,95,edge2,intersection_14,False,16,0,16,0.00037276046350598335,True
outage_replay_wgan,95,edge2,intersection_15,False,16,0,16,0.12804853939451277,True
outage_replay_wgan,95,edge2,intersection_16,False,16,0,16,0.00018174177967011929,True
outage_replay_wgan,95,edge2,intersection_17,False,16,0,16,0.1045190249569714,True
outage_replay_wgan,95,edge2,intersection_18,False,16,0,16,0.11031603021547198,True
outage_replay_wgan,95,edge2,intersection_19,False,16,0,16,0.06019623461179435,True
outage_replay_wgan,95,edge2,intersection_20,False,16,0,16,0.17823295714333653,True
outage_replay_wgan,96,edge0,intersection_00,False,16,0,16,0.05633130716159939,True
outage_replay_wgan,96,edge0,intersection_01,False,16,0,16,0.00021539954468607903,True
outage_replay_wgan,96,edge0,intersection_02,False,16,0,16,0.06025493587367236,True
outage_replay_wgan,96,edge0,intersection_03,False,16,0,16,0.17397934501059353,True
outage_replay_wgan,96,edge0,intersection_04,False,16,0,16,0.058963638730347157,True
outage_replay_wgan,96,edge0,intersection_05,False,16,0,16,0.15789521439000964,True
outage_replay_wgan,96,edge0,intersection_06,False,16,0,16,0.11858056276105344,True
outage_replay_wgan,96,edge1,intersection_07,False,16,0,16,0.06009102752432228,True
outage_replay_wgan,96,edge1,intersection_08,False,16,0,16,0.060187759809196,True
outage_replay_wgan,96,edge1,intersection_09,False,16,0,16,0.10872601484879851,True
outage_replay_wgan,96,edge1,intersection_10,False,16,0,16,0.032241791021078825,True
outage_replay_wgan,96,edge1,intersection_11,False,16,0,16,0.15005556773394346,True
outage_replay_wgan,96,edge1,intersection_12,False,16,0,16,0.2299847083631903,True
outage_replay_wgan,96,edge1,intersection_13,False,16,0,16,0.17872832366265357,True
outage_replay_wgan,96,edge2,intersection_14,False,16,0,16,0.13322614994831383,True
outage_replay_wgan,96,edge2,intersection_15,False,16,0,16,0.16886575613170862,True
outage_replay_wgan,96,edge2,intersection_16,False,16,0,16,0.1202443572692573,True
outage_replay_wgan,96,edge2,intersection_17,False,16,0,16,0.11939074145630002,True
outage_replay_wgan,96,edge2,intersection_18,False,16,0,16,0.060176800936460495,True
outage_replay_wgan,96,edge2,intersection_19,False,16,0,16,0.05889314180240035,True
outage_replay_wgan,96,edge2,intersection_20,False,16,0,16,0.057237897301092744,True
outage_replay_wgan,97,edge0,intersection_00,False,16,0,16,0.05997735960409045,True
outage_replay_wgan,97,edge0,intersection_01,False,16,0,16,0.23640140588395298,True
outage_replay_wgan,97,edge0,intersection_02,False,16,0,16,0.07933771912939847,True
outage_replay_wgan,97,edge0,intersection_03,False,16,0,16,0.05983824515715241,True
outage_replay_wgan,97,edge0,intersection_04,False,16,0,16,0.17943343054503202,True
outage_replay_wgan,97,edge0,intersection_05,False,16,0,16,0.11830165283754468,True
outage_replay_wgan,97,edge0,intersection_06,False,16,0,16,0.00023657013662159443,True
outage_replay_wgan,97,edge1,intersection_07,False,16,0,16,0.17316280747763813,True
outage_replay_wgan,97,edge1,intersection_08,False,16,0,16,0.11244621919468045,True
outage_replay_wgan,97,edge1,intersection_09,False,16,0,16,0.1181127605959773,True
outage_replay_wgan,97,edge1,intersection_10,False,16,0,16,0.06016434985212981,True
outage_replay_wgan,97,edge1,intersection_11,False,16,0,16,0.11970900488086045,True
outage_replay_wgan,97,edge1,intersection_12,False,16,0,16,0.06011651223525405,True
outage_replay_wgan,97,edge1,intersection_13,False,16,0,16,0.06547957425937055,True
outage_replay_wgan,97,edge2,intersection_14,False,16,0,16,0.08411804644856602,True
outage_replay_wgan,97,edge2,intersection_15,False,16,0,16,0.11872069910168648,True
outage_replay_wgan,97,edge2,intersection_16,False,16,0,16,0.0001736949197947979,True
outage_replay_wgan,97,edge2,intersection_17,False,16,0,16,0.05975588131695986,True
outage_replay_wgan,97,edge2,intersection_18,False,16,0,16,0.11319496645592153,True
outage_replay_wgan,97,edge2,intersection_19,False,16,0,16,0.17635695775970817,True
outage_replay_wgan,97,edge2,intersection_20,False,16,0,16,0.057659289333969355,True
outage_replay_wgan,98,edge0,intersection_00,False,16,0,16,0.06020950921811163,True
outage_replay_wgan,98,edge0,intersection_01,False,16,0,16,0.003293509827926755,True
outage_replay_wgan,98,edge0,intersection_02,False,16,0,16,0.06781980697996913,True
outage_replay_wgan,98,edge0,intersection_03,False,16,0,16,0.11759711103513837,True
outage_replay_wgan,98,edge0,intersection_04,False,16,0,16,0.17917705385480076,True
outage_replay_wgan,98,edge0,intersection_05,False,16,0,16,0.11968494718894362,True
outage_replay_wgan,98,edge0,intersection_06,False,16,0,16,0.08963891980238259,True
outage_replay_wgan,98,edge1,intersection_07,False,16,0,16,0.10706757241860032,True
outage_replay_wgan,98,edge1,intersection_08,False,16,0,16,0.06019454426132142,True
outage_replay_wgan,98,edge1,intersection_09,False,16,0,16,0.00021009286865592003,True
outage_replay_wgan,98,edge1,intersection_10,False,16,0,16,0.17599689192138612,True
outage_replay_wgan,98,edge1,intersection_11,False,16,0,16,0.060289447894319885,True
outage_replay_wgan,98,edge1,intersection_12,False,16,0,16,0.11928777093999088,True
outage_replay_wgan,98,edge1,intersection_13,False,16,0,16,0.04361958126537502,True
outage_replay_wgan,98,edge2,intersection_14,False,16,0,16,0.1546381110092625,True
outage_replay_wgan,98,edge2,intersection_15,False,16,0,16,0.17966065765358508,True
outage_replay_wgan,98,edge2,intersection_16,False,16,0,16,0.00020042294636368752,True
outage_replay_wgan,98,edge2,intersection_17,False,16,0,16,0.00018050149083137512,True
outage_replay_wgan,98,edge2,intersection_18,False,16,0,16,0.23951083840802312,True
outage_replay_wgan,98,edge2,intersection_19,False,16,0,16,0.10509953368455172,True
outage_replay_wgan,98,edge2,intersection_20,False,16,0,16,0.00023284833878278732,True
outage_replay_wgan,99,edge0,intersection_00,False,16,0,16,0.05861693248152733,True
outage_replay_wgan,99,edge0,intersection_01,False,16,0,16,0.06576431216672063,True
outage_replay_wgan,99,edge0,intersection_02,False,16,0,16,0.15504708443768322,True
outage_replay_wgan,99,edge0,intersection_03,False,16,0,16,0.11938636447302997,True
outage_replay_wgan,99,edge0,intersection_04,False,16,0,16,0.11719584441743791,True
outage_replay_wgan,99,edge0,intersection_05,False,16,0,16,0.18061954132281244,True
outage_replay_wgan,99,edge0,intersection_06,False,16,0,16,0.00021240906789898872,True
outage_replay_wgan,99,edge1,intersection_07,False,16,0,16,0.00022963015362620354,True
outage_replay_wgan,99,edge1,intersection_08,False,16,0,16,0.06025061360560357,True
outage_replay_wgan,99,edge1,intersection_09,False,16,0,16,0.11906627123244107,True
outage_replay_wgan,99,edge1,intersection_10,False,16,0,16,0.05712824198417365,True
outage_replay_wgan,99,edge1,intersection_11,False,16,0,16,0.059233731823042035,True
outage_replay_wgan,99,edge1,intersection_12,False,16,0,16,0.0002187369391322136,True
outage_replay_wgan,99,edge1,intersection_13,False,16,0,16,0.00024226517416536808,True
outage_replay_wgan,99,edge2,intersection_14,False,16,0,16,0.059244761476293206,True
outage_replay_wgan,99,edge2,intersection_15,False,16,0,16,0.06021699053235351,True
outage_replay_wgan,99,edge2,intersection_16,False,16,0,16,0.11741167423315346,True
outage_replay_wgan,99,edge2,intersection_17,False,16,0,16,0.11783587955869734,True
outage_replay_wgan,99,edge2,intersection_18,False,16,0,16,0.060028319247066975,True
outage_replay_wgan,99,edge2,intersection_19,False,16,0,16,0.0008983082370832562,True
outage_replay_wgan,99,edge2,intersection_20,False,16,0,16,0.11626232089474797,True
outage_replay_wgan,100,edge0,intersection_00,False,16,0,16,0.08589592762291431,True
outage_replay_wgan,100,edge0,intersection_01,False,16,0,16,0.10768032353371382,True
outage_replay_wgan,100,edge0,intersection_02,False,16,0,16,0.06022568303160369,True
outage_replay_wgan,100,edge0,intersection_03,False,16,0,16,0.15653179259970784,True
outage_replay_wgan,100,edge0,intersection_04,False,16,0,16,0.08877934259362519,True
outage_replay_wgan,100,edge0,intersection_05,False,16,0,16,0.05993940378539264,True
outage_replay_wgan,100,edge0,intersection_06,False,16,0,16,0.17828907049261034,True
outage_replay_wgan,100,edge1,intersection_07,False,16,0,16,0.17706829961389303,True
outage_replay_wgan,100,edge1,intersection_08,False,16,0,16,0.17899731802754104,True
outage_replay_wgan,100,edge1,intersection_09,False,16,0,16,0.058355268323794,True
outage_replay_wgan,100,edge1,intersection_10,False,16,0,16,0.16421497333794832,True
outage_replay_wgan,100,edge1,intersection_11,False,16,0,16,0.00020139268599450588,True
outage_replay_wgan,100,edge1,intersection_12,False,16,0,16,0.0001799322199076414,True
outage_replay_wgan,100,edge1,intersection_13,False,16,0,16,0.06017723493278026,True
outage_replay_wgan,100,edge2,intersection_14,False,16,0,16,0.00021323887631297112,True
outage_replay_wgan,100,edge2,intersection_15,False,16,0,16,0.11882896302267909,True
outage_replay_wgan,100,edge2,intersection_16,False,16,0,16,0.17962466785684228,True
outage_replay_wgan,100,edge2,intersection_17,False,16,0,16,0.1793608064763248,True
outage_replay_wgan,100,edge2,intersection_18,False,16,0,16,0.17483039014041424,True
outage_replay_wgan,100,edge2,intersection_19,False,16,0,16,0.000153012340888381,True
outage_replay_wgan,100,edge2,intersection_20,False,16,0,16,0.08400987926870584,True
