scenario,round,edge_id,sensor_id,outage_active,live_samples,fallback_samples,samples_received,queue_fill_seconds,queue_fill_complete
outage_replay_fixed,1,edge0,intersection_00,False,16,0,16,0.04534312733449042,True
outage_replay_fixed,1,edge0,intersection_01,False,16,0,16,0.1505816224962473,True
outage_replay_fixed,1,edge0,intersection_02,False,16,0,16,0.05868595442734659,True
outage_replay_fixed,1,edge0,intersection_03,False,16,0,16,0.1197182259056717,True
outage_replay_fixed,1,edge0,intersection_04,False,16,0,16,0.06257261475548148,True
outage_replay_fixed,1,edge0,intersection_05,False,16,0,16,0.00018134363926947117,True
outage_replay_fixed,1,edge0,intersection_06,False,16,0,16,0.17780706891790032,True
outage_replay_fixed,1,edge1,intersection_07,False,16,0,16,0.060190760297700756,True
outage_replay_fixed,1,edge1,intersection_08,False,16,0,16,0.05927335983142257,True
outage_replay_fixed,1,edge1,intersection_09,False,16,0,16,0.03140449780039489,True
outage_replay_fixed,1,edge1,intersection_10,False,16,0,16,0.07463429239578545,True
outage_replay_fixed,1,edge1,intersection_11,False,16,0,16,0.12024843646213411,True
outage_replay_fixed,1,edge1,intersection_12,False,16,0,16,0.00013931002467870712,True
outage_replay_fixed,1,edge1,intersection_13,False,16,0,16,0.23855669633485377,True
outage_replay_fixed,1,edge2,intersection_14,False,16,0,16,0.17582323285751045,True
outage_replay_fixed,1,edge2,intersection_15,False,16,0,16,0.10833844006992877,True
outage_replay_fixed,1,edge2,intersection_16,False,16,0,16,0.17812373023480177,True
outage_replay_fixed,1,edge2,intersection_17,False,16,0,16,0.059619113337248564,True
outage_replay_fixed,1,edge2,intersection_18,False,16,0,16,0.059215347515419126,True
outage_replay_fixed,1,edge2,intersection_19,False,16,0,16,0.15753587940707803,True
outage_replay_fixed,1,edge2,intersection_20,False,16,0,16,0.05923173460178077,True
outage_replay_fixed,2,edge0,intersection_00,False,16,0,16,0.00017397943884134293,True
outage_replay_fixed,2,edge0,intersection_01,False,16,0,16,0.15346503094770014,True
outage_replay_fixed,2,edge0,intersection_02,False,16,0,16,0.05930954171344638,True
outage_replay_fixed,2,edge0,intersection_03,False,16,0,16,0.1194476776290685,True
outage_replay_fixed,2,edge0,intersection_04,False,16,0,16,0.050906555727124214,True
outage_replay_fixed,2,edge0,intersection_05,False,16,0,16,0.05921971285715699,True
outage_replay_fixed,2,edge0,intersection_06,False,16,0,16,0.0001740597654134035,True
outage_replay_fixed,2,edge1,intersection_07,False,16,0,16,0.0002387072890996933,True
outage_replay_fixed,2,edge1,intersection_08,False,16,0,16,0.05990376253612339,True
outage_replay_fixed,2,edge1,intersection_09,False,16,0,16,0.059384884778410196,True
outage_replay_fixed,2,edge1,intersection_10,False,16,0,16,0.060033221961930394,True
outage_replay_fixed,2,edge1,intersection_11,False,16,0,16,0.2350778947584331,True
outage_replay_fixed,2,edge1,intersection_12,False,16,0,16,0.17643287032842636,True
outage_replay_fixed,2,edge1,intersection_13,False,16,0,16,0.05968093569390476,True
outage_replay_fixed,2,edge2,intersection_14,False,16,0,16,0.06024436047300696,True
outage_replay_fixed,2,edge2,intersection_15,False,16,0,16,0.12938116840086877,True
outage_replay_fixed,2,edge2,intersection_16,False,16,0,16,0.17856597481295466,True
outage_replay_fixed,2,edge2,intersection_17,False,16,0,16,0.00022779591381549835,True
outage_replay_fixed,2,edge2,intersection_18,False,16,0,16,0.0575962990988046,True
outage_replay_fixed,2,edge2,intersection_19,False,16,0,16,0.17845324170775712,True
outage_replay_fixed,2,edge2,intersection_20,False,16,0,16,0.029849122976884242,True
outage_replay_fixed,3,edge0,intersection_00,False,16,0,16,0.05997126316651702,True
outage_replay_fixed,3,edge0,intersection_01,False,16,0,16,0.05973817384801805,True
outage_replay_fixed,3,edge0,intersection_02,False,16,0,16,0.11839064978994429,True
outage_replay_fixed,3,edge0,intersection_03,False,16,0,16,0.00023145275190472603,True
outage_replay_fixed,3,edge0,intersection_04,False,16,0,16,0.05936676636338233,True
outage_replay_fixed,3,edge0,intersection_05,False,16,0,16,0.060232907067984336,True
outage_replay_fixed,3,edge0,intersection_06,False,16,0,16,0.05930423690006137,True
outage_replay_fixed,3,edge1,intersection_07,False,16,0,16,0.06017597089521586,True
outage_replay_fixed,3,edge1,intersection_08,False,16,0,16,0.00021654576994478703,True
outage_replay_fixed,3,edge1,intersection_09,False,16,0,16,0.0001898889895528555,True
outage_replay_fixed,3,edge1,intersection_10,False,16,0,16,0.13631450477987528,True
outage_replay_fixed,3,edge1,intersection_11,False,16,0,16,0.05895288498140871,True
outage_replay_fixed,3,edge1,intersection_12,False,16,0,16,0.06000335328280926,True
outage_replay_fixed,3,edge1,intersection_13,False,16,0,16,0.11861409340053797,True
outage_replay_fixed,3,edge2,intersection_14,False,16,0,16,0.05572540150023997,True
outage_replay_fixed,3,edge2,intersection_15,False,16,0,16,0.05948415072634816,True
outage_replay_fixed,3,edge2,intersection_16,False,16,0,16,0.17809767927974463,True
outage_replay_fixed,3,edge2,intersection_17,False,16,0,16,0.2041922661010176,True
outage_replay_fixed,3,edge2,intersection_18,False,16,0,16,0.07617847761139274,True
outage_replay_fixed,3,edge2,intersection_19,False,16,0,16,0.20328517584130168,True
outage_replay_fixed,3,edge2,intersection_20,False,16,0,16,0.11942298826761542,True
outage_replay_fixed,4,edge0,intersection_00,False,16,0,16,0.1202679385896772,True
outage_replay_fixed,4,edge0,intersection_01,False,16,0,16,0.015615617390722035,True
outage_replay_fixed,4,edge0,intersection_02,False,16,0,16,0.17809122917242348,True
outage_replay_fixed,4,edge0,intersection_03,False,16,0,16,0.0009433886734768747,True
outage_replay_fixed,4,edge0,intersection_04,False,16,0,16,0.05973628163337708,True
outage_replay_fixed,4,edge0,intersection_05,False,16,0,16,0.002273682970553636,True
outage_replay_fixed,4,edge0,intersection_06,False,16,0,16,0.05966397328302265,True
outage_replay_fixed,4,edge1,intersection_07,False,16,0,16,0.06277301115915179,True
outage_replay_fixed,4,edge1,intersection_08,False,16,0,16,0.060002276673912995,True
outage_replay_fixed,4,edge1,intersection_09,False,16,0,16,0.060091436142101884,True
outage_replay_fixed,4,edge1,intersection_10,False,16,0,16,0.17301937798038125,True
outage_replay_fixed,4,edge1,intersection_11,False,16,0,16,0.11973349959589541,True
outage_replay_fixed,4,edge1,intersection_12,False,16,0,16,0.18008328694850206,True
outage_replay_fixed,4,edge1,intersection_13,False,16,0,16,0.11940360488370061,True
outage_replay_fixed,4,edge2,intersection_14,False,16,0,16,0.1676006990019232,True
outage_replay_fixed,4,edge2,intersection_15,False,16,0,16,0.19473312818445265,True
outage_replay_fixed,4,edge2,intersection_16,False,16,0,16,0.07414999906904995,True
outage_replay_fixed,4,edge2,intersection_17,False,16,0,16,0.1989333680830896,True
outage_replay_fixed,4,edge2,intersection_18,False,16,0,16,0.001206252840347588,True
outage_replay_fixed,4,edge2,intersection_19,False,16,0,16,0.17606598930433393,True
outage_replay_fixed,4,edge2,intersection_20,False,16,0,16,0.12018431769683956,True
outage_replay_fixed,5,edge0,intersection_00,False,16,0,16,0.015147746074944733,True
outage_replay_fixed,5,edge0,intersection_01,False,16,0,16,0.11729844869114459,True
outage_replay_fixed,5,edge0,intersection_02,False,16,0,16,0.11926807998679578,True
outage_replay_fixed,5,edge0,intersection_03,False,16,0,16,0.05876746983267367,True
outage_replay_fixed,5,edge0,intersection_04,False,16,0,16,0.059446237981319434,True
outage_replay_fixed,5,edge0,intersection_05,False,16,0,16,0.00018302816897630692,True
outage_replay_fixed,5,edge0,intersection_06,False,16,0,16,0.058885860489681356,True
outage_replay_fixed,5,edge1,intersection_07,False,16,0,16,0.3097706539556384,True
outage_replay_fixed,5,edge1,intersection_08,False,16,0,16,0.06025243597105145,True
outage_replay_fixed,5,edge1,intersection_09,False,16,0,16,0.07017664960585535,True
outage_replay_fixed,5,edge1,intersection_10,False,16,0,16,0.11977987363934517,True
outage_replay_fixed,5,edge1,intersection_11,False,16,0,16,0.1261218551080674,True
outage_replay_fixed,5,edge1,intersection_12,False,16,0,16,0.26456418726593256,True
outage_replay_fixed,5,edge1,intersection_13,False,16,0,16,0.1782738226465881,True
outage_replay_fixed,5,edge2,intersection_14,False,16,0,16,0.11883563920855522,True
outage_replay_fixed,5,edge2,intersection_15,False,16,0,16,0.10041219531558454,True
outage_replay_fixed,5,edge2,intersection_16,False,16,0,16,0.05971772316843271,True
outage_replay_fixed,5,edge2,intersection_17,False,16,0,16,0.1788576883263886,True
outage_replay_fixed,5,edge2,intersection_18,False,16,0,16,0.05911067849956453,True
outage_replay_fixed,5,edge2,intersection_19,False,16,0,16,0.1195905280765146,True
outage_replay_fixed,5,edge2,intersection_20,False,16,0,16,0.05838206899352372,True
outage_replay_fixed,6,edge0,intersection_00,False,16,0,16,0.11835934524424374,True
outage_replay_fixed,6,edge0,intersection_01,False,16,0,16,0.1767026362940669,True
outage_replay_fixed,6,edge0,intersection_02,False,16,0,16,0.05353813082911074,True
outage_replay_fixed,6,edge0,intersection_03,False,16,0,16,0.12022020784206687,True
outage_replay_fixed,6,edge0,intersection_04,False,16,0,16,0.11768213310278952,True
outage_replay_fixed,6,edge0,intersection_05,False,16,0,16,0.20479783811606467,True
outage_replay_fixed,6,edge0,intersection_06,False,16,0,16,0.12141027953475714,True
outage_replay_fixed,6,edge1,intersection_07,False,16,0,16,0.24098421493545175,True
outage_replay_fixed,6,edge1,intersection_08,False,16,0,16,0.0407119351439178,True
outage_replay_fixed,6,edge1,intersection_09,False,16,0,16,0.0002442167606204748,True
outage_replay_fixed,6,edge1,intersection_10,False,16,0,16,0.1441996293142438,True
outage_replay_fixed,6,edge1,intersection_11,False,16,0,16,0.057507508201524615,True
outage_replay_fixed,6,edge1,intersection_12,False,16,0,16,0.00021028798073530197,True
outage_replay_fixed,6,edge1,intersection_13,False,16,0,16,0.11852483288384974,True
outage_replay_fixed,6,edge2,intersection_14,False,16,0,16,0.11886619031429291,True
outage_replay_fixed,6,edge2,intersection_15,False,16,0,16,0.17790856934152544,True
outage_replay_fixed,6,edge2,intersection_16,False,16,0,16,0.06022933777421712,True
outage_replay_fixed,6,edge2,intersection_17,False,16,0,16,0.16484773135744035,True
outage_replay_fixed,6,edge2,intersection_18,False,16,0,16,0.060257925419136875,True
outage_replay_fixed,6,edge2,intersection_19,False,16,0,16,0.17531738011166453,True
outage_replay_fixed,6,edge2,intersection_20,False,16,0,16,0.00020628748461604118,True
outage_replay_fixed,7,edge0,intersection_00,False,16,0,16,0.17760529019869864,True
outage_replay_fixed,7,edge0,intersection_01,False,16,0,16,0.059699122328311205,True
outage_replay_fixed,7,edge0,intersection_02,False,16,0,16,0.1769315751735121,True
outage_replay_fixed,7,edge0,intersection_03,False,16,0,16,0.10245760693214834,True
outage_replay_fixed,7,edge0,intersection_04,False,16,0,16,0.07344710081815718,True
outage_replay_fixed,7,edge0,intersection_05,False,16,0,16,0.064181785332039,True
outage_replay_fixed,7,edge0,intersection_06,False,16,0,16,0.11979978915769607,True
outage_replay_fixed,7,edge1,intersection_07,False,16,0,16,0.22568251239135861,True
outage_replay_fixed,7,edge1,intersection_08,False,16,0,16,0.06021963665261864,True
outage_replay_fixed,7,edge1,intersection_09,False,16,0,16,0.17815498914569616,True
outage_replay_fixed,7,edge1,intersection_10,False,16,0,16,0.11752036050893366,True
outage_replay_fixed,7,edge1,intersection_11,False,16,0,16,0.18694782257080078,True
outage_replay_fixed,7,edge1,intersection_12,False,16,0,16,0.0595465237274766,True
outage_replay_fixed,7,edge1,intersection_13,False,16,0,16,0.00025010760873556137,True
outage_replay_fixed,7,edge2,intersection_14,False,16,0,16,0.11974683427251875,True
outage_replay_fixed,7,edge2,intersection_15,False,16,0,16,0.17428016243502498,True
outage_replay_fixed,7,edge2,intersection_16,False,16,0,16,0.002985164988785982,True
outage_replay_fixed,7,edge2,intersection_17,False,16,0,16,0.11829541972838342,True
outage_replay_fixed,7,edge2,intersection_18,False,16,0,16,0.12011552369222045,True
outage_replay_fixed,7,edge2,intersection_19,False,16,0,16,0.11939688352867961,True
outage_replay_fixed,7,edge2,intersection_20,False,16,0,16,0.11750420718453825,True
outage_replay_fixed,8,edge0,intersection_00,False,16,0,16,0.11789565114304423,True
outage_replay_fixed,8,edge0,intersection_01,False,16,0,16,0.057457544375210994,True
outage_replay_fixed,8,edge0,intersection_02,False,16,0,16,0.17605466907843947,True
outage_replay_fixed,8,edge0,intersection_03,False,16,0,16,0.0002333379816263914,True
outage_replay_fixed,8,edge0,intersection_04,False,16,0,16,0.1781368216034025,True
outage_replay_fixed,8,edge0,intersection_05,False,16,0,16,0.17502196202985942,True
outage_replay_fixed,8,edge0,intersection_06,False,16,0,16,0.17724180780351162,True
outage_replay_fixed,8,edge1,intersection_07,False,16,0,16,0.11942742043174803,True
outage_replay_fixed,8,edge1,intersection_08,False,16,0,16,0.05950049567036331,True
outage_replay_fixed,8,edge1,intersection_09,False,16,0,16,0.060245300875976675,True
outage_replay_fixed,8,edge1,intersection_10,False,16,0,16,0.07021253160201013,True
outage_replay_fixed,8,edge1,intersection_11,False,16,0,16,0.16544455755501986,True
outage_replay_fixed,8,edge1,intersection_12,False,16,0,16,0.25993858580477536,True
outage_replay_fixed,8,edge1,intersection_13,False,16,0,16,0.00020280643366277218,True
outage_replay_fixed,8,edge2,intersection_14,False,16,0,16,0.07813570322468877,True
outage_replay_fixed,8,edge2,intersection_15,False,16,0,16,0.08733624964952469,True
outage_replay_fixed,8,edge2,intersection_16,False,16,0,16,0.34288694290444255,True
outage_replay_fixed,8,edge2,intersection_17,False,16,0,16,0.13623362104408443,True
outage_replay_fixed,8,edge2,intersection_18,False,16,0,16,0.05759259616024792,True
outage_replay_fixed,8,edge2,intersection_19,False,16,0,16,0.15165604534558952,True
outage_replay_fixed,8,edge2,intersection_20,False,16,0,16,0.06027881568297743,True
outage_replay_fixed,9,edge0,intersection_00,False,16,0,16,0.1608617608435452,True
outage_replay_fixed,9,edge0,intersection_01,False,16,0,16,0.11846808670088649,True
outage_replay_fixed,9,edge0,intersection_02,False,16,0,16,0.0002280606422573328,True
outage_replay_fixed,9,edge0,intersection_03,False,16,0,16,0.0003478877479210496,True
outage_replay_fixed,9,edge0,intersection_04,False,16,0,16,0.11943772016093135,True
outage_replay_fixed,9,edge0,intersection_05,False,16,0,16,0.12009937479160726,True
outage_replay_fixed,9,edge0,intersection_06,False,16,0,16,0.1155257700011134,True
outage_replay_fixed,9,edge1,intersection_07,False,16,0,16,0.17753953719511628,True
outage_replay_fixed,9,edge1,intersection_08,False,16,0,16,0.05907993041910231,True
outage_replay_fixed,9,edge1,intersection_09,False,16,0,16,0.07891201809979975,True
outage_replay_fixed,9,edge1,intersection_10,False,16,0,16,0.05842289258725941,True
outage_replay_fixed,9,edge1,intersection_11,False,16,0,16,0.00020882370881736279,True
outage_replay_fixed,9,edge1,intersection_12,False,16,0,16,0.11927400366403162,True
outage_replay_fixed,9,edge1,intersection_13,False,16,0,16,0.12000995059497654,True
outage_replay_fixed,9,edge2,intersection_14,False,16,0,16,0.23815400409512222,True
outage_replay_fixed,9,edge2,intersection_15,False,16,0,16,0.11657059099525213,True
outage_replay_fixed,9,edge2,intersection_16,False,16,0,16,0.0001412462443113327,True
outage_replay_fixed,9,edge2,intersection_17,False,16,0,16,0.0001581166870892048,True
outage_replay_fixed,9,edge2,intersection_18,False,16,0,16,0.2377460398711264,True
outage_replay_fixed,9,edge2,intersection_19,False,16,0,16,0.00024563074111938477,True
outage_replay_fixed,9,edge2,intersection_20,False,16,0,16,0.059655895922332995,True
outage_replay_fixed,10,edge0,intersection_00,False,16,0,16,0.1333877914585173,True
outage_replay_fixed,10,edge0,intersection_01,False,16,0,16,0.00019477051682770252,True
outage_replay_fixed,10,edge0,intersection_02,False,16,0,16,0.01944883493706584,True
outage_replay_fixed,10,edge0,intersection_03,False,16,0,16,0.12026408943347631,True
outage_replay_fixed,10,edge0,intersection_04,False,16,0,16,0.0002673680428415537,True
outage_replay_fixed,10,edge0,intersection_05,False,16,0,16,0.11922001047059894,True
outage_replay_fixed,10,edge0,intersection_06,False,16,0,16,0.346165286609903,True
outage_replay_fixed,10,edge1,intersection_07,False,16,0,16,0.07019604882225394,True
outage_replay_fixed,10,edge1,intersection_08,False,16,0,16,0.17664478393271565,True
outage_replay_fixed,10,edge1,intersection_09,False,16,0,16,0.10216364497318862,True
outage_replay_fixed,10,edge1,intersection_10,False,16,0,16,0.0002096397802233696,True
outage_replay_fixed,10,edge1,intersection_11,False,16,0,16,0.11943430686369538,True
outage_replay_fixed,10,edge1,intersection_12,False,16,0,16,0.1189130877610296,True
outage_replay_fixed,10,edge1,intersection_13,False,16,0,16,0.00018020649440586567,True
outage_replay_fixed,10,edge2,intersection_14,False,16,0,16,0.059361340012401335,True
outage_replay_fixed,10,edge2,intersection_15,False,16,0,16,0.10796201508492231,True
outage_replay_fixed,10,edge2,intersection_16,False,16,0,16,0.059688170440495014,True
outage_replay_fixed,10,edge2,intersection_17,False,16,0,16,0.06001917319372296,True
outage_replay_fixed,10,edge2,intersection_18,False,16,0,16,0.05947358510456979,True
outage_replay_fixed,10,edge2,intersection_19,False,16,0,16,0.06003909441642463,True
outage_replay_fixed,10,edge2,intersection_20,False,16,0,16,0.058309777639806264,True
outage_replay_fixed,11,edge0,intersection_00,False,16,0,16,0.05549228121526539,True
outage_replay_fixed,11,edge0,intersection_01,False,16,0,16,0.05979556776583195,True
outage_replay_fixed,11,edge0,intersection_02,False,16,0,16,0.2368903944734484,True
outage_replay_fixed,11,edge0,intersection_03,False,16,0,16,0.19422649359330535,True
outage_replay_fixed,11,edge0,intersection_04,False,16,0,16,0.05922346538864076,True
outage_replay_fixed,11,edge0,intersection_05,False,16,0,16,0.08316379529424012,True
outage_replay_fixed,11,edge0,intersection_06,False,16,0,16,0.060255554271861904,True
outage_replay_fixed,11,edge1,intersection_07,False,16,0,16,0.056985965464264154,True
outage_replay_fixed,11,edge1,intersection_08,False,16,0,16,0.2392810198944062,True
outage_replay_fixed,11,edge1,intersection_09,False,16,0,16,0.10775023116730154,True
outage_replay_fixed,11,edge1,intersection_10,False,16,0,16,0.060378038790076964,True
outage_replay_fixed,11,edge1,intersection_11,False,16,0,16,0.06028389348648488,True
outage_replay_fixed,11,edge1,intersection_12,False,16,0,16,0.059670118615031235,True
outage_replay_fixed,11,edge1,intersection_13,False,16,0,16,0.11870098486542702,True
outage_replay_fixed,11,edge2,intersection_14,False,16,0,16,0.0002510084304958582,True
outage_replay_fixed,11,edge2,intersection_15,False,16,0,16,0.12830439303070307,True
outage_replay_fixed,11,edge2,intersection_16,False,16,0,16,0.15785873658023775,True
outage_replay_fixed,11,edge2,intersection_17,False,16,0,16,0.06025926512666046,True
outage_replay_fixed,11,edge2,intersection_18,False,16,0,16,0.12023065076209603,True
outage_replay_fixed,11,edge2,intersection_19,False,16,0,16,0.116946489084512,True
outage_replay_fixed,11,edge2,intersection_20,False,16,0,16,0.11549299443140626,True
outage_replay_fixed,12,edge0,intersection_00,False,16,0,16,0.106956347823143,True
outage_replay_fixed,12,edge0,intersection_01,False,16,0,16,0.2728113189805299,True
outage_replay_fixed,12,edge0,intersection_02,False,16,0,16,0.059336062520742416,True
outage_replay_fixed,12,edge0,intersection_03,False,16,0,16,0.105552562745288,True
outage_replay_fixed,12,edge0,intersection_04,False,16,0,16,0.17724959854967892,True
outage_replay_fixed,12,edge0,intersection_05,False,16,0,16,0.11896073166280985,True
outage_replay_fixed,12,edge0,intersection_06,False,16,0,16,0.11969414842315018,True
outage_replay_fixed,12,edge1,intersection_07,False,16,0,16,0.23530813329853117,True
outage_replay_fixed,12,edge1,intersection_08,False,16,0,16,0.11918628332205117,True
outage_replay_fixed,12,edge1,intersection_09,False,16,0,16,0.058780469466000795,True
outage_replay_fixed,12,edge1,intersection_10,False,16,0,16,0.00020918715745210648,True
outage_replay_fixed,12,edge1,intersection_11,False,16,0,16,0.026669462211430073,True
outage_replay_fixed,12,edge1,intersection_12,False,16,0,16,0.05974841630086303,True
outage_replay_fixed,12,edge1,intersection_13,False,16,0,16,0.05940813338384032,True
outage_replay_fixed,12,edge2,intersection_14,False,16,0,16,0.05997159145772457,True
outage_replay_fixed,12,edge2,intersection_15,False,16,0,16,0.00017629563808441162,True
outage_replay_fixed,12,edge2,intersection_16,False,16,0,16,0.059941059444099665,True
outage_replay_fixed,12,edge2,intersection_17,False,16,0,16,0.1193829937838018,True
outage_replay_fixed,12,edge2,intersection_18,False,16,0,16,0.2046888668555766,True
outage_replay_fixed,12,edge2,intersection_19,False,16,0,16,0.06009967206045985,True
outage_replay_fixed,12,edge2,intersection_20,False,16,0,16,0.17713358323089778,True
outage_replay_fixed,13,edge0,intersection_00,False,16,0,16,0.05904029426164925,True
outage_replay_fixed,13,edge0,intersection_01,False,16,0,16,0.05764894117601215,True
outage_replay_fixed,13,edge0,intersection_02,False,16,0,16,0.11777052190154791,True
outage_replay_fixed,13,edge0,intersection_03,False,16,0,16,0.17942382907494903,True
outage_replay_fixed,13,edge0,intersection_04,False,16,0,16,0.11862271907739341,True
outage_replay_fixed,13,edge0,intersection_05,False,16,0,16,0.09098307392559946,True
outage_replay_fixed,13,edge0,intersection_06,False,16,0,16,0.06022146739996969,True
outage_replay_fixed,13,edge1,intersection_07,False,16,0,16,0.10070062498562038,True
outage_replay_fixed,13,edge1,intersection_08,False,16,0,16,0.2379391707945615,True
outage_replay_fixed,13,edge1,intersection_09,False,16,0,16,0.00021493388339877129,True
outage_replay_fixed,13,edge1,intersection_10,False,16,0,16,0.07503817742690444,True
outage_replay_fixed,13,edge1,intersection_11,False,16,0,16,0.0049089265521615735,True
outage_replay_fixed,13,edge1,intersection_12,False,16,0,16,0.00023832428269088268,True
outage_replay_fixed,13,edge1,intersection_13,False,16,0,16,0.05940773570910096,True
outage_replay_fixed,13,edge2,intersection_14,False,16,0,16,0.11927154986187816,True
outage_replay_fixed,13,edge2,intersection_15,False,16,0,16,0.05829004594124853,True
outage_replay_fixed,13,edge2,intersection_16,False,16,0,16,0.0002667906228452921,True
outage_replay_fixed,13,edge2,intersection_17,False,16,0,16,0.19313910254277286,True
outage_replay_fixed,13,edge2,intersection_18,False,16,0,16,0.17881012451834977,True
outage_replay_fixed,13,edge2,intersection_19,False,16,0,16,0.043459531618282206,True
outage_replay_fixed,13,edge2,intersection_20,False,16,0,16,0.1271650104317814,True
outage_replay_fixed,14,edge0,intersection_00,False,16,0,16,0.23833127273246646,True
outage_replay_fixed,14,edge0,intersection_01,False,16,0,16,0.11966711888089776,True
outage_replay_fixed,14,edge0,intersection_02,False,16,0,16,0.004942041588947177,True
outage_replay_fixed,14,edge0,intersection_03,False,16,0,16,0.1771203053649515,True
outage_replay_fixed,14,edge0,intersection_04,False,16,0,16,0.00023669376969337463,True
outage_replay_fixed,14,edge0,intersection_05,False,16,0,16,0.11564092710614204,True
outage_replay_fixed,14,edge0,intersection_06,False,16,0,16,0.05806312756612897,True
outage_replay_fixed,14,edge1,intersection_07,False,16,0,16,0.05929485312663019,True
outage_replay_fixed,14,edge1,intersection_08,False,16,0,16,0.05882868287153543,True
outage_replay_fixed,14,edge1,intersection_09,False,16,0,16,0.012430105125531554,True
outage_replay_fixed,14,edge1,intersection_10,False,16,0,16,0.11725684627890587,True
outage_replay_fixed,14,edge1,intersection_11,False,16,0,16,0.02368898352142423,True
outage_replay_fixed,14,edge1,intersection_12,False,16,0,16,0.0004500983050093055,True
outage_replay_fixed,14,edge1,intersection_13,False,16,0,16,0.11811138829216361,True
outage_replay_fixed,14,edge2,intersection_14,False,16,0,16,0.2031625034287572,True
outage_replay_fixed,14,edge2,intersection_15,False,16,0,16,0.11890382831916213,True
outage_replay_fixed,14,edge2,intersection_16,False,16,0,16,0.23891503922641277,True
outage_replay_fixed,14,edge2,intersection_17,False,16,0,16,0.06020377506501972,True
outage_replay_fixed,14,edge2,intersection_18,False,16,0,16,0.059634950710460544,True
outage_replay_fixed,14,edge2,intersection_19,False,16,0,16,0.09009738522581756,True
outage_replay_fixed,14,edge2,intersection_20,False,16,0,16,0.23630209174007177,True
outage_replay_fixed,15,edge0,intersection_00,False,16,0,16,0.12847266742028296,True
outage_replay_fixed,15,edge0,intersection_01,False,16,0,16,0.18001755559816957,True
outage_replay_fixed,15,edge0,intersection_02,False,16,0,16,0.03494323999620974,True
outage_replay_fixed,15,edge0,intersection_03,False,16,0,16,0.11939949519000947,True
outage_replay_fixed,15,edge0,intersection_04,False,16,0,16,0.17662430251948535,True
outage_replay_fixed,15,edge0,intersection_05,False,16,0,16,0.00021153572015464306,True
outage_replay_fixed,15,edge0,intersection_06,False,16,0,16,0.06016839435324072,True
outage_replay_fixed,15,edge1,intersection_07,False,16,0,16,0.0003163679502904415,True
outage_replay_fixed,15,edge1,intersection_08,False,16,0,16,0.05975731345824897,True
outage_replay_fixed,15,edge1,intersection_09,False,16,0,16,0.021658765384927392,True
outage_replay_fixed,15,edge1,intersection_10,False,16,0,16,0.05893432395532727,True
outage_replay_fixed,15,edge1,intersection_11,False,16,0,16,0.16614977433346212,True
outage_replay_fixed,15,edge1,intersection_12,False,16,0,16,0.179229789879173,True
outage_replay_fixed,15,edge1,intersection_13,False,16,0,16,0.2391057552304119,True
outage_replay_fixed,15,edge2,intersection_14,False,16,0,16,0.1751440262887627,True
outage_replay_fixed,15,edge2,intersection_15,False,16,0,16,0.14565650979056954,True
outage_replay_fixed,15,edge2,intersection_16,False,16,0,16,0.00023754499852657318,True
outage_replay_fixed,15,edge2,intersection_17,False,16,0,16,0.2172663293313235,True
outage_replay_fixed,15,edge2,intersection_18,False,16,0,16,0.29369913460686803,True
outage_replay_fixed,15,edge2,intersection_19,False,16,0,16,0.05863575474359095,True
outage_replay_fixed,15,edge2,intersection_20,False,16,0,16,0.1588790868408978,True
outage_replay_fixed,16,edge0,intersection_00,False,16,0,16,0.08819937135558575,True
outage_replay_fixed,16,edge0,intersection_01,False,16,0,16,0.173080526990816,True
outage_replay_fixed,16,edge0,intersection_02,False,16,0,16,0.20946228178218007,True
outage_replay_fixed,16,edge0,intersection_03,False,16,0,16,0.023837456712499257,True
outage_replay_fixed,16,edge0,intersection_04,False,16,0,16,0.11881992476992309,True
outage_replay_fixed,16,edge0,intersection_05,False,16,0,16,0.35689417482353747,True
outage_replay_fixed,16,edge0,intersection_06,False,16,0,16,0.00020032422617077827,True
outage_replay_fixed,16,edge1,intersection_07,False,16,0,16,0.06018950720317661,True
outage_replay_fixed,16,edge1,intersection_08,False,16,0,16,0.00021264934912323952,True
outage_replay_fixed,16,edge1,intersection_09,False,16,0,16,0.00020823371596634388,True
outage_replay_fixed,16,edge1,intersection_10,False,16,0,16,0.05546662723645568,True
outage_replay_fixed,16,edge1,intersection_11,False,16,0,16,0.060298254247754805,True
outage_replay_fixed,16,edge1,intersection_12,False,16,0,16,0.015853722114115953,True
outage_replay_fixed,16,edge1,intersection_13,False,16,0,16,0.09680173778906465,True
outage_replay_fixed,16,edge2,intersection_14,False,16,0,16,0.05973742227070033,True
outage_replay_fixed,16,edge2,intersection_15,False,16,0,16,0.23751386534422636,True
outage_replay_fixed,16,edge2,intersection_16,False,16,0,16,0.23706512991338968,True
outage_replay_fixed,16,edge2,intersection_17,False,16,0,16,0.16778797307051718,True
outage_replay_fixed,16,edge2,intersection_18,False,16,0,16,0.00017536338418722153,True
outage_replay_fixed,16,edge2,intersection_19,False,16,0,16,0.058604727499187,True
outage_replay_fixed,16,edge2,intersection_20,False,16,0,16,0.058260611956939094,True
outage_replay_fixed,17,edge0,intersection_00,False,16,0,16,0.03817991865798831,True
outage_replay_fixed,17,edge0,intersection_01,False,16,0,16,0.1203036254737526,True
outage_replay_fixed,17,edge0,intersection_02,False,16,0,16,0.0002479841932654381,True
outage_replay_fixed,17,edge0,intersection_03,False,16,0,16,0.17921418673358858,True
outage_replay_fixed,17,edge0,intersection_04,False,16,0,16,0.06009525037370622,True
outage_replay_fixed,17,edge0,intersection_05,False,16,0,16,0.08366631506942211,True
outage_replay_fixed,17,edge0,intersection_06,False,16,0,16,0.05863005807623268,True
outage_replay_fixed,17,edge1,intersection_07,False,16,0,16,0.11808059643954039,True
outage_replay_fixed,17,edge1,intersection_08,False,16,0,16,0.00022373837418854237,True
outage_replay_fixed,17,edge1,intersection_09,False,16,0,16,0.0002042872365564108,True
outage_replay_fixed,17,edge1,intersection_10,False,16,0,16,0.0001828914973884821,True
outage_replay_fixed,17,edge1,intersection_11,False,16,0,16,0.2968719827476889,True
outage_replay_fixed,17,edge1,intersection_12,False,16,0,16,0.058908258099108934,True
outage_replay_fixed,17,edge1,intersection_13,False,16,0,16,0.1168599019292742,True
outage_replay_fixed,17,edge2,intersection_14,False,16,0,16,0.17917821719311178,True
outage_replay_fixed,17,edge2,intersection_15,False,16,0,16,0.05962799512781203,True
outage_replay_fixed,17,edge2,intersection_16,False,16,0,16,0.1781434188596904,True
outage_replay_fixed,17,edge2,intersection_17,False,16,0,16,0.26954559865407646,True
outage_replay_fixed,17,edge2,intersection_18,False,16,0,16,0.17799726640805602,True
outage_replay_fixed,17,edge2,intersection_19,False,16,0,16,0.1174568913411349,True
outage_replay_fixed,17,edge2,intersection_20,False,16,0,16,0.08600643486715853,True
outage_replay_fixed,18,edge0,intersection_00,False,16,0,16,0.06017128168605267,True
outage_replay_fixed,18,edge0,intersection_01,False,16,0,16,0.1183178685605526,True
outage_replay_fixed,18,edge0,intersection_02,False,16,0,16,0.06022753636352717,True
outage_replay_fixed,18,edge0,intersection_03,False,16,0,16,0.11793521465733647,True
outage_replay_fixed,18,edge0,intersection_04,False,16,0,16,0.1929293901193887,True
outage_replay_fixed,18,edge0,intersection_05,False,16,0,16,0.17812520149163902,True
outage_replay_fixed,18,edge0,intersection_06,False,16,0,16,0.11973158712498844,True
outage_replay_fixed,18,edge1,intersection_07,False,16,0,16,0.19813858391717076,True
outage_replay_fixed,18,edge1,intersection_08,False,16,0,16,0.1368564327713102,True
outage_replay_fixed,18,edge1,intersection_09,False,16,0,16,0.1787760122679174,True
outage_replay_fixed,18,edge1,intersection_10,False,16,0,16,0.178891075309366,True
outage_replay_fixed,18,edge1,intersection_11,False,16,0,16,0.11774677131325006,True
outage_replay_fixed,18,edge1,intersection_12,False,16,0,16,0.23627658328041434,True
outage_replay_fixed,18,edge1,intersection_13,False,16,0,16,0.13882854650728405,True
outage_replay_fixed,18,edge2,intersection_14,False,16,0,16,0.1748960972763598,True
outage_replay_fixed,18,edge2,intersection_15,False,16,0,16,0.00027973903343081474,True
outage_replay_fixed,18,edge2,intersection_16,False,16,0,16,0.11834963201545179,True
outage_replay_fixed,18,edge2,intersection_17,False,16,0,16,0.0001804728526622057,True
outage_replay_fixed,18,edge2,intersection_18,False,16,0,16,0.00022611301392316818,True
outage_replay_fixed,18,edge2,intersection_19,False,16,0,16,0.03381110564805567,True
outage_replay_fixed,18,edge2,intersection_20,False,16,0,16,0.007307959953323007,True
outage_replay_fixed,19,edge0,intersection_00,False,16,0,16,0.11539419577457011,True
outage_replay_fixed,19,edge0,intersection_01,False,16,0,16,0.00012559536844491959,True
outage_replay_fixed,19,edge0,intersection_02,False,16,0,16,0.00021444610320031643,True
outage_replay_fixed,19,edge0,intersection_03,False,16,0,16,0.03169171465560793,True
outage_replay_fixed,19,edge0,intersection_04,False,16,0,16,0.11758629069663584,True
outage_replay_fixed,19,edge0,intersection_05,False,16,0,16,0.00026280153542757034,True
outage_replay_fixed,19,edge0,intersection_06,False,16,0,16,0.06448312452994287,True
outage_replay_fixed,19,edge1,intersection_07,False,16,0,16,0.05934627330861985,True
outage_replay_fixed,19,edge1,intersection_08,False,16,0,16,0.06016556615941226,True
outage_replay_fixed,19,edge1,intersection_09,False,16,0,16,0.11887470190413295,True
outage_replay_fixed,19,edge1,intersection_10,False,16,0,16,0.00022700615227222443,True
outage_replay_fixed,19,edge1,intersection_11,False,16,0,16,0.0582955579739064,True
outage_replay_fixed,19,edge1,intersection_12,False,16,0,16,0.05985717289149761,True
outage_replay_fixed,19,edge1,intersection_13,False,16,0,16,0.11665321537293494,True
outage_replay_fixed,19,edge2,intersection_14,False,16,0,16,0.11914098681882024,True
outage_replay_fixed,19,edge2,intersection_15,False,16,0,16,0.00020966911688446999,True
outage_replay_fixed,19,edge2,intersection_16,False,16,0,16,0.06018596817739308,True
outage_replay_fixed,19,edge2,intersection_17,False,16,0,16,0.17441161500755697,True
outage_replay_fixed,19,edge2,intersection_18,False,16,0,16,0.06065004912670702,True
outage_replay_fixed,19,edge2,intersection_19,False,16,0,16,0.11764845321886241,True
outage_replay_fixed,19,edge2,intersection_20,False,16,0,16,0.17876724153757095,True
outage_replay_fixed,20,edge0,intersection_00,True,0,16,16,0.0,True
outage_replay_fixed,20,edge0,intersection_01,False,16,0,16,0.1139473533257842,True
outage_replay_fixed,20,edge0,intersection_02,False,16,0,16,0.060151272919029,True
outage_replay_fixed,20,edge0,intersection_03,False,16,0,16,0.0001577592920511961,True
outage_replay_fixed,20,edge0,intersection_04,False,16,0,16,0.0002072090283036232,True
outage_replay_fixed,20,edge0,intersection_05,False,16,0,16,0.10733425151556729,True
outage_replay_fixed,20,edge0,intersection_06,False,16,0,16,0.06026639370247721,True
outage_replay_fixed,20,edge1,intersection_07,False,16,0,16,0.11919378000311553,True
outage_replay_fixed,20,edge1,intersection_08,False,16,0,16,0.11011581588536501,True
outage_replay_fixed,20,edge1,intersection_09,False,16,0,16,0.07332703890278935,True
outage_replay_fixed,20,edge1,intersection_10,False,16,0,16,0.11878407187759876,True
outage_replay_fixed,20,edge1,intersection_11,False,16,0,16,0.17901102919131517,True
outage_replay_fixed,20,edge1,intersection_12,False,16,0,16,0.11862049996852875,True
outage_replay_fixed,20,edge1,intersection_13,False,16,0,16,0.13554426399059594,True
outage_replay_fixed,20,edge2,intersection_14,False,16,0,16,0.10311837424524128,True
outage_replay_fixed,20,edge2,intersection_15,False,16,0,16,0.06745760701596737,True
outage_replay_fixed,20,edge2,intersection_16,False,16,0,16,0.13971665943972766,True
outage_replay_fixed,20,edge2,intersection_17,False,16,0,16,0.17651308188214898,True
outage_replay_fixed,20,edge2,intersection_18,False,16,0,16,0.059354858938604586,True
outage_replay_fixed,20,edge2,intersection_19,False,16,0,16,0.1190089313313365,True
outage_replay_fixed,20,edge2,intersection_20,False,16,0,16,0.0005333301378414035,True
outage_replay_fixed,21,edge0,intersection_00,True,0,16,16,0.0,True
outage_replay_fixed,21,edge0,intersection_01,False,16,0,16,0.013993143336847425,True
outage_replay_fixed,21,edge0,intersection_02,False,16,0,16,0.179262213408947,True
outage_replay_fixed,21,edge0,intersection_03,False,16,0,16,0.01553439348936081,True
outage_replay_fixed,21,edge0,intersection_04,False,16,0,16,0.010261015035212038,True
outage_replay_fixed,21,edge0,intersection_05,False,16,0,16,0.11960415192879736,True
outage_replay_fixed,21,edge0,intersection_06,False,16,0,16,0.00021861516870558262,True
outage_replay_fixed,21,edge1,intersection_07,False,16,0,16,0.17221530969254673,True
outage_replay_fixed,21,edge1,intersection_08,False,16,0,16,0.1194447900634259,True
outage_replay_fixed,21,edge1,intersection_09,False,16,0,16,0.1197292204014957,True
outage_replay_fixed,21,edge1,intersection_10,False,16,0,16,0.12994335941039026,True
outage_replay_fixed,21,edge1,intersection_11,False,16,0,16,0.0601981021463871,True
outage_replay_fixed,21,edge1,intersection_12,False,16,0,16,0.12003561179153621,True
outage_replay_fixed,21,edge1,intersection_13,False,16,0,16,0.060239623300731175,True
outage_replay_fixed,21,edge2,intersection_14,False,16,0,16,0.0002473550848662853,True
outage_replay_fixed,21,edge2,intersection_15,False,16,0,16,0.00022126687690615654,True
outage_replay_fixed,21,edge2,intersection_16,False,16,0,16,0.14181106258183718,True
outage_replay_fixed,21,edge2,intersection_17,False,16,0,16,0.18025113316252825,True
outage_replay_fixed,21,edge2,intersection_18,False,16,0,16,0.059960777405649424,True
outage_replay_fixed,21,edge2,intersection_19,False,16,0,16,0.05968595296144485,True
outage_replay_fixed,21,edge2,intersection_20,False,16,0,16,0.29175318172201514,True
outage_replay_fixed,22,edge0,intersection_00,True,0,16,16,0.0,True
outage_replay_fixed,22,edge0,intersection_01,False,16,0,16,0.1178671782836318,True
outage_replay_fixed,22,edge0,intersection_02,False,16,0,16,0.09388562943786383,True
outage_replay_fixed,22,edge0,intersection_03,False,16,0,16,0.07615868235006928,True
outage_replay_fixed,22,edge0,intersection_04,False,16,0,16,0.17779805953614414,True
outage_replay_fixed,22,edge0,intersection_05,False,16,0,16,0.1761168099474162,True
outage_replay_fixed,22,edge0,intersection_06,False,16,0,16,0.22666518250480294,True
outage_replay_fixed,22,edge1,intersection_07,False,16,0,16,0.12007148656994104,True
outage_replay_fixed,22,edge1,intersection_08,False,16,0,16,0.05850678985007107,True
outage_replay_fixed,22,edge1,intersection_09,False,16,0,16,0.09549726312980056,True
outage_replay_fixed,22,edge1,intersection_10,False,16,0,16,0.0660779527388513,True
outage_replay_fixed,22,edge1,intersection_11,False,16,0,16,0.13666640245355666,True
outage_replay_fixed,22,edge1,intersection_12,False,16,0,16,0.16355685284361243,True
outage_replay_fixed,22,edge1,intersection_13,False,16,0,16,0.12653621495701373,True
outage_replay_fixed,22,edge2,intersection_14,False,16,0,16,0.1071837602648884,True
outage_replay_fixed,22,edge2,intersection_15,False,16,0,16,0.0002391489688307047,True
outage_replay_fixed,22,edge2,intersection_16,False,16,0,16,0.11826513451524079,True
outage_replay_fixed,22,edge2,intersection_17,False,16,0,16,0.0973945192527026,True
outage_replay_fixed,22,edge2,intersection_18,False,16,0,16,0.11859558033756912,True
outage_replay_fixed,22,edge2,intersection_19,False,16,0,16,0.09125094208866358,True
outage_replay_fixed,22,edge2,intersection_20,False,16,0,16,0.00022887950763106346,True
outage_replay_fixed,23,edge0,intersection_00,True,0,16,16,0.0,True
outage_replay_fixed,23,edge0,intersection_01,False,16,0,16,0.17819515382871032,True
outage_replay_fixed,23,edge0,intersection_02,False,16,0,16,0.1798744234256446,True
outage_replay_fixed,23,edge0,intersection_03,False,16,0,16,0.11877222429029644,True
outage_replay_fixed,23,edge0,intersection_04,False,16,0,16,0.11940063489601016,True
outage_replay_fixed,23,edge0,intersection_05,False,16,0,16,0.294364222092554,True
outage_replay_fixed,23,edge0,intersection_06,False,16,0,16,0.1184889378491789,True
outage_replay_fixed,23,edge1,intersection_07,False,16,0,16,0.11729573947377503,True
outage_replay_fixed,23,edge1,intersection_08,False,16,0,16,0.05826496775262058,True
outage_replay_fixed,23,edge1,intersection_09,False,16,0,16,0.0002012189943343401,True
outage_replay_fixed,23,edge1,intersection_10,False,16,0,16,0.11878017988055944,True
outage_replay_fixed,23,edge1,intersection_11,False,16,0,16,0.12978339102119207,True
outage_replay_fixed,23,edge1,intersection_12,False,16,0,16,0.05879818904213607,True
outage_replay_fixed,23,edge1,intersection_13,False,16,0,16,0.11900179157964885,True
outage_replay_fixed,23,edge2,intersection_14,False,16,0,16,0.11886944540310651,True
outage_replay_fixed,23,edge2,intersection_15,False,16,0,16,0.13211220921948552,True
outage_replay_fixed,23,edge2,intersection_16,False,16,0,16,0.00019523943774402142,True
outage_replay_fixed,23,edge2,intersection_17,False,16,0,16,0.117733997059986,True
outage_replay_fixed,23,edge2,intersection_18,False,16,0,16,0.06021381961181759,True
outage_replay_fixed,23,edge2,intersection_19,False,16,0,16,0.06026242207735776,True
outage_replay_fixed,23,edge2,intersection_20,False,16,0,16,0.11778898490592836,True
outage_replay_fixed,24,edge0,intersection_00,True,0,16,16,0.0,True
outage_replay_fixed,24,edge0,intersection_01,False,16,0,16,0.059543345822021365,True
outage_replay_fixed,24,edge0,intersection_02,False,16,0,16,0.11820419668219984,True
outage_replay_fixed,24,edge0,intersection_03,False,16,0,16,0.0002684295177459717,True
outage_replay_fixed,24,edge0,intersection_04,False,16,0,16,0.059911543037742376,True
outage_replay_fixed,24,edge0,intersection_05,False,16,0,16,0.07462195004336536,True
outage_replay_fixed,24,edge0,intersection_06,False,16,0,16,0.15349558414891362,True
outage_replay_fixed,24,edge1,intersection_07,False,16,0,16,0.13981501618400216,True
outage_replay_fixed,24,edge1,intersection_08,False,16,0,16,0.0598364204633981,True
outage_replay_fixed,24,edge1,intersection_09,False,16,0,16,0.10575208021327853,True
outage_replay_fixed,24,edge1,intersection_10,False,16,0,16,0.18558660917915404,True
outage_replay_fixed,24,edge1,intersection_11,False,16,0,16,0.05974721815437078,True
outage_replay_fixed,24,edge1,intersection_12,False,16,0,16,0.05996486893855035,True
outage_replay_fixed,24,edge1,intersection_13,False,16,0,16,0.05853021563962102,True
outage_replay_fixed,24,edge2,intersection_14,False,16,0,16,0.08810696913860738,True
outage_replay_fixed,24,edge2,intersection_15,False,16,0,16,0.11853105458430946,True
outage_replay_fixed,24,edge2,intersection_16,False,16,0,16,0.11936305556446314,True
outage_replay_fixed,24,edge2,intersection_17,False,16,0,16,0.17883073771372437,True
outage_replay_fixed,24,edge2,intersection_18,False,16,0,16,0.0002519951667636633,True
outage_replay_fixed,24,edge2,intersection_19,False,16,0,16,0.00011596828699111938,True
outage_replay_fixed,24,edge2,intersection_20,False,16,0,16,0.06021098443306982,True
outage_replay_fixed,25,edge0,intersection_00,True,0,16,16,0.0,True
outage_replay_fixed,25,edge0,intersection_01,False,16,0,16,0.07789966533891857,True
outage_replay_fixed,25,edge0,intersection_02,False,16,0,16,0.0599952230695635,True
outage_replay_fixed,25,edge0,intersection_03,False,16,0,16,0.05936411605216563,True
outage_replay_fixed,25,edge0,intersection_04,False,16,0,16,0.1385272890329361,True
outage_replay_fixed,25,edge0,intersection_05,False,16,0,16,0.00018855510279536247,True
outage_replay_fixed,25,edge0,intersection_06,False,16,0,16,0.11725035891868174,True
outage_replay_fixed,25,edge1,intersection_07,False,16,0,16,0.08440489950589836,True
outage_replay_fixed,25,edge1,intersection_08,False,16,0,16,0.060187249910086386,True
outage_replay_fixed,25,edge1,intersection_09,False,16,0,16,0.17759306821972132,True
outage_replay_fixed,25,edge1,intersection_10,False,16,0,16,0.12266407674178481,True
outage_replay_fixed,25,edge1,intersection_11,False,16,0,16,0.10610990854911506,True
outage_replay_fixed,25,edge1,intersection_12,False,16,0,16,0.11988732079043984,True
outage_replay_fixed,25,edge1,intersection_13,False,16,0,16,0.05981488223187626,True
outage_replay_fixed,25,edge2,intersection_14,False,16,0,16,0.16575088119134307,True
outage_replay_fixed,25,edge2,intersection_15,False,16,0,16,0.14736604667268693,True
outage_replay_fixed,25,edge2,intersection_16,False,16,0,16,0.06647331407293677,True
outage_replay_fixed,25,edge2,intersection_17,False,16,0,16,0.08616826031357049,True
outage_replay_fixed,25,edge2,intersection_18,False,16,0,16,0.11653779447078705,True
outage_replay_fixed,25,edge2,intersection_19,False,16,0,16,0.06993513111956418,True
outage_replay_fixed,25,edge2,intersection_20,False,16,0,16,0.05986959743313491,True
outage_replay_fixed,26,edge0,intersection_00,True,0,16,16,0.0,True
outage_replay_fixed,26,edge0,intersection_01,False,16,0,16,0.060176837025210254,True
outage_replay_fixed,26,edge0,intersection_02,False,16,0,16,0.03439932386390865,True
outage_replay_fixed,26,edge0,intersection_03,False,16,0,16,0.00017709308303892612,True
outage_replay_fixed,26,edge0,intersection_04,False,16,0,16,0.00023633777163922787,True
outage_replay_fixed,26,edge0,intersection_05,False,16,0,16,0.18025772017426786,True
outage_replay_fixed,26,edge0,intersection_06,False,16,0,16,0.057412097696214914,True
outage_replay_fixed,26,edge1,intersection_07,False,16,0,16,0.11129000224173069,True
outage_replay_fixed,26,edge1,intersection_08,False,16,0,16,0.04654526570811867,True
outage_replay_fixed,26,edge1,intersection_09,False,16,0,16,0.10021981061436236,True
outage_replay_fixed,26,edge1,intersection_10,False,16,0,16,0.11892955866642296,True
outage_replay_fixed,26,edge1,intersection_11,False,16,0,16,0.11894470895640552,True
outage_replay_fixed,26,edge1,intersection_12,False,16,0,16,0.17999340244568884,True
outage_replay_fixed,26,edge1,intersection_13,False,16,0,16,0.00024142954498529434,True
outage_replay_fixed,26,edge2,intersection_14,False,16,0,16,0.0001601658295840025,True
outage_replay_fixed,26,edge2,intersection_15,False,16,0,16,0.05803913529962301,True
outage_replay_fixed,26,edge2,intersection_16,False,16,0,16,0.17952801135834306,True
outage_replay_fixed,26,edge2,intersection_17,False,16,0,16,0.00019219121895730495,True
outage_replay_fixed,26,edge2,intersection_18,False,16,0,16,0.05835250276140869,True
outage_replay_fixed,26,edge2,intersection_19,False,16,0,16,0.037439394975081086,True
outage_replay_fixed,26,edge2,intersection_20,False,16,0,16,0.012681632302701473,True
outage_replay_fixed,27,edge0,intersection_00,True,0,16,16,0.0,True
outage_replay_fixed,27,edge0,intersection_01,False,16,0,16,0.17638010485097766,True
outage_replay_fixed,27,edge0,intersection_02,False,16,0,16,0.00024054362438619137,True
outage_replay_fixed,27,edge0,intersection_03,False,16,0,16,0.118580229813233,True
outage_replay_fixed,27,edge0,intersection_04,False,16,0,16,0.0001928582787513733,True
outage_replay_fixed,27,edge0,intersection_05,False,16,0,16,0.04344917717389763,True
outage_replay_fixed,27,edge0,intersection_06,False,16,0,16,0.0765950062777847,True
outage_replay_fixed,27,edge1,intersection_07,False,16,0,16,0.17913223593495786,True
outage_replay_fixed,27,edge1,intersection_08,False,16,0,16,0.05951071064919233,True
outage_replay_fixed,27,edge1,intersection_09,False,16,0,16,0.1761721617076546,True
outage_replay_fixed,27,edge1,intersection_10,False,16,0,16,0.14534315606579185,True
outage_replay_fixed,27,edge1,intersection_11,False,16,0,16,0.2392118009738624,True
outage_replay_fixed,27,edge1,intersection_12,False,16,0,16,0.0002066406887024641,True
outage_replay_fixed,27,edge1,intersection_13,False,16,0,16,0.00018981518223881721,True
outage_replay_fixed,27,edge2,intersection_14,False,16,0,16,0.060444228351116173,True
outage_replay_fixed,27,edge2,intersection_15,False,16,0,16,0.000292694428935647,True
outage_replay_fixed,27,edge2,intersection_16,False,16,0,16,0.1195022773463279,True
outage_replay_fixed,27,edge2,intersection_17,False,16,0,16,0.1192349239718169,True
outage_replay_fixed,27,edge2,intersection_18,False,16,0,16,0.11823819694109261,True
outage_replay_fixed,27,edge2,intersection_19,False,16,0,16,0.11888910410925746,True
outage_replay_fixed,27,edge2,intersection_20,False,16,0,16,0.17577242176048458,True
outage_replay_fixed,28,edge0,intersection_00,True,0,16,16,0.0,True
outage_replay_fixed,28,edge0,intersection_01,False,16,0,16,0.11862894892692566,True
outage_replay_fixed,28,edge0,intersection_02,False,16,0,16,0.061170648550614715,True
outage_replay_fixed,28,edge0,intersection_03,False,16,0,16,0.11928851483389735,True
outage_replay_fixed,28,edge0,intersection_04,False,16,0,16,0.21438764734193683,True
outage_replay_fixed,28,edge0,intersection_05,False,16,0,16,0.00020221667364239693,True
outage_replay_fixed,28,edge0,intersection_06,False,16,0,16,0.0404065593611449,True
outage_replay_fixed,28,edge1,intersection_07,False,16,0,16,0.1200525548774749,True
outage_replay_fixed,28,edge1,intersection_08,False,16,0,16,0.14471678342670202,True
outage_replay_fixed,28,edge1,intersection_09,False,16,0,16,0.11921890522353351,True
outage_replay_fixed,28,edge1,intersection_10,False,16,0,16,0.24629256292246282,True
outage_replay_fixed,28,edge1,intersection_11,False,16,0,16,0.23313908744603395,True
outage_replay_fixed,28,edge1,intersection_12,False,16,0,16,0.06038995063863694,True
outage_replay_fixed,28,edge1,intersection_13,False,16,0,16,0.00022324384190142155,True
outage_replay_fixed,28,edge2,intersection_14,False,16,0,16,0.0056691213976591825,True
outage_replay_fixed,28,edge2,intersection_15,False,16,0,16,0.2358345095999539,True
outage_replay_fixed,28,edge2,intersection_16,False,16,0,16,0.1794607474002987,True
outage_replay_fixed,28,edge2,intersection_17,False,16,0,16,0.0004674269584938884,True
outage_replay_fixed,28,edge2,intersection_18,False,16,0,16,0.05985259567387402,True
outage_replay_fixed,28,edge2,intersection_19,False,16,0,16,0.039917233400046825,True
outage_replay_fixed,28,edge2,intersection_20,False,16,0,16,0.013782532420009375,True
outage_replay_fixed,29,edge0,intersection_00,True,0,16,16,0.0,True
outage_replay_fixed,29,edge0,intersection_01,False,16,0,16,0.175917660119012,True
outage_replay_fixed,29,edge0,intersection_02,False,16,0,16,0.08207713696174324,True
outage_replay_fixed,29,edge0,intersection_03,False,16,0,16,0.00018900074064731598,True
outage_replay_fixed,29,edge0,intersection_04,False,16,0,16,0.05980824283324182,True
outage_replay_fixed,29,edge0,intersection_05,False,16,0,16,0.00019159680232405663,True
outage_replay_fixed,29,edge0,intersection_06,False,16,0,16,0.17898818175308406,True
outage_replay_fixed,29,edge1,intersection_07,False,16,0,16,0.11832629074342549,True
outage_replay_fixed,29,edge1,intersection_08,False,16,0,16,0.11990293907001615,True
outage_replay_fixed,29,edge1,intersection_09,False,16,0,16,0.00020414707250893116,True
outage_replay_fixed,29,edge1,intersection_10,False,16,0,16,0.17826725728809834,True
outage_replay_fixed,29,edge1,intersection_11,False,16,0,16,0.057417324744164944,True
outage_replay_fixed,29,edge1,intersection_12,False,16,0,16,0.05896730115637183,True
outage_replay_fixed,29,edge1,intersection_13,False,16,0,16,0.0001624769065529108,True
outage_replay_fixed,29,edge2,intersection_14,False,16,0,16,0.1171936730388552,True
outage_replay_fixed,29,edge2,intersection_15,False,16,0,16,0.12354653282091022,True
outage_replay_fixed,29,edge2,intersection_16,False,16,0,16,0.07216483820229769,True
outage_replay_fixed,29,edge2,intersection_17,False,16,0,16,0.23771752580069005,True
outage_replay_fixed,29,edge2,intersection_18,False,16,0,16,0.13192455051466823,True
outage_replay_fixed,29,edge2,intersection_19,False,16,0,16,0.11998053453862667,True
outage_replay_fixed,29,edge2,intersection_20,False,16,0,16,0.059373928932473057,True
outage_replay_fixed,30,edge0,intersection_00,True,0,16,16,0.0,True
outage_replay_fixed,30,edge0,intersection_01,False,16,0,16,0.17292150389403105,True
outage_replay_fixed,30,edge0,intersection_02,False,16,0,16,0.2364700878970325,True
outage_replay_fixed,30,edge0,intersection_03,False,16,0,16,0.05814120173454285,True
outage_replay_fixed,30,edge0,intersection_04,False,16,0,16,0.13758033025078475,True
outage_replay_fixed,30,edge0,intersection_05,False,16,0,16,0.00019500404596328735,True
outage_replay_fixed,30,edge0,intersection_06,False,16,0,16,0.056928614154458046,True
outage_replay_fixed,30,edge1,intersection_07,False,16,0,16,0.0001523829996585846,True
outage_replay_fixed,30,edge1,intersection_08,False,16,0,16,0.00021365215070545673,True
outage_replay_fixed,30,edge1,intersection_09,False,16,0,16,0.11853578826412559,True
outage_replay_fixed,30,edge1,intersection_10,False,16,0,16,0.05818360554985702,True
outage_replay_fixed,30,edge1,intersection_11,False,16,0,16,0.061559265945106745,True
outage_replay_fixed,30,edge1,intersection_12,False,16,0,16,0.02534572663716972,True
outage_replay_fixed,30,edge1,intersection_13,False,16,0,16,0.05969723500311375,True
outage_replay_fixed,30,edge2,intersection_14,False,16,0,16,0.11998032464180142,True
outage_replay_fixed,30,edge2,intersection_15,False,16,0,16,0.00018305890262126923,True
outage_replay_fixed,30,edge2,intersection_16,False,16,0,16,0.059918954269960516,True
outage_replay_fixed,30,edge2,intersection_17,False,16,0,16,0.11998558510094881,True
outage_replay_fixed,30,edge2,intersection_18,False,16,0,16,0.12428642809391022,True
outage_replay_fixed,30,edge2,intersection_19,False,16,0,16,0.1186838906724006,True
outage_replay_fixed,30,edge2,intersection_20,False,16,0,16,0.025751150446012616,True
outage_replay_fixed,31,edge0,intersection_00,True,0,16,16,0.0,True
outage_replay_fixed,31,edge0,intersection_01,False,16,0,16,0.11971268802881241,True
outage_replay_fixed,31,edge0,intersection_02,False,16,0,16,0.1163243029732257,True
outage_replay_fixed,31,edge0,intersection_03,False,16,0,16,0.00017555919475853443,True
outage_replay_fixed,31,edge0,intersection_04,False,16,0,16,0.05918912612833083,True
outage_replay_fixed,31,edge0,intersection_05,False,16,0,16,0.015847171191126108,True
outage_replay_fixed,31,edge0,intersection_06,False,16,0,16,0.17924030148424208,True
outage_replay_fixed,31,edge1,intersection_07,False,16,0,16,0.08995910524390638,True
outage_replay_fixed,31,edge1,intersection_08,False,16,0,16,0.021679318277165294,True
outage_replay_fixed,31,edge1,intersection_09,False,16,0,16,0.059014901984483004,True
outage_replay_fixed,31,edge1,intersection_10,False,16,0,16,0.17767112632282078,True
outage_replay_fixed,31,edge1,intersection_11,False,16,0,16,0.11990218725986779,True
outage_replay_fixed,31,edge1,intersection_12,False,16,0,16,0.00020652217790484428,True
outage_replay_fixed,31,edge1,intersection_13,False,16,0,16,0.17639618646353483,True
outage_replay_fixed,31,edge2,intersection_14,False,16,0,16,0.05976605275645852,True
outage_replay_fixed,31,edge2,intersection_15,False,16,0,16,0.17842941102571785,True
outage_replay_fixed,31,edge2,intersection_16,False,16,0,16,0.11830565962009133,True
outage_replay_fixed,31,edge2,intersection_17,False,16,0,16,0.05576241831295192,True
outage_replay_fixed,31,edge2,intersection_18,False,16,0,16,0.178954373113811,True
outage_replay_fixed,31,edge2,intersection_19,False,16,0,16,0.05760687100701035,True
outage_replay_fixed,31,edge2,intersection_20,False,16,0,16,0.12684496492147446,True
outage_replay_fixed,32,edge0,intersection_00,True,0,16,16,0.0,True
outage_replay_fixed,32,edge0,intersection_01,False,16,0,16,0.05984127335250378,True
outage_replay_fixed,32,edge0,intersection_02,False,16,0,16,0.1194899941328913,True
outage_replay_fixed,32,edge0,intersection_03,False,16,0,16,0.10701402905397117,True
outage_replay_fixed,32,edge0,intersection_04,False,16,0,16,0.0001711975783109665,True
outage_replay_fixed,32,edge0,intersection_05,False,16,0,16,0.06293339584954082,True
outage_replay_fixed,32,edge0,intersection_06,False,16,0,16,0.1301132079679519,True
outage_replay_fixed,32,edge1,intersection_07,False,16,0,16,0.018283526180312034,True
outage_replay_fixed,32,edge1,intersection_08,False,16,0,16,0.059212409192696214,True
outage_replay_fixed,32,edge1,intersection_09,False,16,0,16,0.17835533851757646,True
outage_replay_fixed,32,edge1,intersection_10,False,16,0,16,0.12025641067884861,True
outage_replay_fixed,32,edge1,intersection_11,False,16,0,16,0.060150414472445846,True
outage_replay_fixed,32,edge1,intersection_12,False,16,0,16,0.1894145687110722,True
outage_replay_fixed,32,edge1,intersection_13,False,16,0,16,0.008785190060734749,True
outage_replay_fixed,32,edge2,intersection_14,False,16,0,16,0.12396399909630418,True
outage_replay_fixed,32,edge2,intersection_15,False,16,0,16,0.22064845520071685,True
outage_replay_fixed,32,edge2,intersection_16,False,16,0,16,0.29690403095446527,True
outage_replay_fixed,32,edge2,intersection_17,False,16,0,16,0.11912385816685855,True
outage_replay_fixed,32,edge2,intersection_18,False,16,0,16,0.059465623926371336,True
outage_replay_fixed,32,edge2,intersection_19,False,16,0,16,0.0601925931405276,True
outage_replay_fixed,32,edge2,intersection_20,False,16,0,16,0.0004676883108913898,True
outage_replay_fixed,33,edge0,intersection_00,True,0,16,16,0.0,True
outage_replay_fixed,33,edge0,intersection_01,False,16,0,16,0.0002130416687577963,True
outage_replay_fixed,33,edge0,intersection_02,False,16,0,16,0.08367562363855541,True
outage_replay_fixed,33,edge0,intersection_03,False,16,0,16,0.060162372188642614,True
outage_replay_fixed,33,edge0,intersection_04,False,16,0,16,0.18060662457719445,True
outage_replay_fixed,33,edge0,intersection_05,False,16,0,16,0.06021868670359253,True
outage_replay_fixed,33,edge0,intersection_06,False,16,0,16,0.06020648381672799,True
outage_replay_fixed,33,edge1,intersection_07,False,16,0,16,0.060275027062743895,True
outage_replay_fixed,33,edge1,intersection_08,False,16,0,16,0.2948213736526668,True
outage_replay_fixed,33,edge1,intersection_09,False,16,0,16,0.2989034953061491,True
outage_replay_fixed,33,edge1,intersection_10,False,16,0,16,0.11972078937105834,True
outage_replay_fixed,33,edge1,intersection_11,False,16,0,16,0.1185236107558012,True
outage_replay_fixed,33,edge1,intersection_12,False,16,0,16,0.12676024436950684,True
outage_replay_fixed,33,edge1,intersection_13,False,16,0,16,0.04313713568262755,True
outage_replay_fixed,33,edge2,intersection_14,False,16,0,16,0.16391497908625752,True
outage_replay_fixed,33,edge2,intersection_15,False,16,0,16,0.059645706322044134,True
outage_replay_fixed,33,edge2,intersection_16,False,16,0,16,0.11949526984244585,True
outage_replay_fixed,33,edge2,intersection_17,False,16,0,16,0.08391509158536792,True
outage_replay_fixed,33,edge2,intersection_18,False,16,0,16,0.05129654938355088,True
outage_replay_fixed,33,edge2,intersection_19,False,16,0,16,0.07041966821998358,True
outage_replay_fixed,33,edge2,intersection_20,False,16,0,16,0.05977747472934425,True
outage_replay_fixed,34,edge0,intersection_00,True,0,16,16,0.0,True
outage_replay_fixed,34,edge0,intersection_01,False,16,0,16,0.11919004295486955,True
outage_replay_fixed,34,edge0,intersection_02,False,16,0,16,0.04422915540635586,True
outage_replay_fixed,34,edge0,intersection_03,False,16,0,16,0.11985199246555567,True
outage_replay_fixed,34,edge0,intersection_04,False,16,0,16,0.1170916142873466,True
outage_replay_fixed,34,edge0,intersection_05,False,16,0,16,0.05676047969609499,True
outage_replay_fixed,34,edge0,intersection_06,False,16,0,16,0.11545439064502716,True
outage_replay_fixed,34,edge1,intersection_07,False,16,0,16,0.17714796448126435,True
outage_replay_fixed,34,edge1,intersection_08,False,16,0,16,0.0001828370150178671,True
outage_replay_fixed,34,edge1,intersection_09,False,16,0,16,0.29685163777321577,True
outage_replay_fixed,34,edge1,intersection_10,False,16,0,16,0.05916284280829132,True
outage_replay_fixed,34,edge1,intersection_11,False,16,0,16,0.00018465379253029823,True
outage_replay_fixed,34,edge1,intersection_12,False,16,0,16,0.27197908144444227,True
outage_replay_fixed,34,edge1,intersection_13,False,16,0,16,0.0782313016243279,True
outage_replay_fixed,34,edge2,intersection_14,False,16,0,16,0.0002049705944955349,True
outage_replay_fixed,34,edge2,intersection_15,False,16,0,16,0.17550471727736294,True
outage_replay_fixed,34,edge2,intersection_16,False,16,0,16,0.08751341071911156,True
outage_replay_fixed,34,edge2,intersection_17,False,16,0,16,0.11665271571837366,True
outage_replay_fixed,34,edge2,intersection_18,False,16,0,16,0.0877422399353236,True
outage_replay_fixed,34,edge2,intersection_19,False,16,0,16,0.05988437123596668,True
outage_replay_fixed,34,edge2,intersection_20,False,16,0,16,0.023967142449691888,True
outage_replay_fixed,35,edge0,intersection_00,True,0,16,16,0.0,True
outage_replay_fixed,35,edge0,intersection_01,False,16,0,16,0.17188649880699813,True
outage_replay_fixed,35,edge0,intersection_02,False,16,0,16,0.03247709944844246,True
outage_replay_fixed,35,edge0,intersection_03,False,16,0,16,0.05746316746808588,True
outage_replay_fixed,35,edge0,intersection_04,False,16,0,16,0.17706157476641238,True
outage_replay_fixed,35,edge0,intersection_05,False,16,0,16,0.059130335925146944,True
outage_replay_fixed,35,edge0,intersection_06,False,16,0,16,0.0002576347906142473,True
outage_replay_fixed,35,edge1,intersection_07,False,16,0,16,0.05875046527944506,True
outage_replay_fixed,35,edge1,intersection_08,False,16,0,16,0.025720932986587286,True
outage_replay_fixed,35,edge1,intersection_09,False,16,0,16,0.05743490741588175,True
outage_replay_fixed,35,edge1,intersection_10,False,16,0,16,0.05955409025773406,True
outage_replay_fixed,35,edge1,intersection_11,False,16,0,16,0.00017120083793997765,True
outage_replay_fixed,35,edge1,intersection_12,False,16,0,16,0.00017452193424105644,True
outage_replay_fixed,35,edge1,intersection_13,False,16,0,16,0.08163798390887678,True
outage_replay_fixed,35,edge2,intersection_14,False,16,0,16,0.05711858160793782,True
outage_replay_fixed,35,edge2,intersection_15,False,16,0,16,0.000376235693693161,True
outage_replay_fixed,35,edge2,intersection_16,False,16,0,16,0.2416683176998049,True
outage_replay_fixed,35,edge2,intersection_17,False,16,0,16,0.058224640553817146,True
outage_replay_fixed,35,edge2,intersection_18,False,16,0,16,0.11791549110785127,True
outage_replay_fixed,35,edge2,intersection_19,False,16,0,16,0.10126499994657934,True
outage_replay_fixed,35,edge2,intersection_20,False,16,0,16,0.1273552521597594,True
outage_replay_fixed,36,edge0,intersection_00,True,0,16,16,0.0,True
outage_replay_fixed,36,edge0,intersection_01,False,16,0,16,0.15938528580591083,True
outage_replay_fixed,36,edge0,intersection_02,False,16,0,16,0.11820810404606164,True
outage_replay_fixed,36,edge0,intersection_03,False,16,0,16,0.21168476808816195,True
outage_replay_fixed,36,edge0,intersection_04,False,16,0,16,0.11892281146720052,True
outage_replay_fixed,36,edge0,intersection_05,False,16,0,16,0.058330430882051594,True
outage_replay_fixed,36,edge0,intersection_06,False,16,0,16,0.05906771961599588,True
outage_replay_fixed,36,edge1,intersection_07,False,16,0,16,0.00021850131452083588,True
outage_replay_fixed,36,edge1,intersection_08,False,16,0,16,0.17792617320083082,True
outage_replay_fixed,36,edge1,intersection_09,False,16,0,16,0.11147200758568943,True
outage_replay_fixed,36,edge1,intersection_10,False,16,0,16,0.1721732197329402,True
outage_replay_fixed,36,edge1,intersection_11,False,16,0,16,0.23682180838659406,True
outage_replay_fixed,36,edge1,intersection_12,False,16,0,16,0.17852775333449244,True
outage_replay_fixed,36,edge1,intersection_13,False,16,0,16,0.17181582259945571,True
outage_replay_fixed,36,edge2,intersection_14,False,16,0,16,0.005675275577232241,True
outage_replay_fixed,36,edge2,intersection_15,False,16,0,16,0.2279378492385149,True
outage_replay_fixed,36,edge2,intersection_16,False,16,0,16,0.05901424842886627,True
outage_replay_fixed,36,edge2,intersection_17,False,16,0,16,0.00021873833611607552,True
outage_replay_fixed,36,edge2,intersection_18,False,16,0,16,0.15186018566600978,True
outage_replay_fixed,36,edge2,intersection_19,False,16,0,16,0.11750495992600918,True
outage_replay_fixed,36,edge2,intersection_20,False,16,0,16,0.11909048375673592,True
outage_replay_fixed,37,edge0,intersection_00,True,0,16,16,0.0,True
outage_replay_fixed,37,edge0,intersection_01,False,16,0,16,0.11979262041859329,True
outage_replay_fixed,37,edge0,intersection_02,False,16,0,16,0.11984260496683419,True
outage_replay_fixed,37,edge0,intersection_03,False,16,0,16,0.20418133400380611,True
outage_replay_fixed,37,edge0,intersection_04,False,16,0,16,0.23683711630292237,True
outage_replay_fixed,37,edge0,intersection_05,False,16,0,16,0.060202448628842824,True
outage_replay_fixed,37,edge0,intersection_06,False,16,0,16,0.028875292511656877,True
outage_replay_fixed,37,edge1,intersection_07,False,16,0,16,0.172147820238024,True
outage_replay_fixed,37,edge1,intersection_08,False,16,0,16,0.00027158460579812527,True
outage_replay_fixed,37,edge1,intersection_09,False,16,0,16,0.17592633282765746,True
outage_replay_fixed,37,edge1,intersection_10,False,16,0,16,0.17771649942733347,True
outage_replay_fixed,37,edge1,intersection_11,False,16,0,16,0.05802324740216136,True
outage_replay_fixed,37,edge1,intersection_12,False,16,0,16,0.060210364172235124,True
outage_replay_fixed,37,edge1,intersection_13,False,16,0,16,0.12564746593125165,True
outage_replay_fixed,37,edge2,intersection_14,False,16,0,16,0.05862087151035666,True
outage_replay_fixed,37,edge2,intersection_15,False,16,0,16,0.15485313953831792,True
outage_replay_fixed,37,edge2,intersection_16,False,16,0,16,0.1205800415482372,True
outage_replay_fixed,37,edge2,intersection_17,False,16,0,16,0.238583653466776,True
outage_replay_fixed,37,edge2,intersection_18,False,16,0,16,0.010882770409807563,True
outage_replay_fixed,37,edge2,intersection_19,False,16,0,16,0.1136771528981626,True
outage_replay_fixed,37,edge2,intersection_20,False,16,0,16,0.11913871578872204,True
outage_replay_fixed,38,edge0,intersection_00,True,0,16,16,0.0,True
outage_replay_fixed,38,edge0,intersection_01,False,16,0,16,0.17743467446416616,True
outage_replay_fixed,38,edge0,intersection_02,False,16,0,16,0.00024358066730201244,True
outage_replay_fixed,38,edge0,intersection_03,False,16,0,16,0.060166468843817704,True
outage_replay_fixed,38,edge0,intersection_04,False,16,0,16,0.0002310506533831358,True
outage_replay_fixed,38,edge0,intersection_05,False,16,0,16,0.04189193970523774,True
outage_replay_fixed,38,edge0,intersection_06,False,16,0,16,0.2379561709240079,True
outage_replay_fixed,38,edge1,intersection_07,False,16,0,16,0.0002613638062030077,True
outage_replay_fixed,38,edge1,intersection_08,False,16,0,16,0.05974468495696783,True
outage_replay_fixed,38,edge1,intersection_09,False,16,0,16,0.05904911528341472,True
outage_replay_fixed,38,edge1,intersection_10,False,16,0,16,0.0002966478932648897,True
outage_replay_fixed,38,edge1,intersection_11,False,16,0,16,0.08134192414581776,True
outage_replay_fixed,38,edge1,intersection_12,False,16,0,16,0.11843024380505085,True
outage_replay_fixed,38,edge1,intersection_13,False,16,0,16,0.00019799638539552689,True
outage_replay_fixed,38,edge2,intersection_14,False,16,0,16,0.00016070622950792313,True
outage_replay_fixed,38,edge2,intersection_15,False,16,0,16,0.11893108254298568,True
outage_replay_fixed,38,edge2,intersection_16,False,16,0,16,0.11969586834311485,True
outage_replay_fixed,38,edge2,intersection_17,False,16,0,16,0.11805153312161563,True
outage_replay_fixed,38,edge2,intersection_18,False,16,0,16,0.01631670235656202,True
outage_replay_fixed,38,edge2,intersection_19,False,16,0,16,0.11988748423755169,True
outage_replay_fixed,38,edge2,intersection_20,False,16,0,16,0.11915290844626725,True
outage_replay_fixed,39,edge0,intersection_00,True,0,16,16,0.0,True
outage_replay_fixed,39,edge0,intersection_01,False,16,0,16,0.11885156389325857,True
outage_replay_fixed,39,edge0,intersection_02,False,16,0,16,0.23758368170820177,True
outage_replay_fixed,39,edge0,intersection_03,False,16,0,16,0.06018071435391903,True
outage_replay_fixed,39,edge0,intersection_04,False,16,0,16,0.11240751901641487,True
outage_replay_fixed,39,edge0,intersection_05,False,16,0,16,0.1794492430053651,True
outage_replay_fixed,39,edge0,intersection_06,False,16,0,16,0.17665084451436994,True
outage_replay_fixed,39,edge1,intersection_07,False,16,0,16,0.059550041100010276,True
outage_replay_fixed,39,edge1,intersection_08,False,16,0,16,0.05972345359623432,True
outage_replay_fixed,39,edge1,intersection_09,False,16,0,16,0.0002287738025188446,True
outage_replay_fixed,39,edge1,intersection_10,False,16,0,16,0.05987610598094762,True
outage_replay_fixed,39,edge1,intersection_11,False,16,0,16,0.05993239779490977,True
outage_replay_fixed,39,edge1,intersection_12,False,16,0,16,0.11137811630032957,True
outage_replay_fixed,39,edge1,intersection_13,False,16,0,16,0.04694739310070873,True
outage_replay_fixed,39,edge2,intersection_14,False,16,0,16,0.1791128977201879,True
outage_replay_fixed,39,edge2,intersection_15,False,16,0,16,0.11992049682885408,True
outage_replay_fixed,39,edge2,intersection_16,False,16,0,16,0.07680201926268637,True
outage_replay_fixed,39,edge2,intersection_17,False,16,0,16,0.09967178269289434,True
outage_replay_fixed,39,edge2,intersection_18,False,16,0,16,0.00017129117622971535,True
outage_replay_fixed,39,edge2,intersection_19,False,16,0,16,0.1779171002563089,True
outage_replay_fixed,39,edge2,intersection_20,False,16,0,16,0.04805833310820162,True
outage_replay_fixed,40,edge0,intersection_00,True,0,16,16,0.0,True
outage_replay_fixed,40,edge0,intersection_01,False,16,0,16,0.17564865318126976,True
outage_replay_fixed,40,edge0,intersection_02,False,16,0,16,0.060162785230204456,True
outage_replay_fixed,40,edge0,intersection_03,False,16,0,16,0.05901130521669984,True
outage_replay_fixed,40,edge0,intersection_04,False,16,0,16,0.060287255328148597,True
outage_replay_fixed,40,edge0,intersection_05,False,16,0,16,0.10829090769402683,True
outage_replay_fixed,40,edge0,intersection_06,False,16,0,16,0.057992105139419436,True
outage_replay_fixed,40,edge1,intersection_07,False,16,0,16,0.06023101625032722,True
outage_replay_fixed,40,edge1,intersection_08,False,16,0,16,0.017581650987267494,True
outage_replay_fixed,40,edge1,intersection_09,False,16,0,16,0.17854433949105442,True
outage_replay_fixed,40,edge1,intersection_10,False,16,0,16,0.0704329120926559,True
outage_replay_fixed,40,edge1,intersection_11,False,16,0,16,0.17848605127073824,True
outage_replay_fixed,40,edge1,intersection_12,False,16,0,16,0.05923446663655341,True
outage_replay_fixed,40,edge1,intersection_13,False,16,0,16,0.06025768863037228,True
outage_replay_fixed,40,edge2,intersection_14,False,16,0,16,0.11948287882842124,True
outage_replay_fixed,40,edge2,intersection_15,False,16,0,16,0.2830708345863968,True
outage_replay_fixed,40,edge2,intersection_16,False,16,0,16,0.1182278252672404,True
outage_replay_fixed,40,edge2,intersection_17,False,16,0,16,0.00019093905575573444,True
outage_replay_fixed,40,edge2,intersection_18,False,16,0,16,0.17681518429890275,True
outage_replay_fixed,40,edge2,intersection_19,False,16,0,16,0.0600334566552192,True
outage_replay_fixed,40,edge2,intersection_20,False,16,0,16,0.00016925204545259476,True
outage_replay_fixed,41,edge0,intersection_00,True,0,16,16,0.0,True
outage_replay_fixed,41,edge0,intersection_01,False,16,0,16,0.11994754476472735,True
outage_replay_fixed,41,edge0,intersection_02,False,16,0,16,0.1196235716342926,True
outage_replay_fixed,41,edge0,intersection_03,False,16,0,16,0.16274286969564855,True
outage_replay_fixed,41,edge0,intersection_04,False,16,0,16,0.0002764756791293621,True
outage_replay_fixed,41,edge0,intersection_05,False,16,0,16,0.14194671087898314,True
outage_replay_fixed,41,edge0,intersection_06,False,16,0,16,0.11681960779242216,True
outage_replay_fixed,41,edge1,intersection_07,False,16,0,16,0.29735558293759823,True
outage_replay_fixed,41,edge1,intersection_08,False,16,0,16,0.00030056387186050415,True
outage_replay_fixed,41,edge1,intersection_09,False,16,0,16,0.12043846002779901,True
outage_replay_fixed,41,edge1,intersection_10,False,16,0,16,0.1789593887515366,True
outage_replay_fixed,41,edge1,intersection_11,False,16,0,16,0.1189048879314214,True
outage_replay_fixed,41,edge1,intersection_12,False,16,0,16,0.08143889205530286,True
outage_replay_fixed,41,edge1,intersection_13,False,16,0,16,0.10831962735392153,True
outage_replay_fixed,41,edge2,intersection_14,False,16,0,16,0.0002189544029533863,True
outage_replay_fixed,41,edge2,intersection_15,False,16,0,16,0.07894783304072917,True
outage_replay_fixed,41,edge2,intersection_16,False,16,0,16,0.02084352052770555,True
outage_replay_fixed,41,edge2,intersection_17,False,16,0,16,0.11938356445170939,True
outage_replay_fixed,41,edge2,intersection_18,False,16,0,16,0.060833527706563466,True
outage_replay_fixed,41,edge2,intersection_19,False,16,0,16,0.11930468608625233,True
outage_replay_fixed,41,edge2,intersection_20,False,16,0,16,0.05848198290914297,True
outage_replay_fixed,42,edge0,intersection_00,True,0,16,16,0.0,True
outage_replay_fixed,42,edge0,intersection_01,False,16,0,16,0.12529593193903565,True
outage_replay_fixed,42,edge0,intersection_02,False,16,0,16,0.1576186257880181,True
outage_replay_fixed,42,edge0,intersection_03,False,16,0,16,0.1195845364127308,True
outage_replay_fixed,42,edge0,intersection_04,False,16,0,16,0.06020641210488975,True
outage_replay_fixed,42,edge0,intersection_05,False,16,0,16,0.1505830662790686,True
outage_replay_fixed,42,edge0,intersection_06,False,16,0,16,0.00023305020295083523,True
outage_replay_fixed,42,edge1,intersection_07,False,16,0,16,0.059734238078817725,True
outage_replay_fixed,42,edge1,intersection_08,False,16,0,16,0.06016847793944179,True
outage_replay_fixed,42,edge1,intersection_09,False,16,0,16,0.06022281432524323,True
outage_replay_fixed,42,edge1,intersection_10,False,16,0,16,0.11974847526289523,True
outage_replay_fixed,42,edge1,intersection_11,False,16,0,16,0.11809766991063952,True
outage_replay_fixed,42,edge1,intersection_12,False,16,0,16,0.17903571110218763,True
outage_replay_fixed,42,edge1,intersection_13,False,16,0,16,0.1959779909811914,True
outage_replay_fixed,42,edge2,intersection_14,False,16,0,16,0.07165251555852592,True
outage_replay_fixed,42,edge2,intersection_15,False,16,0,16,0.13052372145466506,True
outage_replay_fixed,42,edge2,intersection_16,False,16,0,16,0.11587389116175473,True
outage_replay_fixed,42,edge2,intersection_17,False,16,0,16,0.13097444991581142,True
outage_replay_fixed,42,edge2,intersection_18,False,16,0,16,0.054650734877213836,True
outage_replay_fixed,42,edge2,intersection_19,False,16,0,16,0.12778394971974194,True
outage_replay_fixed,42,edge2,intersection_20,False,16,0,16,0.00021000509150326252,True
outage_replay_fixed,43,edge0,intersection_00,True,0,16,16,0.0,True
outage_replay_fixed,43,edge0,intersection_01,False,16,0,16,0.11292610340751708,True
outage_replay_fixed,43,edge0,intersection_02,False,16,0,16,0.05944488174282014,True
outage_replay_fixed,43,edge0,intersection_03,False,16,0,16,0.05828206450678409,True
outage_replay_fixed,43,edge0,intersection_04,False,16,0,16,0.0005967977922409773,True
outage_replay_fixed,43,edge0,intersection_05,False,16,0,16,0.06633496517315507,True
outage_replay_fixed,43,edge0,intersection_06,False,16,0,16,0.00023254984989762306,True
outage_replay_fixed,43,edge1,intersection_07,False,16,0,16,0.11798322899267076,True
outage_replay_fixed,43,edge1,intersection_08,False,16,0,16,0.060245872475206845,True
outage_replay_fixed,43,edge1,intersection_09,False,16,0,16,0.06022217590361833,True
outage_replay_fixed,43,edge1,intersection_10,False,16,0,16,0.08220310206525028,True
outage_replay_fixed,43,edge1,intersection_11,False,16,0,16,0.11614405456930399,True
outage_replay_fixed,43,edge1,intersection_12,False,16,0,16,0.05402742582373321,True
outage_replay_fixed,43,edge1,intersection_13,False,16,0,16,0.1788353982847184,True
outage_replay_fixed,43,edge2,intersection_14,False,16,0,16,0.00017617875710129738,True
outage_replay_fixed,43,edge2,intersection_15,False,16,0,16,0.00019931746646761894,True
outage_replay_fixed,43,edge2,intersection_16,False,16,0,16,0.0001698413398116827,True
outage_replay_fixed,43,edge2,intersection_17,False,16,0,16,0.12861012015491724,True
outage_replay_fixed,43,edge2,intersection_18,False,16,0,16,0.17802022490650415,True
outage_replay_fixed,43,edge2,intersection_19,False,16,0,16,0.17793685873039067,True
outage_replay_fixed,43,edge2,intersection_20,False,16,0,16,0.05827173101715743,True
outage_replay_fixed,44,edge0,intersection_00,True,0,16,16,0.0,True
outage_replay_fixed,44,edge0,intersection_01,False,16,0,16,0.059021629858762026,True
outage_replay_fixed,44,edge0,intersection_02,False,16,0,16,0.17836804152466357,True
outage_replay_fixed,44,edge0,intersection_03,False,16,0,16,0.05819168570451438,True
outage_replay_fixed,44,edge0,intersection_04,False,16,0,16,0.0634530228562653,True
outage_replay_fixed,44,edge0,intersection_05,False,16,0,16,0.0002168810460716486,True
outage_replay_fixed,44,edge0,intersection_06,False,16,0,16,0.08334124716930091,True
outage_replay_fixed,44,edge1,intersection_07,False,16,0,16,0.00023629935458302498,True
outage_replay_fixed,44,edge1,intersection_08,False,16,0,16,0.1535608891863376,True
outage_replay_fixed,44,edge1,intersection_09,False,16,0,16,0.02272312552668154,True
outage_replay_fixed,44,edge1,intersection_10,False,16,0,16,0.11893262411467731,True
outage_replay_fixed,44,edge1,intersection_11,False,16,0,16,0.07146266172640026,True
outage_replay_fixed,44,edge1,intersection_12,False,16,0,16,0.11561885080300272,True
outage_replay_fixed,44,edge1,intersection_13,False,16,0,16,0.14432599302381277,True
outage_replay_fixed,44,edge2,intersection_14,False,16,0,16,0.05963572999462485,True
outage_replay_fixed,44,edge2,intersection_15,False,16,0,16,0.00018528173677623272,True
outage_replay_fixed,44,edge2,intersection_16,False,16,0,16,0.05923512321896851,True
outage_replay_fixed,44,edge2,intersection_17,False,16,0,16,0.030865473905578256,True
outage_replay_fixed,44,edge2,intersection_18,False,16,0,16,0.11811036569997668,True
outage_replay_fixed,44,edge2,intersection_19,False,16,0,16,0.11928060790523887,True
outage_replay_fixed,44,edge2,intersection_20,False,16,0,16,0.17826284118928015,True
outage_replay_fixed,45,edge0,intersection_00,True,0,16,16,0.0,True
outage_replay_fixed,45,edge0,intersection_01,False,16,0,16,0.058418532367795706,True
outage_replay_fixed,45,edge0,intersection_02,False,16,0,16,0.11903837276622652,True
outage_replay_fixed,45,edge0,intersection_03,False,16,0,16,0.060263007879257195,True
outage_replay_fixed,45,edge0,intersection_04,False,16,0,16,0.10368901840411125,True
outage_replay_fixed,45,edge0,intersection_05,False,16,0,16,0.10852579819038509,True
outage_replay_fixed,45,edge0,intersection_06,False,16,0,16,0.0019706939347088333,True
outage_replay_fixed,45,edge1,intersection_07,False,16,0,16,0.06305396091192961,True
outage_replay_fixed,45,edge1,intersection_08,False,16,0,16,0.057854009792208665,True
outage_replay_fixed,45,edge1,intersection_09,False,16,0,16,0.034104753751307726,True
outage_replay_fixed,45,edge1,intersection_10,False,16,0,16,0.00022365874610841274,True
outage_replay_fixed,45,edge1,intersection_11,False,16,0,16,0.17617561179213226,True
outage_replay_fixed,45,edge1,intersection_12,False,16,0,16,0.05969582754187285,True
outage_replay_fixed,45,edge1,intersection_13,False,16,0,16,0.15700773079879582,True
outage_replay_fixed,45,edge2,intersection_14,False,16,0,16,0.11681072250939906,True
outage_replay_fixed,45,edge2,intersection_15,False,16,0,16,0.022831866750493646,True
outage_replay_fixed,45,edge2,intersection_16,False,16,0,16,0.10433345125056803,True
outage_replay_fixed,45,edge2,intersection_17,False,16,0,16,0.016754559706896544,True
outage_replay_fixed,45,edge2,intersection_18,False,16,0,16,0.0002635577693581581,True
outage_replay_fixed,45,edge2,intersection_19,False,16,0,16,0.06024729693308472,True
outage_replay_fixed,45,edge2,intersection_20,False,16,0,16,0.09857930685393511,True
outage_replay_fixed,46,edge0,intersection_00,True,0,16,16,0.0,True
outage_replay_fixed,46,edge0,intersection_01,False,16,0,16,0.11738470080308616,True
outage_replay_fixed,46,edge0,intersection_02,False,16,0,16,0.12026764173060654,True
outage_replay_fixed,46,edge0,intersection_03,False,16,0,16,0.1194527451880276,True
outage_replay_fixed,46,edge0,intersection_04,False,16,0,16,0.05999294389039278,True
outage_replay_fixed,46,edge0,intersection_05,False,16,0,16,0.11649869591929018,True
outage_replay_fixed,46,edge0,intersection_06,False,16,0,16,0.05773166241124273,True
outage_replay_fixed,46,edge1,intersection_07,False,16,0,16,0.1320369045715779,True
outage_replay_fixed,46,edge1,intersection_08,False,16,0,16,0.045215588295832276,True
outage_replay_fixed,46,edge1,intersection_09,False,16,0,16,0.1050883224233985,True
outage_replay_fixed,46,edge1,intersection_10,False,16,0,16,0.00020990078337490559,True
outage_replay_fixed,46,edge1,intersection_11,False,16,0,16,0.17537234374321997,True
outage_replay_fixed,46,edge1,intersection_12,False,16,0,16,0.057727486127987504,True
outage_replay_fixed,46,edge1,intersection_13,False,16,0,16,0.15756651596166193,True
outage_replay_fixed,46,edge2,intersection_14,False,16,0,16,0.11905682575888932,True
outage_replay_fixed,46,edge2,intersection_15,False,16,0,16,0.00021986314095556736,True
outage_replay_fixed,46,edge2,intersection_16,False,16,0,16,0.11849620519205928,True
outage_replay_fixed,46,edge2,intersection_17,False,16,0,16,0.05861425166949629,True
outage_replay_fixed,46,edge2,intersection_18,False,16,0,16,0.05895058228634298,True
outage_replay_fixed,46,edge2,intersection_19,False,16,0,16,0.09433900727890432,True
outage_replay_fixed,46,edge2,intersection_20,False,16,0,16,0.06769494968466461,True
outage_replay_fixed,47,edge0,intersection_00,True,0,16,16,0.0,True
outage_replay_fixed,47,edge0,intersection_01,False,16,0,16,0.17856867657974362,True
outage_replay_fixed,47,edge0,intersection_02,False,16,0,16,0.1784747764468193,True
outage_replay_fixed,47,edge0,intersection_03,False,16,0,16,0.16616989625617862,True
outage_replay_fixed,47,edge0,intersection_04,False,16,0,16,0.1639288265723735,True
outage_replay_fixed,47,edge0,intersection_05,False,16,0,16,0.11933435453101993,True
outage_replay_fixed,47,edge0,intersection_06,False,16,0,16,0.027815395267680287,True
outage_replay_fixed,47,edge1,intersection_07,False,16,0,16,0.05901503679342568,True
outage_replay_fixed,47,edge1,intersection_08,False,16,0,16,0.06023640744388103,True
outage_replay_fixed,47,edge1,intersection_09,False,16,0,16,0.055599917424842715,True
outage_replay_fixed,47,edge1,intersection_10,False,16,0,16,0.1778649822808802,True
outage_replay_fixed,47,edge1,intersection_11,False,16,0,16,0.17720245942473412,True
outage_replay_fixed,47,edge1,intersection_12,False,16,0,16,0.00036096246913075447,True
outage_replay_fixed,47,edge1,intersection_13,False,16,0,16,0.0272941398434341,True
outage_replay_fixed,47,edge2,intersection_14,False,16,0,16,0.17843537195585668,True
outage_replay_fixed,47,edge2,intersection_15,False,16,0,16,0.1783313909545541,True
outage_replay_fixed,47,edge2,intersection_16,False,16,0,16,0.059297524159774184,True
outage_replay_fixed,47,edge2,intersection_17,False,16,0,16,0.17257594200782478,True
outage_replay_fixed,47,edge2,intersection_18,False,16,0,16,0.0002570666838437319,True
outage_replay_fixed,47,edge2,intersection_19,False,16,0,16,0.058501331601291895,True
outage_replay_fixed,47,edge2,intersection_20,False,16,0,16,0.11912904167547822,True
outage_replay_fixed,48,edge0,intersection_00,True,0,16,16,0.0,True
outage_replay_fixed,48,edge0,intersection_01,False,16,0,16,0.1793094603344798,True
outage_replay_fixed,48,edge0,intersection_02,False,16,0,16,0.18369686929509044,True
outage_replay_fixed,48,edge0,intersection_03,False,16,0,16,0.05870684841647744,True
outage_replay_fixed,48,edge0,intersection_04,False,16,0,16,0.11749276146292685,True
outage_replay_fixed,48,edge0,intersection_05,False,16,0,16,0.09116474189795554,True
outage_replay_fixed,48,edge0,intersection_06,False,16,0,16,0.05995902558788657,True
outage_replay_fixed,48,edge1,intersection_07,False,16,0,16,0.00021529756486415863,True
outage_replay_fixed,48,edge1,intersection_08,False,16,0,16,0.0002266131341457367,True
outage_replay_fixed,48,edge1,intersection_09,False,16,0,16,0.05946372612379491,True
outage_replay_fixed,48,edge1,intersection_10,False,16,0,16,0.06024714582599699,True
outage_replay_fixed,48,edge1,intersection_11,False,16,0,16,0.059562153881415725,True
outage_replay_fixed,48,edge1,intersection_12,False,16,0,16,0.06059342704247683,True
outage_replay_fixed,48,edge1,intersection_13,False,16,0,16,0.2044603351969272,True
outage_replay_fixed,48,edge2,intersection_14,False,16,0,16,0.06317142280749977,True
outage_replay_fixed,48,edge2,intersection_15,False,16,0,16,0.11801062943413854,True
outage_replay_fixed,48,edge2,intersection_16,False,16,0,16,0.00022891955450177193,True
outage_replay_fixed,48,edge2,intersection_17,False,16,0,16,0.29885253217071295,True
outage_replay_fixed,48,edge2,intersection_18,False,16,0,16,0.06020616530440747,True
outage_replay_fixed,48,edge2,intersection_19,False,16,0,16,0.2978740609250963,True
outage_replay_fixed,48,edge2,intersection_20,False,16,0,16,0.00025692745111882687,True
outage_replay_fixed,49,edge0,intersection_00,True,0,16,16,0.0,True
outage_replay_fixed,49,edge0,intersection_01,False,16,0,16,0.05345835816115141,True
outage_replay_fixed,49,edge0,intersection_02,False,16,0,16,0.00020399619825184345,True
outage_replay_fixed,49,edge0,intersection_03,False,16,0,16,0.05860708025284111,True
outage_replay_fixed,49,edge0,intersection_04,False,16,0,16,0.0007240171544253825,True
outage_replay_fixed,49,edge0,intersection_05,False,16,0,16,0.0602429669816047,True
outage_replay_fixed,49,edge0,intersection_06,False,16,0,16,0.06013979762792587,True
outage_replay_fixed,49,edge1,intersection_07,False,16,0,16,0.11992362258024514,True
outage_replay_fixed,49,edge1,intersection_08,False,16,0,16,0.05924010020680726,True
outage_replay_fixed,49,edge1,intersection_09,False,16,0,16,0.11785020399838686,True
outage_replay_fixed,49,edge1,intersection_10,False,16,0,16,0.05959587311372161,True
outage_replay_fixed,49,edge1,intersection_11,False,16,0,16,0.060767954913899296,True
outage_replay_fixed,49,edge1,intersection_12,False,16,0,16,0.04199887881986796,True
outage_replay_fixed,49,edge1,intersection_13,False,16,0,16,0.05913979606702924,True
outage_replay_fixed,49,edge2,intersection_14,False,16,0,16,0.2959814101923257,True
outage_replay_fixed,49,edge2,intersection_15,False,16,0,16,0.22533689835108817,True
outage_replay_fixed,49,edge2,intersection_16,False,16,0,16,0.0599025092087686,True
outage_replay_fixed,49,edge2,intersection_17,False,16,0,16,0.0001675731036812067,True
outage_replay_fixed,49,edge2,intersection_18,False,16,0,16,0.11829911568202078,True
outage_replay_fixed,49,edge2,intersection_19,False,16,0,16,0.13869142276234922,True
outage_replay_fixed,49,edge2,intersection_20,False,16,0,16,0.06082000280730426,True
outage_replay_fixed,50,edge0,intersection_00,True,0,16,16,0.0,True
outage_replay_fixed,50,edge0,intersection_01,False,16,0,16,0.11799791711382568,True
outage_replay_fixed,50,edge0,intersection_02,False,16,0,16,0.17791187926195562,True
outage_replay_fixed,50,edge0,intersection_03,False,16,0,16,0.11596786673180759,True
outage_replay_fixed,50,edge0,intersection_04,False,16,0,16,0.07067892700433731,True
outage_replay_fixed,50,edge0,intersection_05,False,16,0,16,0.05934576224535704,True
outage_replay_fixed,50,edge0,intersection_06,False,16,0,16,0.00021465332247316837,True
outage_replay_fixed,50,edge1,intersection_07,False,16,0,16,0.09735313034616411,True
outage_replay_fixed,50,edge1,intersection_08,False,16,0,16,0.1194138799328357,True
outage_replay_fixed,50,edge1,intersection_09,False,16,0,16,0.11840535642113537,True
outage_replay_fixed,50,edge1,intersection_10,False,16,0,16,0.00020820926874876022,True
outage_replay_fixed,50,edge1,intersection_11,False,16,0,16,0.12436356209218502,True
outage_replay_fixed,50,edge1,intersection_12,False,16,0,16,0.06018591695465147,True
outage_replay_fixed,50,edge1,intersection_13,False,16,0,16,0.23732577939517796,True
outage_replay_fixed,50,edge2,intersection_14,False,16,0,16,0.11791317071765661,True
outage_replay_fixed,50,edge2,intersection_15,False,16,0,16,0.15170822571963072,True
outage_replay_fixed,50,edge2,intersection_16,False,16,0,16,0.15364985540509224,True
outage_replay_fixed,50,edge2,intersection_17,False,16,0,16,0.09323048149235547,True
outage_replay_fixed,50,edge2,intersection_18,False,16,0,16,0.09986376110464334,True
outage_replay_fixed,50,edge2,intersection_19,False,16,0,16,0.1183401569724083,True
outage_replay_fixed,50,edge2,intersection_20,False,16,0,16,0.0017051422037184238,True
outage_replay_fixed,51,edge0,intersection_00,True,0,16,16,0.0,True
outage_replay_fixed,51,edge0,intersection_01,False,16,0,16,0.06026644865050911,True
outage_replay_fixed,51,edge0,intersection_02,False,16,0,16,0.058664904441684484,True
outage_replay_fixed,51,edge0,intersection_03,False,16,0,16,0.11338075576350092,True
outage_replay_fixed,51,edge0,intersection_04,False,16,0,16,0.11952421441674232,True
outage_replay_fixed,51,edge0,intersection_05,False,16,0,16,0.17769168689846992,True
outage_replay_fixed,51,edge0,intersection_06,False,16,0,16,0.0002296364400535822,True
outage_replay_fixed,51,edge1,intersection_07,False,16,0,16,0.059335392317734666,True
outage_replay_fixed,51,edge1,intersection_08,False,16,0,16,0.18361534061841667,True
outage_replay_fixed,51,edge1,intersection_09,False,16,0,16,0.23351962817832828,True
outage_replay_fixed,51,edge1,intersection_10,False,16,0,16,0.11881611309945583,True
outage_replay_fixed,51,edge1,intersection_11,False,16,0,16,0.0597786728758365,True
outage_replay_fixed,51,edge1,intersection_12,False,16,0,16,0.06852053641341627,True
outage_replay_fixed,51,edge1,intersection_13,False,16,0,16,0.07595593505539,True
outage_replay_fixed,51,edge2,intersection_14,False,16,0,16,0.177265610313043,True
outage_replay_fixed,51,edge2,intersection_15,False,16,0,16,0.15888982661999762,True
outage_replay_fixed,51,edge2,intersection_16,False,16,0,16,0.17484041955322027,True
outage_replay_fixed,51,edge2,intersection_17,False,16,0,16,0.022087871097028255,True
outage_replay_fixed,51,edge2,intersection_18,False,16,0,16,0.1178319442551583,True
outage_replay_fixed,51,edge2,intersection_19,False,16,0,16,0.12012501060962676,True
outage_replay_fixed,51,edge2,intersection_20,False,16,0,16,0.1269211731851101,True
outage_replay_fixed,52,edge0,intersection_00,True,0,16,16,0.0,True
outage_replay_fixed,52,edge0,intersection_01,False,16,0,16,0.0002458703238517046,True
outage_replay_fixed,52,edge0,intersection_02,False,16,0,16,0.1499627053271979,True
outage_replay_fixed,52,edge0,intersection_03,False,16,0,16,0.23504324164241552,True
outage_replay_fixed,52,edge0,intersection_04,False,16,0,16,0.042520675575360656,True
outage_replay_fixed,52,edge0,intersection_05,False,16,0,16,0.060247202403843396,True
outage_replay_fixed,52,edge0,intersection_06,False,16,0,16,0.00016160192899405954,True
outage_replay_fixed,52,edge1,intersection_07,False,16,0,16,0.11613437533378601,True
outage_replay_fixed,52,edge1,intersection_08,False,16,0,16,0.05343720503151417,True
outage_replay_fixed,52,edge1,intersection_09,False,16,0,16,0.1307918259408325,True
outage_replay_fixed,52,edge1,intersection_10,False,16,0,16,0.05946884350851178,True
outage_replay_fixed,52,edge1,intersection_11,False,16,0,16,0.00022253324277698994,True
outage_replay_fixed,52,edge1,intersection_12,False,16,0,16,0.17724541830830276,True
outage_replay_fixed,52,edge1,intersection_13,False,16,0,16,0.0596691365353763,True
outage_replay_fixed,52,edge2,intersection_14,False,16,0,16,0.13086482789367437,True
outage_replay_fixed,52,edge2,intersection_15,False,16,0,16,0.058944569434970624,True
outage_replay_fixed,52,edge2,intersection_16,False,16,0,16,0.00029151467606425285,True
outage_replay_fixed,52,edge2,intersection_17,False,16,0,16,0.00019161798991262913,True
outage_replay_fixed,52,edge2,intersection_18,False,16,0,16,0.17854210874065757,True
outage_replay_fixed,52,edge2,intersection_19,False,16,0,16,0.1233702483586967,True
outage_replay_fixed,52,edge2,intersection_20,False,16,0,16,0.11872984375804663,True
outage_replay_fixed,53,edge0,intersection_00,True,0,16,16,0.0,True
outage_replay_fixed,53,edge0,intersection_01,False,16,0,16,0.11921404441818595,True
outage_replay_fixed,53,edge0,intersection_02,False,16,0,16,0.2319212844595313,True
outage_replay_fixed,53,edge0,intersection_03,False,16,0,16,0.060026212595403194,True
outage_replay_fixed,53,edge0,intersection_04,False,16,0,16,0.17733885231427848,True
outage_replay_fixed,53,edge0,intersection_05,False,16,0,16,0.05853851046413183,True
outage_replay_fixed,53,edge0,intersection_06,False,16,0,16,0.054852888220921166,True
outage_replay_fixed,53,edge1,intersection_07,False,16,0,16,0.05975973163731396,True
outage_replay_fixed,53,edge1,intersection_08,False,16,0,16,0.05822043376974761,True
outage_replay_fixed,53,edge1,intersection_09,False,16,0,16,0.05972969392314553,True
outage_replay_fixed,53,edge1,intersection_10,False,16,0,16,0.0003018248826265335,True
outage_replay_fixed,53,edge1,intersection_11,False,16,0,16,0.05993294180370867,True
outage_replay_fixed,53,edge1,intersection_12,False,16,0,16,0.0895252525806427,True
outage_replay_fixed,53,edge1,intersection_13,False,16,0,16,0.06010618014261126,True
outage_replay_fixed,53,edge2,intersection_14,False,16,0,16,0.11895878030918539,True
outage_replay_fixed,53,edge2,intersection_15,False,16,0,16,0.06002064375206828,True
outage_replay_fixed,53,edge2,intersection_16,False,16,0,16,0.15727197658270597,True
outage_replay_fixed,53,edge2,intersection_17,False,16,0,16,0.2969177651684731,True
outage_replay_fixed,53,edge2,intersection_18,False,16,0,16,0.00020652101375162601,True
outage_replay_fixed,53,edge2,intersection_19,False,16,0,16,0.29601335199549794,True
outage_replay_fixed,53,edge2,intersection_20,False,16,0,16,0.17277182987891138,True
outage_replay_fixed,54,edge0,intersection_00,True,0,16,16,0.0,True
outage_replay_fixed,54,edge0,intersection_01,False,16,0,16,0.17823219089768827,True
outage_replay_fixed,54,edge0,intersection_02,False,16,0,16,0.06023155851289629,True
outage_replay_fixed,54,edge0,intersection_03,False,16,0,16,0.17901439336128533,True
outage_replay_fixed,54,edge0,intersection_04,False,16,0,16,0.059892176417633884,True
outage_replay_fixed,54,edge0,intersection_05,False,16,0,16,0.11920682131312788,True
outage_replay_fixed,54,edge0,intersection_06,False,16,0,16,0.18706593778915703,True
outage_replay_fixed,54,edge1,intersection_07,False,16,0,16,0.17670546495355666,True
outage_replay_fixed,54,edge1,intersection_08,False,16,0,16,0.1782874846830964,True
outage_replay_fixed,54,edge1,intersection_09,False,16,0,16,0.01859717862680554,True
outage_replay_fixed,54,edge1,intersection_10,False,16,0,16,0.2630463328678161,True
outage_replay_fixed,54,edge1,intersection_11,False,16,0,16,0.1192541616037488,True
outage_replay_fixed,54,edge1,intersection_12,False,16,0,16,0.09288535290397704,True
outage_replay_fixed,54,edge1,intersection_13,False,16,0,16,0.058147651609033346,True
outage_replay_fixed,54,edge2,intersection_14,False,16,0,16,0.03710328321903944,True
outage_replay_fixed,54,edge2,intersection_15,False,16,0,16,0.11583634419366717,True
outage_replay_fixed,54,edge2,intersection_16,False,16,0,16,0.11912180366925895,True
outage_replay_fixed,54,edge2,intersection_17,False,16,0,16,0.0002036653459072113,True
outage_replay_fixed,54,edge2,intersection_18,False,16,0,16,0.10339969419874251,True
outage_replay_fixed,54,edge2,intersection_19,False,16,0,16,0.15050209360197186,True
outage_replay_fixed,54,edge2,intersection_20,False,16,0,16,0.1180785468313843,True
outage_replay_fixed,55,edge0,intersection_00,True,0,16,16,0.0,True
outage_replay_fixed,55,edge0,intersection_01,False,16,0,16,0.059929566690698266,True
outage_replay_fixed,55,edge0,intersection_02,False,16,0,16,0.00023759226314723492,True
outage_replay_fixed,55,edge0,intersection_03,False,16,0,16,0.00016247713938355446,True
outage_replay_fixed,55,edge0,intersection_04,False,16,0,16,0.05927129276096821,True
outage_replay_fixed,55,edge0,intersection_05,False,16,0,16,0.059381043538451195,True
outage_replay_fixed,55,edge0,intersection_06,False,16,0,16,0.058333691209554665,True
outage_replay_fixed,55,edge1,intersection_07,False,16,0,16,0.08499586884863675,True
outage_replay_fixed,55,edge1,intersection_08,False,16,0,16,0.1194865652360022,True
outage_replay_fixed,55,edge1,intersection_09,False,16,0,16,0.1195654645562172,True
outage_replay_fixed,55,edge1,intersection_10,False,16,0,16,0.06000799883622677,True
outage_replay_fixed,55,edge1,intersection_11,False,16,0,16,0.06019477127119898,True
outage_replay_fixed,55,edge1,intersection_12,False,16,0,16,0.17960081924684346,True
outage_replay_fixed,55,edge1,intersection_13,False,16,0,16,0.10709294793196023,True
outage_replay_fixed,55,edge2,intersection_14,False,16,0,16,0.2359371541533619,True
outage_replay_fixed,55,edge2,intersection_15,False,16,0,16,0.024851789232343432,True
outage_replay_fixed,55,edge2,intersection_16,False,16,0,16,0.18722382513806224,True
outage_replay_fixed,55,edge2,intersection_17,False,16,0,16,0.1612234904896468,True
outage_replay_fixed,55,edge2,intersection_18,False,16,0,16,0.1181899409275502,True
outage_replay_fixed,55,edge2,intersection_19,False,16,0,16,0.23210123484022915,True
outage_replay_fixed,55,edge2,intersection_20,False,16,0,16,0.17839307291433215,True
outage_replay_fixed,56,edge0,intersection_00,True,0,16,16,0.0,True
outage_replay_fixed,56,edge0,intersection_01,False,16,0,16,0.19321431405842304,True
outage_replay_fixed,56,edge0,intersection_02,False,16,0,16,0.05969885969534516,True
outage_replay_fixed,56,edge0,intersection_03,False,16,0,16,0.11894329870119691,True
outage_replay_fixed,56,edge0,intersection_04,False,16,0,16,0.0002176179550588131,True
outage_replay_fixed,56,edge0,intersection_05,False,16,0,16,0.17884675320237875,True
outage_replay_fixed,56,edge0,intersection_06,False,16,0,16,0.1172603212762624,True
outage_replay_fixed,56,edge1,intersection_07,False,16,0,16,0.00020800414495170116,True
outage_replay_fixed,56,edge1,intersection_08,False,16,0,16,0.25874977582134306,True
outage_replay_fixed,56,edge1,intersection_09,False,16,0,16,0.11945590190589427,True
outage_replay_fixed,56,edge1,intersection_10,False,16,0,16,0.08417464676313102,True
outage_replay_fixed,56,edge1,intersection_11,False,16,0,16,0.11988936807028949,True
outage_replay_fixed,56,edge1,intersection_12,False,16,0,16,0.07112589478492737,True
outage_replay_fixed,56,edge1,intersection_13,False,16,0,16,0.10908950539305806,True
outage_replay_fixed,56,edge2,intersection_14,False,16,0,16,0.11740228463895619,True
outage_replay_fixed,56,edge2,intersection_15,False,16,0,16,0.1177728462498635,True
outage_replay_fixed,56,edge2,intersection_16,False,16,0,16,0.05807543313130737,True
outage_replay_fixed,56,edge2,intersection_17,False,16,0,16,0.0698113648686558,True
outage_replay_fixed,56,edge2,intersection_18,False,16,0,16,0.057424074038863175,True
outage_replay_fixed,56,edge2,intersection_19,False,16,0,16,0.007555805612355471,True
outage_replay_fixed,56,edge2,intersection_20,False,16,0,16,0.12047674006316811,True
outage_replay_fixed,57,edge0,intersection_00,True,0,16,16,0.0,True
outage_replay_fixed,57,edge0,intersection_01,False,16,0,16,0.03723307023756206,True
outage_replay_fixed,57,edge0,intersection_02,False,16,0,16,0.17765723052434623,True
outage_replay_fixed,57,edge0,intersection_03,False,16,0,16,0.00022542336955666542,True
outage_replay_fixed,57,edge0,intersection_04,False,16,0,16,0.11982165067456663,True
outage_replay_fixed,57,edge0,intersection_05,False,16,0,16,0.2390182949602604,True
outage_replay_fixed,57,edge0,intersection_06,False,16,0,16,0.017388622043654323,True
outage_replay_fixed,57,edge1,intersection_07,False,16,0,16,0.05891352007165551,True
outage_replay_fixed,57,edge1,intersection_08,False,16,0,16,0.20407436089590192,True
outage_replay_fixed,57,edge1,intersection_09,False,16,0,16,0.17866832367144525,True
outage_replay_fixed,57,edge1,intersection_10,False,16,0,16,0.11803163983859122,True
outage_replay_fixed,57,edge1,intersection_11,False,16,0,16,0.014247172512114048,True
outage_replay_fixed,57,edge1,intersection_12,False,16,0,16,0.22448084992356598,True
outage_replay_fixed,57,edge1,intersection_13,False,16,0,16,0.11971961706876753,True
outage_replay_fixed,57,edge2,intersection_14,False,16,0,16,0.05927682190667838,True
outage_replay_fixed,57,edge2,intersection_15,False,16,0,16,0.08318315399810672,True
outage_replay_fixed,57,edge2,intersection_16,False,16,0,16,0.06021775561384856,True
outage_replay_fixed,57,edge2,intersection_17,False,16,0,16,0.06021599052473902,True
outage_replay_fixed,57,edge2,intersection_18,False,16,0,16,0.060232998104766004,True
outage_replay_fixed,57,edge2,intersection_19,False,16,0,16,0.11905245226807892,True
outage_replay_fixed,57,edge2,intersection_20,False,16,0,16,0.00025573885068297386,True
outage_replay_fixed,58,edge0,intersection_00,True,0,16,16,0.0,True
outage_replay_fixed,58,edge0,intersection_01,False,16,0,16,0.0007197723025456071,True
outage_replay_fixed,58,edge0,intersection_02,False,16,0,16,0.05963173625059425,True
outage_replay_fixed,58,edge0,intersection_03,False,16,0,16,0.060121306451037526,True
outage_replay_fixed,58,edge0,intersection_04,False,16,0,16,0.13106921850703657,True
outage_replay_fixed,58,edge0,intersection_05,False,16,0,16,0.047110493993386626,True
outage_replay_fixed,58,edge0,intersection_06,False,16,0,16,0.11832777480594812,True
outage_replay_fixed,58,edge1,intersection_07,False,16,0,16,0.08502605883404613,True
outage_replay_fixed,58,edge1,intersection_08,False,16,0,16,0.20556176058016717,True
outage_replay_fixed,58,edge1,intersection_09,False,16,0,16,0.15998906758613884,True
outage_replay_fixed,58,edge1,intersection_10,False,16,0,16,0.11982300621457398,True
outage_replay_fixed,58,edge1,intersection_11,False,16,0,16,0.17748361942358315,True
outage_replay_fixed,58,edge1,intersection_12,False,16,0,16,0.0002201420720666647,True
outage_replay_fixed,58,edge1,intersection_13,False,16,0,16,0.149827073328197,True
outage_replay_fixed,58,edge2,intersection_14,False,16,0,16,0.06029468309134244,True
outage_replay_fixed,58,edge2,intersection_15,False,16,0,16,0.06010411493480206,True
outage_replay_fixed,58,edge2,intersection_16,False,16,0,16,0.00026440853253006935,True
outage_replay_fixed,58,edge2,intersection_17,False,16,0,16,0.2369328779168427,True
outage_replay_fixed,58,edge2,intersection_18,False,16,0,16,0.059895813232287765,True
outage_replay_fixed,58,edge2,intersection_19,False,16,0,16,0.11903323279693721,True
outage_replay_fixed,58,edge2,intersection_20,False,16,0,16,0.18024975014850494,True
outage_replay_fixed,59,edge0,intersection_00,True,0,16,16,0.0,True
outage_replay_fixed,59,edge0,intersection_01,False,16,0,16,0.17681059474125504,True
outage_replay_fixed,59,edge0,intersection_02,False,16,0,16,0.059762947028502815,True
outage_replay_fixed,59,edge0,intersection_03,False,16,0,16,0.00019582943059504032,True
outage_replay_fixed,59,edge0,intersection_04,False,16,0,16,0.00023537594825029373,True
outage_replay_fixed,59,edge0,intersection_05,False,16,0,16,0.12017896585166454,True
outage_replay_fixed,59,edge0,intersection_06,False,16,0,16,0.17909557721577585,True
outage_replay_fixed,59,edge1,intersection_07,False,16,0,16,0.001475401921197772,True
outage_replay_fixed,59,edge1,intersection_08,False,16,0,16,0.23902639420703053,True
outage_replay_fixed,59,edge1,intersection_09,False,16,0,16,0.09605141426436603,True
outage_replay_fixed,59,edge1,intersection_10,False,16,0,16,0.00017222645692527294,True
outage_replay_fixed,59,edge1,intersection_11,False,16,0,16,0.051435191417112947,True
outage_replay_fixed,59,edge1,intersection_12,False,16,0,16,0.05956582445651293,True
outage_replay_fixed,59,edge1,intersection_13,False,16,0,16,0.233980753691867,True
outage_replay_fixed,59,edge2,intersection_14,False,16,0,16,0.17910387669689953,True
outage_replay_fixed,59,edge2,intersection_15,False,16,0,16,0.2381267414893955,True
outage_replay_fixed,59,edge2,intersection_16,False,16,0,16,0.059637109516188495,True
outage_replay_fixed,59,edge2,intersection_17,False,16,0,16,0.0732067406643182,True
outage_replay_fixed,59,edge2,intersection_18,False,16,0,16,0.11839241674169898,True
outage_replay_fixed,59,edge2,intersection_19,False,16,0,16,0.059821258299052715,True
outage_replay_fixed,59,edge2,intersection_20,False,16,0,16,0.11606313264928758,True
outage_replay_fixed,60,edge0,intersection_00,True,0,16,16,0.0,True
outage_replay_fixed,60,edge0,intersection_01,False,16,0,16,0.20912071387283504,True
outage_replay_fixed,60,edge0,intersection_02,False,16,0,16,0.15822288673371077,True
outage_replay_fixed,60,edge0,intersection_03,False,16,0,16,0.0002182342577725649,True
outage_replay_fixed,60,edge0,intersection_04,False,16,0,16,0.17733779596164823,True
outage_replay_fixed,60,edge0,intersection_05,False,16,0,16,0.10695636225864291,True
outage_replay_fixed,60,edge0,intersection_06,False,16,0,16,0.11804791959002613,True
outage_replay_fixed,60,edge1,intersection_07,False,16,0,16,0.11944368202239275,True
outage_replay_fixed,60,edge1,intersection_08,False,16,0,16,0.05861681257374585,True
outage_replay_fixed,60,edge1,intersection_09,False,16,0,16,0.11816480359993875,True
outage_replay_fixed,60,edge1,intersection_10,False,16,0,16,0.11818729457445443,True
outage_replay_fixed,60,edge1,intersection_11,False,16,0,16,0.35707801184616983,True
outage_replay_fixed,60,edge1,intersection_12,False,16,0,16,0.00022798869758844376,True
outage_replay_fixed,60,edge1,intersection_13,False,16,0,16,0.11957848747260869,True
outage_replay_fixed,60,edge2,intersection_14,False,16,0,16,0.1177570701111108,True
outage_replay_fixed,60,edge2,intersection_15,False,16,0,16,0.011429996928200126,True
outage_replay_fixed,60,edge2,intersection_16,False,16,0,16,0.17896233499050138,True
outage_replay_fixed,60,edge2,intersection_17,False,16,0,16,0.11740318243391812,True
outage_replay_fixed,60,edge2,intersection_18,False,16,0,16,0.05857062875293195,True
outage_replay_fixed,60,edge2,intersection_19,False,16,0,16,0.09960514144040644,True
outage_replay_fixed,60,edge2,intersection_20,False,16,0,16,0.012396423378959296,True
outage_replay_fixed,61,edge0,intersection_00,False,16,0,16,0.008063014363870025,True
outage_replay_fixed,61,edge0,intersection_01,False,16,0,16,0.06017020740546286,True
outage_replay_fixed,61,edge0,intersection_02,False,16,0,16,0.11636065226048231,True
outage_replay_fixed,61,edge0,intersection_03,False,16,0,16,0.05612521572038531,True
outage_replay_fixed,61,edge0,intersection_04,False,16,0,16,0.2932076961733401,True
outage_replay_fixed,61,edge0,intersection_05,False,16,0,16,0.11739134509116411,True
outage_replay_fixed,61,edge0,intersection_06,False,16,0,16,0.17669650842435658,True
outage_replay_fixed,61,edge1,intersection_07,False,16,0,16,0.048008318757638335,True
outage_replay_fixed,61,edge1,intersection_08,False,16,0,16,0.2302910746075213,True
outage_replay_fixed,61,edge1,intersection_09,False,16,0,16,0.05995762604288757,True
outage_replay_fixed,61,edge1,intersection_10,False,16,0,16,0.22904827981255949,True
outage_replay_fixed,61,edge1,intersection_11,False,16,0,16,0.00022982759401202202,True
outage_replay_fixed,61,edge1,intersection_12,False,16,0,16,0.23681706422939897,True
outage_replay_fixed,61,edge1,intersection_13,False,16,0,16,0.0595187321305275,True
outage_replay_fixed,61,edge2,intersection_14,False,16,0,16,0.16220536339096722,True
outage_replay_fixed,61,edge2,intersection_15,False,16,0,16,0.00014546187594532967,True
outage_replay_fixed,61,edge2,intersection_16,False,16,0,16,0.00027039460837841034,True
outage_replay_fixed,61,edge2,intersection_17,False,16,0,16,0.05922222346998751,True
outage_replay_fixed,61,edge2,intersection_18,False,16,0,16,0.16571920574642718,True
outage_replay_fixed,61,edge2,intersection_19,False,16,0,16,0.2488964304793626,True
outage_replay_fixed,61,edge2,intersection_20,False,16,0,16,0.0599873720202595,True
outage_replay_fixed,62,edge0,intersection_00,False,16,0,16,0.07510696724057198,True
outage_replay_fixed,62,edge0,intersection_01,False,16,0,16,0.18389264051802456,True
outage_replay_fixed,62,edge0,intersection_02,False,16,0,16,0.11851712525822221,True
outage_replay_fixed,62,edge0,intersection_03,False,16,0,16,0.12029789853841065,True
outage_replay_fixed,62,edge0,intersection_04,False,16,0,16,0.09628271078690886,True
outage_replay_fixed,62,edge0,intersection_05,False,16,0,16,0.060205482412129634,True
outage_replay_fixed,62,edge0,intersection_06,False,16,0,16,0.00020388560369610786,True
outage_replay_fixed,62,edge1,intersection_07,False,16,0,16,0.07508155819959939,True
outage_replay_fixed,62,edge1,intersection_08,False,16,0,16,0.1762114493176341,True
outage_replay_fixed,62,edge1,intersection_09,False,16,0,16,0.148735954426229,True
outage_replay_fixed,62,edge1,intersection_10,False,16,0,16,0.17762290313839912,True
outage_replay_fixed,62,edge1,intersection_11,False,16,0,16,0.05866922251880169,True
outage_replay_fixed,62,edge1,intersection_12,False,16,0,16,0.04620141070336104,True
outage_replay_fixed,62,edge1,intersection_13,False,16,0,16,0.14576728479005396,True
outage_replay_fixed,62,edge2,intersection_14,False,16,0,16,0.11867851833812891,True
outage_replay_fixed,62,edge2,intersection_15,False,16,0,16,0.06457530078478158,True
outage_replay_fixed,62,edge2,intersection_16,False,16,0,16,0.16661834646947682,True
outage_replay_fixed,62,edge2,intersection_17,False,16,0,16,0.1932398765347898,True
outage_replay_fixed,62,edge2,intersection_18,False,16,0,16,0.1175732584670186,True
outage_replay_fixed,62,edge2,intersection_19,False,16,0,16,0.11897925357334316,True
outage_replay_fixed,62,edge2,intersection_20,False,16,0,16,0.11953879706561565,True
outage_replay_fixed,63,edge0,intersection_00,False,16,0,16,0.06017155945301055,True
outage_replay_fixed,63,edge0,intersection_01,False,16,0,16,0.09491390851326287,True
outage_replay_fixed,63,edge0,intersection_02,False,16,0,16,0.11710365326143801,True
outage_replay_fixed,63,edge0,intersection_03,False,16,0,16,0.11956485570408404,True
outage_replay_fixed,63,edge0,intersection_04,False,16,0,16,0.11600472556892782,True
outage_replay_fixed,63,edge0,intersection_05,False,16,0,16,0.0598507821559906,True
outage_replay_fixed,63,edge0,intersection_06,False,16,0,16,0.11776381288655102,True
outage_replay_fixed,63,edge1,intersection_07,False,16,0,16,0.023734143469482657,True
outage_replay_fixed,63,edge1,intersection_08,False,16,0,16,0.12020901427604257,True
outage_replay_fixed,63,edge1,intersection_09,False,16,0,16,0.1678572006057948,True
outage_replay_fixed,63,edge1,intersection_10,False,16,0,16,0.12120685237459838,True
outage_replay_fixed,63,edge1,intersection_11,False,16,0,16,0.05629838141612708,True
outage_replay_fixed,63,edge1,intersection_12,False,16,0,16,0.11936894780956209,True
outage_replay_fixed,63,edge1,intersection_13,False,16,0,16,0.11040635826066136,True
outage_replay_fixed,63,edge2,intersection_14,False,16,0,16,0.07784502510912716,True
outage_replay_fixed,63,edge2,intersection_15,False,16,0,16,0.2738486791495234,True
outage_replay_fixed,63,edge2,intersection_16,False,16,0,16,0.17225107667036355,True
outage_replay_fixed,63,edge2,intersection_17,False,16,0,16,0.022828775690868497,True
outage_replay_fixed,63,edge2,intersection_18,False,16,0,16,0.11982230795547366,True
outage_replay_fixed,63,edge2,intersection_19,False,16,0,16,0.00018865009769797325,True
outage_replay_fixed,63,edge2,intersection_20,False,16,0,16,0.00020115263760089874,True
outage_replay_fixed,64,edge0,intersection_00,False,16,0,16,0.0881607460323721,True
outage_replay_fixed,64,edge0,intersection_01,False,16,0,16,0.17621779930777848,True
outage_replay_fixed,64,edge0,intersection_02,False,16,0,16,0.2177281582262367,True
outage_replay_fixed,64,edge0,intersection_03,False,16,0,16,0.2727024080231786,True
outage_replay_fixed,64,edge0,intersection_04,False,16,0,16,0.05822676396928727,True
outage_replay_fixed,64,edge0,intersection_05,False,16,0,16,0.06445234129205346,True
outage_replay_fixed,64,edge0,intersection_06,False,16,0,16,0.1770966099575162,True
outage_replay_fixed,64,edge1,intersection_07,False,16,0,16,0.06025422154925763,True
outage_replay_fixed,64,edge1,intersection_08,False,16,0,16,0.11129564512521029,True
outage_replay_fixed,64,edge1,intersection_09,False,16,0,16,0.00020616385154426098,True
outage_replay_fixed,64,edge1,intersection_10,False,16,0,16,0.06026647984981536,True
outage_replay_fixed,64,edge1,intersection_11,False,16,0,16,0.3381062373518944,True
outage_replay_fixed,64,edge1,intersection_12,False,16,0,16,0.05900849006138742,True
outage_replay_fixed,64,edge1,intersection_13,False,16,0,16,0.00020209886133670807,True
outage_replay_fixed,64,edge2,intersection_14,False,16,0,16,0.02316661481745541,True
outage_replay_fixed,64,edge2,intersection_15,False,16,0,16,0.0589542759116739,True
outage_replay_fixed,64,edge2,intersection_16,False,16,0,16,0.060108545469120145,True
outage_replay_fixed,64,edge2,intersection_17,False,16,0,16,0.06017143977805972,True
outage_replay_fixed,64,edge2,intersection_18,False,16,0,16,0.12003834149800241,True
outage_replay_fixed,64,edge2,intersection_19,False,16,0,16,0.057374322088435285,True
outage_replay_fixed,64,edge2,intersection_20,False,16,0,16,0.00020829238928854465,True
outage_replay_fixed,65,edge0,intersection_00,False,16,0,16,0.047851943876594305,True
outage_replay_fixed,65,edge0,intersection_01,False,16,0,16,0.060172533849254244,True
outage_replay_fixed,65,edge0,intersection_02,False,16,0,16,0.23961353860795498,True
outage_replay_fixed,65,edge0,intersection_03,False,16,0,16,0.12988109979778528,True
outage_replay_fixed,65,edge0,intersection_04,False,16,0,16,0.08777948608621955,True
outage_replay_fixed,65,edge0,intersection_05,False,16,0,16,0.05907181277871132,True
outage_replay_fixed,65,edge0,intersection_06,False,16,0,16,0.05820881691761315,True
outage_replay_fixed,65,edge1,intersection_07,False,16,0,16,0.05719058099202812,True
outage_replay_fixed,65,edge1,intersection_08,False,16,0,16,0.05987565848045051,True
outage_replay_fixed,65,edge1,intersection_09,False,16,0,16,0.00028058188036084175,True
outage_replay_fixed,65,edge1,intersection_10,False,16,0,16,0.05964770738501102,True
outage_replay_fixed,65,edge1,intersection_11,False,16,0,16,0.2947593096178025,True
outage_replay_fixed,65,edge1,intersection_12,False,16,0,16,0.2402719426900148,True
outage_replay_fixed,65,edge1,intersection_13,False,16,0,16,0.08358585753012449,True
outage_replay_fixed,65,edge2,intersection_14,False,16,0,16,0.11053479230031371,True
outage_replay_fixed,65,edge2,intersection_15,False,16,0,16,0.00020743394270539284,True
outage_replay_fixed,65,edge2,intersection_16,False,16,0,16,0.000300748273730278,True
outage_replay_fixed,65,edge2,intersection_17,False,16,0,16,0.11800341727212071,True
outage_replay_fixed,65,edge2,intersection_18,False,16,0,16,0.059304982423782356,True
outage_replay_fixed,65,edge2,intersection_19,False,16,0,16,0.1368523659184575,True
outage_replay_fixed,65,edge2,intersection_20,False,16,0,16,0.11775280861184001,True
outage_replay_fixed,66,edge0,intersection_00,False,16,0,16,0.00017206952907145023,True
outage_replay_fixed,66,edge0,intersection_01,False,16,0,16,0.00020827190019190311,True
outage_replay_fixed,66,edge0,intersection_02,False,16,0,16,0.11928539746440947,True
outage_replay_fixed,66,edge0,intersection_03,False,16,0,16,0.2391857476904988,True
outage_replay_fixed,66,edge0,intersection_04,False,16,0,16,0.059862184803932905,True
outage_replay_fixed,66,edge0,intersection_05,False,16,0,16,0.06019142665900289,True
outage_replay_fixed,66,edge0,intersection_06,False,16,0,16,0.05755555024370551,True
outage_replay_fixed,66,edge1,intersection_07,False,16,0,16,0.059082115534693,True
outage_replay_fixed,66,edge1,intersection_08,False,16,0,16,0.060111056780442595,True
outage_replay_fixed,66,edge1,intersection_09,False,16,0,16,0.12611713213846087,True
outage_replay_fixed,66,edge1,intersection_10,False,16,0,16,0.11838122713379562,True
outage_replay_fixed,66,edge1,intersection_11,False,16,0,16,0.0002221241593360901,True
outage_replay_fixed,66,edge1,intersection_12,False,16,0,16,0.12369238119572401,True
outage_replay_fixed,66,edge1,intersection_13,False,16,0,16,0.11682425858452915,True
outage_replay_fixed,66,edge2,intersection_14,False,16,0,16,0.0002346730325371027,True
outage_replay_fixed,66,edge2,intersection_15,False,16,0,16,0.21563269337639213,True
outage_replay_fixed,66,edge2,intersection_16,False,16,0,16,0.21781378402374685,True
outage_replay_fixed,66,edge2,intersection_17,False,16,0,16,0.1793347883503884,True
outage_replay_fixed,66,edge2,intersection_18,False,16,0,16,0.05956941260956228,True
outage_replay_fixed,66,edge2,intersection_19,False,16,0,16,0.11889632139354943,True
outage_replay_fixed,66,edge2,intersection_20,False,16,0,16,0.23565527773462236,True
outage_replay_fixed,67,edge0,intersection_00,False,16,0,16,0.10107914474792778,True
outage_replay_fixed,67,edge0,intersection_01,False,16,0,16,0.059672325849533074,True
outage_replay_fixed,67,edge0,intersection_02,False,16,0,16,0.048178887693211436,True
outage_replay_fixed,67,edge0,intersection_03,False,16,0,16,0.17946638748981059,True
outage_replay_fixed,67,edge0,intersection_04,False,16,0,16,0.42154851579107344,True
outage_replay_fixed,67,edge0,intersection_05,False,16,0,16,0.17561762873083353,True
outage_replay_fixed,67,edge0,intersection_06,False,16,0,16,0.0601342732552439,True
outage_replay_fixed,67,edge1,intersection_07,False,16,0,16,0.11969476635567844,True
outage_replay_fixed,67,edge1,intersection_08,False,16,0,16,0.11838860670104621,True
outage_replay_fixed,67,edge1,intersection_09,False,16,0,16,0.06736840424127877,True
outage_replay_fixed,67,edge1,intersection_10,False,16,0,16,0.14982224418781698,True
outage_replay_fixed,67,edge1,intersection_11,False,16,0,16,0.059745772974565625,True
outage_replay_fixed,67,edge1,intersection_12,False,16,0,16,0.179054842912592,True
outage_replay_fixed,67,edge1,intersection_13,False,16,0,16,0.1783030047081411,True
outage_replay_fixed,67,edge2,intersection_14,False,16,0,16,0.0002809632569551468,True
outage_replay_fixed,67,edge2,intersection_15,False,16,0,16,0.1795501341111958,True
outage_replay_fixed,67,edge2,intersection_16,False,16,0,16,0.11912046978250146,True
outage_replay_fixed,67,edge2,intersection_17,False,16,0,16,0.12941691279411316,True
outage_replay_fixed,67,edge2,intersection_18,False,16,0,16,0.00017553847283124924,True
outage_replay_fixed,67,edge2,intersection_19,False,16,0,16,0.06018299143761396,True
outage_replay_fixed,67,edge2,intersection_20,False,16,0,16,0.05436803121119737,True
outage_replay_fixed,68,edge0,intersection_00,False,16,0,16,0.11768549610860646,True
outage_replay_fixed,68,edge0,intersection_01,False,16,0,16,0.0592711225617677,True
outage_replay_fixed,68,edge0,intersection_02,False,16,0,16,0.11897565377876163,True
outage_replay_fixed,68,edge0,intersection_03,False,16,0,16,0.05681376811116934,True
outage_replay_fixed,68,edge0,intersection_04,False,16,0,16,0.18294692714698613,True
outage_replay_fixed,68,edge0,intersection_05,False,16,0,16,0.08943881513550876,True
outage_replay_fixed,68,edge0,intersection_06,False,16,0,16,0.0778459501452744,True
outage_replay_fixed,68,edge1,intersection_07,False,16,0,16,0.1781882019713521,True
outage_replay_fixed,68,edge1,intersection_08,False,16,0,16,0.11722816049586982,True
outage_replay_fixed,68,edge1,intersection_09,False,16,0,16,0.17831296334043145,True
outage_replay_fixed,68,edge1,intersection_10,False,16,0,16,0.00023279362358152866,True
outage_replay_fixed,68,edge1,intersection_11,False,16,0,16,0.0002339391503483057,True
outage_replay_fixed,68,edge1,intersection_12,False,16,0,16,0.1782817654311657,True
outage_replay_fixed,68,edge1,intersection_13,False,16,0,16,0.0803839722648263,True
outage_replay_fixed,68,edge2,intersection_14,False,16,0,16,0.11289107403717935,True
outage_replay_fixed,68,edge2,intersection_15,False,16,0,16,0.0600988999940455,True
outage_replay_fixed,68,edge2,intersection_16,False,16,0,16,0.06020073127001523,True
outage_replay_fixed,68,edge2,intersection_17,False,16,0,16,0.08474454050883651,True
outage_replay_fixed,68,edge2,intersection_18,False,16,0,16,0.0001526924315840006,True
outage_replay_fixed,68,edge2,intersection_19,False,16,0,16,0.11677817581221461,True
outage_replay_fixed,68,edge2,intersection_20,False,16,0,16,0.17215783311985433,True
outage_replay_fixed,69,edge0,intersection_00,False,16,0,16,0.2964485161937773,True
outage_replay_fixed,69,edge0,intersection_01,False,16,0,16,0.07087468262761831,True
outage_replay_fixed,69,edge0,intersection_02,False,16,0,16,0.03819558839313686,True
outage_replay_fixed,69,edge0,intersection_03,False,16,0,16,0.060122927883639925,True
outage_replay_fixed,69,edge0,intersection_04,False,16,0,16,0.059965768596157425,True
outage_replay_fixed,69,edge0,intersection_05,False,16,0,16,0.05929039930924774,True
outage_replay_fixed,69,edge0,intersection_06,False,16,0,16,0.11735534761101007,True
outage_replay_fixed,69,edge1,intersection_07,False,16,0,16,0.1661136019974947,True
outage_replay_fixed,69,edge1,intersection_08,False,16,0,16,0.00023217732086777687,True
outage_replay_fixed,69,edge1,intersection_09,False,16,0,16,0.2383703668601811,True
outage_replay_fixed,69,edge1,intersection_10,False,16,0,16,0.15571037959307432,True
outage_replay_fixed,69,edge1,intersection_11,False,16,0,16,0.00015265075489878654,True
outage_replay_fixed,69,edge1,intersection_12,False,16,0,16,0.09138660947792232,True
outage_replay_fixed,69,edge1,intersection_13,False,16,0,16,0.00022376771084964275,True
outage_replay_fixed,69,edge2,intersection_14,False,16,0,16,0.06035425746813416,True
outage_replay_fixed,69,edge2,intersection_15,False,16,0,16,0.16277286550030112,True
outage_replay_fixed,69,edge2,intersection_16,False,16,0,16,0.10311352671124041,True
outage_replay_fixed,69,edge2,intersection_17,False,16,0,16,0.08281775750219822,True
outage_replay_fixed,69,edge2,intersection_18,False,16,0,16,0.23732070019468665,True
outage_replay_fixed,69,edge2,intersection_19,False,16,0,16,0.08251049928367138,True
outage_replay_fixed,69,edge2,intersection_20,False,16,0,16,0.059808569261804216,True
outage_replay_fixed,70,edge0,intersection_00,False,16,0,16,0.0001615744549781084,True
outage_replay_fixed,70,edge0,intersection_01,False,16,0,16,0.17820541514083743,True
outage_replay_fixed,70,edge0,intersection_02,False,16,0,16,0.2231292761862278,True
outage_replay_fixed,70,edge0,intersection_03,False,16,0,16,0.137060813838616,True
outage_replay_fixed,70,edge0,intersection_04,False,16,0,16,0.10567243536934257,True
outage_replay_fixed,70,edge0,intersection_05,False,16,0,16,0.17734138132072985,True
outage_replay_fixed,70,edge0,intersection_06,False,16,0,16,0.06026976834982633,True
outage_replay_fixed,70,edge1,intersection_07,False,16,0,16,0.1186781853903085,True
outage_replay_fixed,70,edge1,intersection_08,False,16,0,16,0.17881121044047177,True
outage_replay_fixed,70,edge1,intersection_09,False,16,0,16,0.09399330569431186,True
outage_replay_fixed,70,edge1,intersection_10,False,16,0,16,0.1426250033546239,True
outage_replay_fixed,70,edge1,intersection_11,False,16,0,16,0.117639692267403,True
outage_replay_fixed,70,edge1,intersection_12,False,16,0,16,0.05771330394782126,True
outage_replay_fixed,70,edge1,intersection_13,False,16,0,16,0.24029428092762825,True
outage_replay_fixed,70,edge2,intersection_14,False,16,0,16,0.06022079661488532,True
outage_replay_fixed,70,edge2,intersection_15,False,16,0,16,0.17777173104695976,True
outage_replay_fixed,70,edge2,intersection_16,False,16,0,16,0.059328789822757244,True
outage_replay_fixed,70,edge2,intersection_17,False,16,0,16,0.0002347179688513279,True
outage_replay_fixed,70,edge2,intersection_18,False,16,0,16,0.11716609238646924,True
outage_replay_fixed,70,edge2,intersection_19,False,16,0,16,0.05920053040608764,True
outage_replay_fixed,70,edge2,intersection_20,False,16,0,16,0.09795487904921174,True
outage_replay_fixed,71,edge0,intersection_00,False,16,0,16,0.21121554984711108,True
outage_replay_fixed,71,edge0,intersection_01,False,16,0,16,0.11975433467887342,True
outage_replay_fixed,71,edge0,intersection_02,False,16,0,16,0.11997308488935232,True
outage_replay_fixed,71,edge0,intersection_03,False,16,0,16,0.059739308431744576,True
outage_replay_fixed,71,edge0,intersection_04,False,16,0,16,0.059584585716947906,True
outage_replay_fixed,71,edge0,intersection_05,False,16,0,16,0.059849276440218084,True
outage_replay_fixed,71,edge0,intersection_06,False,16,0,16,0.00021958653815090656,True
outage_replay_fixed,71,edge1,intersection_07,False,16,0,16,0.2414649233687669,True
outage_replay_fixed,71,edge1,intersection_08,False,16,0,16,0.023845572955906388,True
outage_replay_fixed,71,edge1,intersection_09,False,16,0,16,0.25485725328326225,True
outage_replay_fixed,71,edge1,intersection_10,False,16,0,16,0.21806991030462086,True
outage_replay_fixed,71,edge1,intersection_11,False,16,0,16,0.019792782608419657,True
outage_replay_fixed,71,edge1,intersection_12,False,16,0,16,0.00019232765771448612,True
outage_replay_fixed,71,edge1,intersection_13,False,16,0,16,0.06025444832630455,True
outage_replay_fixed,71,edge2,intersection_14,False,16,0,16,0.11934733507223427,True
outage_replay_fixed,71,edge2,intersection_15,False,16,0,16,0.07906639110296965,True
outage_replay_fixed,71,edge2,intersection_16,False,16,0,16,0.060178913176059716,True
outage_replay_fixed,71,edge2,intersection_17,False,16,0,16,0.05881939991377294,True
outage_replay_fixed,71,edge2,intersection_18,False,16,0,16,0.17876876168884337,True
outage_replay_fixed,71,edge2,intersection_19,False,16,0,16,0.04902108106762171,True
outage_replay_fixed,71,edge2,intersection_20,False,16,0,16,0.0001686951145529747,True
outage_replay_fixed,72,edge0,intersection_00,False,16,0,16,0.17842936189845204,True
outage_replay_fixed,72,edge0,intersection_01,False,16,0,16,0.17884024558588862,True
outage_replay_fixed,72,edge0,intersection_02,False,16,0,16,0.1308740961831063,True
outage_replay_fixed,72,edge0,intersection_03,False,16,0,16,0.05939316307194532,True
outage_replay_fixed,72,edge0,intersection_04,False,16,0,16,0.17840350046753883,True
outage_replay_fixed,72,edge0,intersection_05,False,16,0,16,0.1200978560373187,True
outage_replay_fixed,72,edge0,intersection_06,False,16,0,16,0.11815971392206848,True
outage_replay_fixed,72,edge1,intersection_07,False,16,0,16,0.05856196815147996,True
outage_replay_fixed,72,edge1,intersection_08,False,16,0,16,0.05978040490299463,True
outage_replay_fixed,72,edge1,intersection_09,False,16,0,16,0.05986247723922133,True
outage_replay_fixed,72,edge1,intersection_10,False,16,0,16,0.00017220224253833294,True
outage_replay_fixed,72,edge1,intersection_11,False,16,0,16,0.1778856611344963,True
outage_replay_fixed,72,edge1,intersection_12,False,16,0,16,0.060017812298610806,True
outage_replay_fixed,72,edge1,intersection_13,False,16,0,16,0.05905498843640089,True
outage_replay_fixed,72,edge2,intersection_14,False,16,0,16,0.17774597695097327,True
outage_replay_fixed,72,edge2,intersection_15,False,16,0,16,0.058559372555464506,True
outage_replay_fixed,72,edge2,intersection_16,False,16,0,16,0.23865609569475052,True
outage_replay_fixed,72,edge2,intersection_17,False,16,0,16,0.058832793263718486,True
outage_replay_fixed,72,edge2,intersection_18,False,16,0,16,0.06048863125033676,True
outage_replay_fixed,72,edge2,intersection_19,False,16,0,16,0.16132353921420872,True
outage_replay_fixed,72,edge2,intersection_20,False,16,0,16,0.000277636107057333,True
outage_replay_fixed,73,edge0,intersection_00,False,16,0,16,0.14678081613965333,True
outage_replay_fixed,73,edge0,intersection_01,False,16,0,16,0.05998826422728599,True
outage_replay_fixed,73,edge0,intersection_02,False,16,0,16,0.1179928332567215,True
outage_replay_fixed,73,edge0,intersection_03,False,16,0,16,0.11833034735172987,True
outage_replay_fixed,73,edge0,intersection_04,False,16,0,16,0.11900457716546953,True
outage_replay_fixed,73,edge0,intersection_05,False,16,0,16,0.23685318906791508,True
outage_replay_fixed,73,edge0,intersection_06,False,16,0,16,0.0597291998565197,True
outage_replay_fixed,73,edge1,intersection_07,False,16,0,16,0.0002640408929437399,True
outage_replay_fixed,73,edge1,intersection_08,False,16,0,16,0.10459050117060542,True
outage_replay_fixed,73,edge1,intersection_09,False,16,0,16,0.09446922526694834,True
outage_replay_fixed,73,edge1,intersection_10,False,16,0,16,0.0939989690668881,True
outage_replay_fixed,73,edge1,intersection_11,False,16,0,16,0.05784386349841952,True
outage_replay_fixed,73,edge1,intersection_12,False,16,0,16,0.1794262866023928,True
outage_replay_fixed,73,edge1,intersection_13,False,16,0,16,0.11657564714550972,True
outage_replay_fixed,73,edge2,intersection_14,False,16,0,16,0.1469286228530109,True
outage_replay_fixed,73,edge2,intersection_15,False,16,0,16,0.1778037454932928,True
outage_replay_fixed,73,edge2,intersection_16,False,16,0,16,0.059491726802662015,True
outage_replay_fixed,73,edge2,intersection_17,False,16,0,16,0.11369098676368594,True
outage_replay_fixed,73,edge2,intersection_18,False,16,0,16,0.060014822985976934,True
outage_replay_fixed,73,edge2,intersection_19,False,16,0,16,0.11871130112558603,True
outage_replay_fixed,73,edge2,intersection_20,False,16,0,16,0.05978171434253454,True
outage_replay_fixed,74,edge0,intersection_00,False,16,0,16,0.10113709256984293,True
outage_replay_fixed,74,edge0,intersection_01,False,16,0,16,0.0002916122321039438,True
outage_replay_fixed,74,edge0,intersection_02,False,16,0,16,0.10594647482503206,True
outage_replay_fixed,74,edge0,intersection_03,False,16,0,16,0.15856199711561203,True
outage_replay_fixed,74,edge0,intersection_04,False,16,0,16,0.05719466530717909,True
outage_replay_fixed,74,edge0,intersection_05,False,16,0,16,0.11771717667579651,True
outage_replay_fixed,74,edge0,intersection_06,False,16,0,16,0.06020336970686912,True
outage_replay_fixed,74,edge1,intersection_07,False,16,0,16,0.12794363033026457,True
outage_replay_fixed,74,edge1,intersection_08,False,16,0,16,0.17618993343785405,True
outage_replay_fixed,74,edge1,intersection_09,False,16,0,16,0.23949524899944663,True
outage_replay_fixed,74,edge1,intersection_10,False,16,0,16,0.00024975393898785114,True
outage_replay_fixed,74,edge1,intersection_11,False,16,0,16,0.00018489058129489422,True
outage_replay_fixed,74,edge1,intersection_12,False,16,0,16,0.10608507413417101,True
outage_replay_fixed,74,edge1,intersection_13,False,16,0,16,0.11849857936613262,True
outage_replay_fixed,74,edge2,intersection_14,False,16,0,16,0.05493954522535205,True
outage_replay_fixed,74,edge2,intersection_15,False,16,0,16,0.09092309325933456,True
outage_replay_fixed,74,edge2,intersection_16,False,16,0,16,0.11857721325941384,True
outage_replay_fixed,74,edge2,intersection_17,False,16,0,16,0.05838992493227124,True
outage_replay_fixed,74,edge2,intersection_18,False,16,0,16,0.17943180864676833,True
outage_replay_fixed,74,edge2,intersection_19,False,16,0,16,0.11823923606425524,True
outage_replay_fixed,74,edge2,intersection_20,False,16,0,16,0.06017831456847488,True
outage_replay_fixed,75,edge0,intersection_00,False,16,0,16,0.16145395347848535,True
outage_replay_fixed,75,edge0,intersection_01,False,16,0,16,0.11951335589401424,True
outage_replay_fixed,75,edge0,intersection_02,False,16,0,16,0.075629006838426,True
outage_replay_fixed,75,edge0,intersection_03,False,16,0,16,0.00020666560158133507,True
outage_replay_fixed,75,edge0,intersection_04,False,16,0,16,0.11912019015289843,True
outage_replay_fixed,75,edge0,intersection_05,False,16,0,16,0.018660179106518623,True
outage_replay_fixed,75,edge0,intersection_06,False,16,0,16,0.06026706169359385,True
outage_replay_fixed,75,edge1,intersection_07,False,16,0,16,0.231839892687276,True
outage_replay_fixed,75,edge1,intersection_08,False,16,0,16,0.07998820091597736,True
outage_replay_fixed,75,edge1,intersection_09,False,16,0,16,0.06022086250595748,True
outage_replay_fixed,75,edge1,intersection_10,False,16,0,16,0.05915490468032658,True
outage_replay_fixed,75,edge1,intersection_11,False,16,0,16,0.06021847249940037,True
outage_replay_fixed,75,edge1,intersection_12,False,16,0,16,0.17415607953444123,True
outage_replay_fixed,75,edge1,intersection_13,False,16,0,16,0.11846258398145436,True
outage_replay_fixed,75,edge2,intersection_14,False,16,0,16,0.11844352167099714,True
outage_replay_fixed,75,edge2,intersection_15,False,16,0,16,0.1780494637787342,True
outage_replay_fixed,75,edge2,intersection_16,False,16,0,16,0.00018331012688577175,True
outage_replay_fixed,75,edge2,intersection_17,False,16,0,16,0.2966116431634873,True
outage_replay_fixed,75,edge2,intersection_18,False,16,0,16,0.2977876446675509,True
outage_replay_fixed,75,edge2,intersection_19,False,16,0,16,0.09179123979993165,True
outage_replay_fixed,75,edge2,intersection_20,False,16,0,16,0.0001753105316311121,True
outage_replay_fixed,76,edge0,intersection_00,False,16,0,16,0.0001805126667022705,True
outage_replay_fixed,76,edge0,intersection_01,False,16,0,16,0.11822592956013978,True
outage_replay_fixed,76,edge0,intersection_02,False,16,0,16,0.00021717953495681286,True
outage_replay_fixed,76,edge0,intersection_03,False,16,0,16,0.2958996419329196,True
outage_replay_fixed,76,edge0,intersection_04,False,16,0,16,0.1794153160881251,True
outage_replay_fixed,76,edge0,intersection_05,False,16,0,16,0.05892344657331706,True
outage_replay_fixed,76,edge0,intersection_06,False,16,0,16,0.07730568549595773,True
outage_replay_fixed,76,edge1,intersection_07,False,16,0,16,0.060254177311435335,True
outage_replay_fixed,76,edge1,intersection_08,False,16,0,16,0.0002103473525494337,True
outage_replay_fixed,76,edge1,intersection_09,False,16,0,16,0.09848266211338341,True
outage_replay_fixed,76,edge1,intersection_10,False,16,0,16,0.14598181773908436,True
outage_replay_fixed,76,edge1,intersection_11,False,16,0,16,0.08129026857204735,True
outage_replay_fixed,76,edge1,intersection_12,False,16,0,16,0.08788427291437984,True
outage_replay_fixed,76,edge1,intersection_13,False,16,0,16,0.1195438785944134,True
outage_replay_fixed,76,edge2,intersection_14,False,16,0,16,0.00020635267719626427,True
outage_replay_fixed,76,edge2,intersection_15,False,16,0,16,0.11989902087952942,True
outage_replay_fixed,76,edge2,intersection_16,False,16,0,16,0.05938789853826165,True
outage_replay_fixed,76,edge2,intersection_17,False,16,0,16,0.05917325639165938,True
outage_replay_fixed,76,edge2,intersection_18,False,16,0,16,0.0012464781757444141,True
outage_replay_fixed,76,edge2,intersection_19,False,16,0,16,0.1915486252401024,True
outage_replay_fixed,76,edge2,intersection_20,False,16,0,16,0.11967207351699471,True
outage_replay_fixed,77,edge0,intersection_00,False,16,0,16,0.12587302271276712,True
outage_replay_fixed,77,edge0,intersection_01,False,16,0,16,0.23502265429124236,True
outage_replay_fixed,77,edge0,intersection_02,False,16,0,16,0.1783484120387584,True
outage_replay_fixed,77,edge0,intersection_03,False,16,0,16,0.0583545402623713,True
outage_replay_fixed,77,edge0,intersection_04,False,16,0,16,0.15968174766749144,True
outage_replay_fixed,77,edge0,intersection_05,False,16,0,16,0.11870473599992692,True
outage_replay_fixed,77,edge0,intersection_06,False,16,0,16,0.11949250218458474,True
outage_replay_fixed,77,edge1,intersection_07,False,16,0,16,0.11714470526203513,True
outage_replay_fixed,77,edge1,intersection_08,False,16,0,16,0.00022755027748644352,True
outage_replay_fixed,77,edge1,intersection_09,False,16,0,16,0.029528504936024543,True
outage_replay_fixed,77,edge1,intersection_10,False,16,0,16,0.21083987201564014,True
outage_replay_fixed,77,edge1,intersection_11,False,16,0,16,0.1639743137639016,True
outage_replay_fixed,77,edge1,intersection_12,False,16,0,16,0.060176429338753216,True
outage_replay_fixed,77,edge1,intersection_13,False,16,0,16,0.15458768070675433,True
outage_replay_fixed,77,edge2,intersection_14,False,16,0,16,0.10889447387307882,True
outage_replay_fixed,77,edge2,intersection_15,False,16,0,16,0.11947890021838248,True
outage_replay_fixed,77,edge2,intersection_16,False,16,0,16,0.05990330502390862,True
outage_replay_fixed,77,edge2,intersection_17,False,16,0,16,0.0002260063774883747,True
outage_replay_fixed,77,edge2,intersection_18,False,16,0,16,0.06023576972074806,True
outage_replay_fixed,77,edge2,intersection_19,False,16,0,16,0.23600633395835757,True
outage_replay_fixed,77,edge2,intersection_20,False,16,0,16,0.17962175398133695,True
outage_replay_fixed,78,edge0,intersection_00,False,16,0,16,0.09477713610976934,True
outage_replay_fixed,78,edge0,intersection_01,False,16,0,16,0.17009549518115819,True
outage_replay_fixed,78,edge0,intersection_02,False,16,0,16,0.058901731856167316,True
outage_replay_fixed,78,edge0,intersection_03,False,16,0,16,0.17934637027792633,True
outage_replay_fixed,78,edge0,intersection_04,False,16,0,16,0.21006493223831058,True
outage_replay_fixed,78,edge0,intersection_05,False,16,0,16,0.29851810564287007,True
outage_replay_fixed,78,edge0,intersection_06,False,16,0,16,0.00022518238984048367,True
outage_replay_fixed,78,edge1,intersection_07,False,16,0,16,0.11901911674067377,True
outage_replay_fixed,78,edge1,intersection_08,False,16,0,16,0.1188637267332524,True
outage_replay_fixed,78,edge1,intersection_09,False,16,0,16,0.11908915149979293,True
outage_replay_fixed,78,edge1,intersection_10,False,16,0,16,0.17930327239446342,True
outage_replay_fixed,78,edge1,intersection_11,False,16,0,16,0.02069236454553902,True
outage_replay_fixed,78,edge1,intersection_12,False,16,0,16,0.11959604010917246,True
outage_replay_fixed,78,edge1,intersection_13,False,16,0,16,0.05945019773207605,True
outage_replay_fixed,78,edge2,intersection_14,False,16,0,16,0.11707861954346299,True
outage_replay_fixed,78,edge2,intersection_15,False,16,0,16,0.16428079782053828,True
outage_replay_fixed,78,edge2,intersection_16,False,16,0,16,0.017585657304152843,True
outage_replay_fixed,78,edge2,intersection_17,False,16,0,16,0.056885100435465574,True
outage_replay_fixed,78,edge2,intersection_18,False,16,0,16,0.12016923516057432,True
outage_replay_fixed,78,edge2,intersection_19,False,16,0,16,0.04571646545082331,True
outage_replay_fixed,78,edge2,intersection_20,False,16,0,16,0.0002404637634754181,True
outage_replay_fixed,79,edge0,intersection_00,False,16,0,16,0.11669653770513833,True
outage_replay_fixed,79,edge0,intersection_01,False,16,0,16,0.00019439030438661575,True
outage_replay_fixed,79,edge0,intersection_02,False,16,0,16,0.17669164203107357,True
outage_replay_fixed,79,edge0,intersection_03,False,16,0,16,0.0824096160940826,True
outage_replay_fixed,79,edge0,intersection_04,False,16,0,16,0.0001727803610265255,True
outage_replay_fixed,79,edge0,intersection_05,False,16,0,16,0.0007997193606570363,True
outage_replay_fixed,79,edge0,intersection_06,False,16,0,16,0.026326690334826708,True
outage_replay_fixed,79,edge1,intersection_07,False,16,0,16,0.00025463197380304337,True
outage_replay_fixed,79,edge1,intersection_08,False,16,0,16,0.11778554134070875,True
outage_replay_fixed,79,edge1,intersection_09,False,16,0,16,0.0602066833525896,True
outage_replay_fixed,79,edge1,intersection_10,False,16,0,16,0.058120867237448685,True
outage_replay_fixed,79,edge1,intersection_11,False,16,0,16,0.05895674158819019,True
outage_replay_fixed,79,edge1,intersection_12,False,16,0,16,0.044535664143040776,True
outage_replay_fixed,79,edge1,intersection_13,False,16,0,16,0.17852280661463737,True
outage_replay_fixed,79,edge2,intersection_14,False,16,0,16,0.13929274305701256,True
outage_replay_fixed,79,edge2,intersection_15,False,16,0,16,0.059005121933296316,True
outage_replay_fixed,79,edge2,intersection_16,False,16,0,16,0.02635213336907327,True
outage_replay_fixed,79,edge2,intersection_17,False,16,0,16,0.12021457194350658,True
outage_replay_fixed,79,edge2,intersection_18,False,16,0,16,0.11798914149403572,True
outage_replay_fixed,79,edge2,intersection_19,False,16,0,16,0.035091827623546124,True
outage_replay_fixed,79,edge2,intersection_20,False,16,0,16,0.11943335249088705,True
outage_replay_fixed,80,edge0,intersection_00,False,16,0,16,0.11635179142467678,True
outage_replay_fixed,80,edge0,intersection_01,False,16,0,16,0.11969493562355638,True
outage_replay_fixed,80,edge0,intersection_02,False,16,0,16,0.17791011463850737,True
outage_replay_fixed,80,edge0,intersection_03,False,16,0,16,0.06027805851772427,True
outage_replay_fixed,80,edge0,intersection_04,False,16,0,16,0.00023315846920013428,True
outage_replay_fixed,80,edge0,intersection_05,False,16,0,16,0.11970546003431082,True
outage_replay_fixed,80,edge0,intersection_06,False,16,0,16,0.05913497740402818,True
outage_replay_fixed,80,edge1,intersection_07,False,16,0,16,0.00016359565779566765,True
outage_replay_fixed,80,edge1,intersection_08,False,16,0,16,0.014639606699347496,True
outage_replay_fixed,80,edge1,intersection_09,False,16,0,16,0.23504781420342624,True
outage_replay_fixed,80,edge1,intersection_10,False,16,0,16,0.05697563663125038,True
outage_replay_fixed,80,edge1,intersection_11,False,16,0,16,0.22843387979082763,True
outage_replay_fixed,80,edge1,intersection_12,False,16,0,16,0.17572081345133483,True
outage_replay_fixed,80,edge1,intersection_13,False,16,0,16,0.000294653233140707,True
outage_replay_fixed,80,edge2,intersection_14,False,16,0,16,0.11944054579362273,True
outage_replay_fixed,80,edge2,intersection_15,False,16,0,16,0.17865667026489973,True
outage_replay_fixed,80,edge2,intersection_16,False,16,0,16,0.12002211739309132,True
outage_replay_fixed,80,edge2,intersection_17,False,16,0,16,0.059052873170003295,True
outage_replay_fixed,80,edge2,intersection_18,False,16,0,16,0.12776028830558062,True
outage_replay_fixed,80,edge2,intersection_19,False,16,0,16,0.11838644789531827,True
outage_replay_fixed,80,edge2,intersection_20,False,16,0,16,0.05413038656115531,True
outage_replay_fixed,81,edge0,intersection_00,False,16,0,16,0.11248207511380315,True
outage_replay_fixed,81,edge0,intersection_01,False,16,0,16,0.0416058381088078,True
outage_replay_fixed,81,edge0,intersection_02,False,16,0,16,0.19983772304840386,True
outage_replay_fixed,81,edge0,intersection_03,False,16,0,16,0.023429564898833636,True
outage_replay_fixed,81,edge0,intersection_04,False,16,0,16,0.16853199456818402,True
outage_replay_fixed,81,edge0,intersection_05,False,16,0,16,0.05982672586105763,True
outage_replay_fixed,81,edge0,intersection_06,False,16,0,16,0.0001622457057237625,True
outage_replay_fixed,81,edge1,intersection_07,False,16,0,16,0.00016009807586669922,True
outage_replay_fixed,81,edge1,intersection_08,False,16,0,16,0.00013802875764667988,True
outage_replay_fixed,81,edge1,intersection_09,False,16,0,16,0.11843356979079543,True
outage_replay_fixed,81,edge1,intersection_10,False,16,0,16,0.11906560452189296,True
outage_replay_fixed,81,edge1,intersection_11,False,16,0,16,0.07285804208368063,True
outage_replay_fixed,81,edge1,intersection_12,False,16,0,16,0.05897074588574469,True
outage_replay_fixed,81,edge1,intersection_13,False,16,0,16,0.06002771877683699,True
outage_replay_fixed,81,edge2,intersection_14,False,16,0,16,0.0793620403856039,True
outage_replay_fixed,81,edge2,intersection_15,False,16,0,16,0.04706061002798378,True
outage_replay_fixed,81,edge2,intersection_16,False,16,0,16,0.00020785722881555557,True
outage_replay_fixed,81,edge2,intersection_17,False,16,0,16,0.055335347540676594,True
outage_replay_fixed,81,edge2,intersection_18,False,16,0,16,0.16728166094981134,True
outage_replay_fixed,81,edge2,intersection_19,False,16,0,16,0.06021356000564992,True
outage_replay_fixed,81,edge2,intersection_20,False,16,0,16,0.06402559485286474,True
outage_replay_fixed,82,edge0,intersection_00,False,16,0,16,0.16730920737609267,True
outage_replay_fixed,82,edge0,intersection_01,False,16,0,16,0.1193790112156421,True
outage_replay_fixed,82,edge0,intersection_02,False,16,0,16,0.13802640105132014,True
outage_replay_fixed,82,edge0,intersection_03,False,16,0,16,0.11590796313248575,True
outage_replay_fixed,82,edge0,intersection_04,False,16,0,16,0.11936670891009271,True
outage_replay_fixed,82,edge0,intersection_05,False,16,0,16,0.06977230147458613,True
outage_replay_fixed,82,edge0,intersection_06,False,16,0,16,0.06021281471475958,True
outage_replay_fixed,82,edge1,intersection_07,False,16,0,16,0.2459687809459865,True
outage_replay_fixed,82,edge1,intersection_08,False,16,0,16,0.060331939952448004,True
outage_replay_fixed,82,edge1,intersection_09,False,16,0,16,0.18125751335173845,True
outage_replay_fixed,82,edge1,intersection_10,False,16,0,16,0.2971404760610312,True
outage_replay_fixed,82,edge1,intersection_11,False,16,0,16,0.11939192959107459,True
outage_replay_fixed,82,edge1,intersection_12,False,16,0,16,0.04791436647064984,True
outage_replay_fixed,82,edge1,intersection_13,False,16,0,16,0.05941653111949562,True
outage_replay_fixed,82,edge2,intersection_14,False,16,0,16,0.00022745388559997082,True
outage_replay_fixed,82,edge2,intersection_15,False,16,0,16,0.06019214913249015,True
outage_replay_fixed,82,edge2,intersection_16,False,16,0,16,0.06922616343945265,True
outage_replay_fixed,82,edge2,intersection_17,False,16,0,16,0.05811298871412874,True
outage_replay_fixed,82,edge2,intersection_18,False,16,0,16,0.11725997924804688,True
outage_replay_fixed,82,edge2,intersection_19,False,16,0,16,0.11682900064624846,True
outage_replay_fixed,82,edge2,intersection_20,False,16,0,16,0.059300080174580216,True
outage_replay_fixed,83,edge0,intersection_00,False,16,0,16,0.05356386303901672,True
outage_replay_fixed,83,edge0,intersection_01,False,16,0,16,0.17745231091976166,True
outage_replay_fixed,83,edge0,intersection_02,False,16,0,16,0.06487563322298229,True
outage_replay_fixed,83,edge0,intersection_03,False,16,0,16,0.11920106201432645,True
outage_replay_fixed,83,edge0,intersection_04,False,16,0,16,0.17848066450096667,True
outage_replay_fixed,83,edge0,intersection_05,False,16,0,16,0.05972082505468279,True
outage_replay_fixed,83,edge0,intersection_06,False,16,0,16,0.19272211869247258,True
outage_replay_fixed,83,edge1,intersection_07,False,16,0,16,0.060139138251543045,True
outage_replay_fixed,83,edge1,intersection_08,False,16,0,16,0.05949731660075485,True
outage_replay_fixed,83,edge1,intersection_09,False,16,0,16,0.1881560329347849,True
outage_replay_fixed,83,edge1,intersection_10,False,16,0,16,0.1088253993075341,True
outage_replay_fixed,83,edge1,intersection_11,False,16,0,16,0.060171195771545165,True
outage_replay_fixed,83,edge1,intersection_12,False,16,0,16,0.12024176702834664,True
outage_replay_fixed,83,edge1,intersection_13,False,16,0,16,0.18536664103157818,True
outage_replay_fixed,83,edge2,intersection_14,False,16,0,16,0.1033576529007405,True
outage_replay_fixed,83,edge2,intersection_15,False,16,0,16,0.11833836487494409,True
outage_replay_fixed,83,edge2,intersection_16,False,16,0,16,0.11814145068638027,True
outage_replay_fixed,83,edge2,intersection_17,False,16,0,16,0.11021047504618764,True
outage_replay_fixed,83,edge2,intersection_18,False,16,0,16,0.20661948597989976,True
outage_replay_fixed,83,edge2,intersection_19,False,16,0,16,0.1790385446511209,True
outage_replay_fixed,83,edge2,intersection_20,False,16,0,16,0.23949373629875478,True
outage_replay_fixed,84,edge0,intersection_00,False,16,0,16,0.024132372578606006,True
outage_replay_fixed,84,edge0,intersection_01,False,16,0,16,0.05857006995938718,True
outage_replay_fixed,84,edge0,intersection_02,False,16,0,16,0.058657576330006116,True
outage_replay_fixed,84,edge0,intersection_03,False,16,0,16,0.17828956665471196,True
outage_replay_fixed,84,edge0,intersection_04,False,16,0,16,0.05734224524348974,True
outage_replay_fixed,84,edge0,intersection_05,False,16,0,16,0.05998853943310678,True
outage_replay_fixed,84,edge0,intersection_06,False,16,0,16,0.0001539501827210188,True
outage_replay_fixed,84,edge1,intersection_07,False,16,0,16,0.23747162683866918,True
outage_replay_fixed,84,edge1,intersection_08,False,16,0,16,0.11902201664634049,True
outage_replay_fixed,84,edge1,intersection_09,False,16,0,16,0.2606959193944931,True
outage_replay_fixed,84,edge1,intersection_10,False,16,0,16,0.060229193884879344,True
outage_replay_fixed,84,edge1,intersection_11,False,16,0,16,0.2398711908608675,True
outage_replay_fixed,84,edge1,intersection_12,False,16,0,16,0.11940258648246527,True
outage_replay_fixed,84,edge1,intersection_13,False,16,0,16,0.11909310147166252,True
outage_replay_fixed,84,edge2,intersection_14,False,16,0,16,0.0001932620070874691,True
outage_replay_fixed,84,edge2,intersection_15,False,16,0,16,0.048292521620169275,True
outage_replay_fixed,84,edge2,intersection_16,False,16,0,16,0.00023335730656981468,True
outage_replay_fixed,84,edge2,intersection_17,False,16,0,16,0.12004606355912983,True
outage_replay_fixed,84,edge2,intersection_18,False,16,0,16,0.23820457118563354,True
outage_replay_fixed,84,edge2,intersection_19,False,16,0,16,0.1395098885986954,True
outage_replay_fixed,84,edge2,intersection_20,False,16,0,16,0.00018547405488789082,True
outage_replay_fixed,85,edge0,intersection_00,False,16,0,16,0.12000436428934336,True
outage_replay_fixed,85,edge0,intersection_01,False,16,0,16,0.06022007623687386,True
outage_replay_fixed,85,edge0,intersection_02,False,16,0,16,0.08027458935976028,True
outage_replay_fixed,85,edge0,intersection_03,False,16,0,16,0.09947847598232329,True
outage_replay_fixed,85,edge0,intersection_04,False,16,0,16,0.0002404279075562954,True
outage_replay_fixed,85,edge0,intersection_05,False,16,0,16,0.05816740170121193,True
outage_replay_fixed,85,edge0,intersection_06,False,16,0,16,0.11810158751904964,True
outage_replay_fixed,85,edge1,intersection_07,False,16,0,16,0.17750479001551867,True
outage_replay_fixed,85,edge1,intersection_08,False,16,0,16,0.06126725138165056,True
outage_replay_fixed,85,edge1,intersection_09,False,16,0,16,0.1180779121350497,True
outage_replay_fixed,85,edge1,intersection_10,False,16,0,16,0.10685527138411999,True
outage_replay_fixed,85,edge1,intersection_11,False,16,0,16,0.018050144892185926,True
outage_replay_fixed,85,edge1,intersection_12,False,16,0,16,0.17627180577255785,True
outage_replay_fixed,85,edge1,intersection_13,False,16,0,16,0.18549743969924748,True
outage_replay_fixed,85,edge2,intersection_14,False,16,0,16,0.059240514412522316,True
outage_replay_fixed,85,edge2,intersection_15,False,16,0,16,0.11620549950748682,True
outage_replay_fixed,85,edge2,intersection_16,False,16,0,16,0.0607500058831647,True
outage_replay_fixed,85,edge2,intersection_17,False,16,0,16,0.059163091238588095,True
outage_replay_fixed,85,edge2,intersection_18,False,16,0,16,0.00028806691989302635,True
outage_replay_fixed,85,edge2,intersection_19,False,16,0,16,0.06014287192374467,True
outage_replay_fixed,85,edge2,intersection_20,False,16,0,16,0.00021478673443198204,True
outage_replay_fixed,86,edge0,intersection_00,False,16,0,16,0.05951776844449341,True
outage_replay_fixed,86,edge0,intersection_01,False,16,0,16,0.09462456381879747,True
outage_replay_fixed,86,edge0,intersection_02,False,16,0,16,0.11837198515422642,True
outage_replay_fixed,86,edge0,intersection_03,False,16,0,16,0.11956861498765647,True
outage_replay_fixed,86,edge0,intersection_04,False,16,0,16,0.058750861091539264,True
outage_replay_fixed,86,edge0,intersection_05,False,16,0,16,0.06155008287169039,True
outage_replay_fixed,86,edge0,intersection_06,False,16,0,16,0.21997059555724263,True
outage_replay_fixed,86,edge1,intersection_07,False,16,0,16,0.1574037275277078,True
outage_replay_fixed,86,edge1,intersection_08,False,16,0,16,0.1802488917019218,True
outage_replay_fixed,86,edge1,intersection_09,False,16,0,16,0.06012991559691728,True
outage_replay_fixed,86,edge1,intersection_10,False,16,0,16,0.05852471082471311,True
outage_replay_fixed,86,edge1,intersection_11,False,16,0,16,0.17408941220492125,True
outage_replay_fixed,86,edge1,intersection_12,False,16,0,16,0.00022435933351516724,True
outage_replay_fixed,86,edge1,intersection_13,False,16,0,16,0.23695939243771136,True
outage_replay_fixed,86,edge2,intersection_14,False,16,0,16,0.2966970244888216,True
outage_replay_fixed,86,edge2,intersection_15,False,16,0,16,0.1786940039601177,True
outage_replay_fixed,86,edge2,intersection_16,False,16,0,16,0.12058870168402792,True
outage_replay_fixed,86,edge2,intersection_17,False,16,0,16,0.06513128825463355,True
outage_replay_fixed,86,edge2,intersection_18,False,16,0,16,0.23040491132996976,True
outage_replay_fixed,86,edge2,intersection_19,False,16,0,16,0.05733653670176864,True
outage_replay_fixed,86,edge2,intersection_20,False,16,0,16,0.0600478327833116,True
outage_replay_fixed,87,edge0,intersection_00,False,16,0,16,0.031203729333356023,True
outage_replay_fixed,87,edge0,intersection_01,False,16,0,16,0.1327783497981727,True
outage_replay_fixed,87,edge0,intersection_02,False,16,0,16,0.03997465712018311,True
outage_replay_fixed,87,edge0,intersection_03,False,16,0,16,0.05143560841679574,True
outage_replay_fixed,87,edge0,intersection_04,False,16,0,16,0.0002177208662033081,True
outage_replay_fixed,87,edge0,intersection_05,False,16,0,16,0.11989118857309222,True
outage_replay_fixed,87,edge0,intersection_06,False,16,0,16,0.17877854802645743,True
outage_replay_fixed,87,edge1,intersection_07,False,16,0,16,0.22171622421592474,True
outage_replay_fixed,87,edge1,intersection_08,False,16,0,16,0.17694282135926187,True
outage_replay_fixed,87,edge1,intersection_09,False,16,0,16,0.01519688544794917,True
outage_replay_fixed,87,edge1,intersection_10,False,16,0,16,0.1195408224593848,True
outage_replay_fixed,87,edge1,intersection_11,False,16,0,16,0.00023664324544370174,True
outage_replay_fixed,87,edge1,intersection_12,False,16,0,16,0.1796676879748702,True
outage_replay_fixed,87,edge1,intersection_13,False,16,0,16,0.06000191974453628,True
outage_replay_fixed,87,edge2,intersection_14,False,16,0,16,0.00025902572087943554,True
outage_replay_fixed,87,edge2,intersection_15,False,16,0,16,0.2386328678112477,True
outage_replay_fixed,87,edge2,intersection_16,False,16,0,16,0.12570004141889513,True
outage_replay_fixed,87,edge2,intersection_17,False,16,0,16,0.0001122388057410717,True
outage_replay_fixed,87,edge2,intersection_18,False,16,0,16,0.07277918327599764,True
outage_replay_fixed,87,edge2,intersection_19,False,16,0,16,0.24926150031387803,True
outage_replay_fixed,87,edge2,intersection_20,False,16,0,16,0.11340449145063758,True
outage_replay_fixed,88,edge0,intersection_00,False,16,0,16,0.11965120583772659,True
outage_replay_fixed,88,edge0,intersection_01,False,16,0,16,0.05972293019294739,True
outage_replay_fixed,88,edge0,intersection_02,False,16,0,16,0.23479760042391717,True
outage_replay_fixed,88,edge0,intersection_03,False,16,0,16,0.17875838675536215,True
outage_replay_fixed,88,edge0,intersection_04,False,16,0,16,0.11841153423301876,True
outage_replay_fixed,88,edge0,intersection_05,False,16,0,16,0.11623171181418002,True
outage_replay_fixed,88,edge0,intersection_06,False,16,0,16,0.16002183652017266,True
outage_replay_fixed,88,edge1,intersection_07,False,16,0,16,0.060217298334464424,True
outage_replay_fixed,88,edge1,intersection_08,False,16,0,16,0.05928889801725745,True
outage_replay_fixed,88,edge1,intersection_09,False,16,0,16,0.17744269012473524,True
outage_replay_fixed,88,edge1,intersection_10,False,16,0,16,0.0001734334509819746,True
outage_replay_fixed,88,edge1,intersection_11,False,16,0,16,0.027602788992226124,True
outage_replay_fixed,88,edge1,intersection_12,False,16,0,16,0.23516215872950852,True
outage_replay_fixed,88,edge1,intersection_13,False,16,0,16,0.05931289866566657,True
outage_replay_fixed,88,edge2,intersection_14,False,16,0,16,0.07399748498573899,True
outage_replay_fixed,88,edge2,intersection_15,False,16,0,16,0.060232655378058546,True
outage_replay_fixed,88,edge2,intersection_16,False,16,0,16,0.04943461366929114,True
outage_replay_fixed,88,edge2,intersection_17,False,16,0,16,0.236084507079795,True
outage_replay_fixed,88,edge2,intersection_18,False,16,0,16,0.11974838911555706,True
outage_replay_fixed,88,edge2,intersection_19,False,16,0,16,0.1772251937072724,True
outage_replay_fixed,88,edge2,intersection_20,False,16,0,16,0.00020186672918498516,True
outage_replay_fixed,89,edge0,intersection_00,False,16,0,16,0.00022513605654239655,True
outage_replay_fixed,89,edge0,intersection_01,False,16,0,16,0.05943434895016252,True
outage_replay_fixed,89,edge0,intersection_02,False,16,0,16,0.00029943976551294327,True
outage_replay_fixed,89,edge0,intersection_03,False,16,0,16,0.2981210961006582,True
outage_replay_fixed,89,edge0,intersection_04,False,16,0,16,0.04397331760264933,True
outage_replay_fixed,89,edge0,intersection_05,False,16,0,16,0.059716768795624375,True
outage_replay_fixed,89,edge0,intersection_06,False,16,0,16,0.1178111487533897,True
outage_replay_fixed,89,edge1,intersection_07,False,16,0,16,0.1202233089134097,True
outage_replay_fixed,89,edge1,intersection_08,False,16,0,16,0.16928531462326646,True
outage_replay_fixed,89,edge1,intersection_09,False,16,0,16,0.00026733800768852234,True
outage_replay_fixed,89,edge1,intersection_10,False,16,0,16,0.10009475704282522,True
outage_replay_fixed,89,edge1,intersection_11,False,16,0,16,0.06025798106566071,True
outage_replay_fixed,89,edge1,intersection_12,False,16,0,16,0.05967641063034534,True
outage_replay_fixed,89,edge1,intersection_13,False,16,0,16,0.059645852074027055,True
outage_replay_fixed,89,edge2,intersection_14,False,16,0,16,0.060193372191861265,True
outage_replay_fixed,89,edge2,intersection_15,False,16,0,16,0.1778091706801206,True
outage_replay_fixed,89,edge2,intersection_16,False,16,0,16,0.1755705012474209,True
outage_replay_fixed,89,edge2,intersection_17,False,16,0,16,0.11532943183556199,True
outage_replay_fixed,89,edge2,intersection_18,False,16,0,16,0.0597824917640537,True
outage_replay_fixed,89,edge2,intersection_19,False,16,0,16,0.1789530779933557,True
outage_replay_fixed,89,edge2,intersection_20,False,16,0,16,0.07156943855807185,True
outage_replay_fixed,90,edge0,intersection_00,False,16,0,16,0.059609438525512815,True
outage_replay_fixed,90,edge0,intersection_01,False,16,0,16,0.11846793117001653,True
outage_replay_fixed,90,edge0,intersection_02,False,16,0,16,0.11760137532837689,True
outage_replay_fixed,90,edge0,intersection_03,False,16,0,16,0.13130367849953473,True
outage_replay_fixed,90,edge0,intersection_04,False,16,0,16,0.17724311165511608,True
outage_replay_fixed,90,edge0,intersection_05,False,16,0,16,0.11895850673317909,True
outage_replay_fixed,90,edge0,intersection_06,False,16,0,16,0.06024483987130224,True
outage_replay_fixed,90,edge1,intersection_07,False,16,0,16,0.2967912000603974,True
outage_replay_fixed,90,edge1,intersection_08,False,16,0,16,0.07565558096393943,True
outage_replay_fixed,90,edge1,intersection_09,False,16,0,16,0.13030874356627464,True
outage_replay_fixed,90,edge1,intersection_10,False,16,0,16,0.11969408020377159,True
outage_replay_fixed,90,edge1,intersection_11,False,16,0,16,0.00022040610201656818,True
outage_replay_fixed,90,edge1,intersection_12,False,16,0,16,0.00019888044334948063,True
outage_replay_fixed,90,edge1,intersection_13,False,16,0,16,0.17803986952640116,True
outage_replay_fixed,90,edge2,intersection_14,False,16,0,16,0.11931164725683628,True
outage_replay_fixed,90,edge2,intersection_15,False,16,0,16,0.06016881624236702,True
outage_replay_fixed,90,edge2,intersection_16,False,16,0,16,0.060283131897449486,True
outage_replay_fixed,90,edge2,intersection_17,False,16,0,16,0.23887742892839015,True
outage_replay_fixed,90,edge2,intersection_18,False,16,0,16,0.18534596031531692,True
outage_replay_fixed,90,edge2,intersection_19,False,16,0,16,0.08905524923466146,True
outage_replay_fixed,90,edge2,intersection_20,False,16,0,16,0.2519835082348436,True
outage_replay_fixed,91,edge0,intersection_00,False,16,0,16,0.059532425133511424,True
outage_replay_fixed,91,edge0,intersection_01,False,16,0,16,0.23831558809615672,True
outage_replay_fixed,91,edge0,intersection_02,False,16,0,16,0.057391792768612504,True
outage_replay_fixed,91,edge0,intersection_03,False,16,0,16,0.11770684760995209,True
outage_replay_fixed,91,edge0,intersection_04,False,16,0,16,0.11756528401747346,True
outage_replay_fixed,91,edge0,intersection_05,False,16,0,16,0.11209939606487751,True
outage_replay_fixed,91,edge0,intersection_06,False,16,0,16,0.0001890147104859352,True
outage_replay_fixed,91,edge1,intersection_07,False,16,0,16,0.08808581007178873,True
outage_replay_fixed,91,edge1,intersection_08,False,16,0,16,0.06008176505565643,True
outage_replay_fixed,91,edge1,intersection_09,False,16,0,16,0.145491597475484,True
outage_replay_fixed,91,edge1,intersection_10,False,16,0,16,0.04448927519842982,True
outage_replay_fixed,91,edge1,intersection_11,False,16,0,16,0.05757891293615103,True
outage_replay_fixed,91,edge1,intersection_12,False,16,0,16,0.00021821237169206142,True
outage_replay_fixed,91,edge1,intersection_13,False,16,0,16,0.00020795362070202827,True
outage_replay_fixed,91,edge2,intersection_14,False,16,0,16,0.2136381254531443,True
outage_replay_fixed,91,edge2,intersection_15,False,16,0,16,0.006363471504300834,True
outage_replay_fixed,91,edge2,intersection_16,False,16,0,16,0.0002092511858791113,True
outage_replay_fixed,91,edge2,intersection_17,False,16,0,16,0.060545853222720325,True
outage_replay_fixed,91,edge2,intersection_18,False,16,0,16,0.06911334372125566,True
outage_replay_fixed,91,edge2,intersection_19,False,16,0,16,0.06021577841602265,True
outage_replay_fixed,91,edge2,intersection_20,False,16,0,16,0.00024792435579001904,True
outage_replay_fixed,92,edge0,intersection_00,False,16,0,16,0.1442291170824319,True
outage_replay_fixed,92,edge0,intersection_01,False,16,0,16,0.00028019538149237633,True
outage_replay_fixed,92,edge0,intersection_02,False,16,0,16,0.05736315483227372,True
outage_replay_fixed,92,edge0,intersection_03,False,16,0,16,0.000230537261813879,True
outage_replay_fixed,92,edge0,intersection_04,False,16,0,16,0.00016796006821095943,True
outage_replay_fixed,92,edge0,intersection_05,False,16,0,16,0.23932011844590306,True
outage_replay_fixed,92,edge0,intersection_06,False,16,0,16,0.07031098147854209,True
outage_replay_fixed,92,edge1,intersection_07,False,16,0,16,0.06872353819198906,True
outage_replay_fixed,92,edge1,intersection_08,False,16,0,16,0.0002110479399561882,True
outage_replay_fixed,92,edge1,intersection_09,False,16,0,16,0.17744706547819078,True
outage_replay_fixed,92,edge1,intersection_10,False,16,0,16,0.060212739743292325,True
outage_replay_fixed,92,edge1,intersection_11,False,16,0,16,0.05734971910715103,True
outage_replay_fixed,92,edge1,intersection_12,False,16,0,16,0.05921104899607599,True
outage_replay_fixed,92,edge1,intersection_13,False,16,0,16,0.05967873288318515,True
outage_replay_fixed,92,edge2,intersection_14,False,16,0,16,0.11761380545794964,True
outage_replay_fixed,92,edge2,intersection_15,False,16,0,16,0.178902791114524,True
outage_replay_fixed,92,edge2,intersection_16,False,16,0,16,0.2927023130469024,True
outage_replay_fixed,92,edge2,intersection_17,False,16,0,16,0.02366825076751411,True
outage_replay_fixed,92,edge2,intersection_18,False,16,0,16,0.117925911443308,True
outage_replay_fixed,92,edge2,intersection_19,False,16,0,16,0.11848687939345837,True
outage_replay_fixed,92,edge2,intersection_20,False,16,0,16,0.11860999232158065,True
outage_replay_fixed,93,edge0,intersection_00,False,16,0,16,0.17999544623307884,True
outage_replay_fixed,93,edge0,intersection_01,False,16,0,16,0.11953246407210827,True
outage_replay_fixed,93,edge0,intersection_02,False,16,0,16,0.02516465005464852,True
outage_replay_fixed,93,edge0,intersection_03,False,16,0,16,0.15618836251087487,True
outage_replay_fixed,93,edge0,intersection_04,False,16,0,16,0.05813173484057189,True
outage_replay_fixed,93,edge0,intersection_05,False,16,0,16,0.11748893279582262,True
outage_replay_fixed,93,edge0,intersection_06,False,16,0,16,0.00021812156774103642,True
outage_replay_fixed,93,edge1,intersection_07,False,16,0,16,0.17322863661684096,True
outage_replay_fixed,93,edge1,intersection_08,False,16,0,16,0.17018551821820438,True
outage_replay_fixed,93,edge1,intersection_09,False,16,0,16,0.10002630692906678,True
outage_replay_fixed,93,edge1,intersection_10,False,16,0,16,0.10266006225720048,True
outage_replay_fixed,93,edge1,intersection_11,False,16,0,16,0.00023213308304548264,True
outage_replay_fixed,93,edge1,intersection_12,False,16,0,16,0.1722876389976591,True
outage_replay_fixed,93,edge1,intersection_13,False,16,0,16,0.05968313361518085,True
outage_replay_fixed,93,edge2,intersection_14,False,16,0,16,0.17870838614180684,True
outage_replay_fixed,93,edge2,intersection_15,False,16,0,16,0.2977882861159742,True
outage_replay_fixed,93,edge2,intersection_16,False,16,0,16,0.2087029169779271,True
outage_replay_fixed,93,edge2,intersection_17,False,16,0,16,0.1764480744022876,True
outage_replay_fixed,93,edge2,intersection_18,False,16,0,16,0.17708254023455083,True
outage_replay_fixed,93,edge2,intersection_19,False,16,0,16,0.09975654981099069,True
outage_replay_fixed,93,edge2,intersection_20,False,16,0,16,0.37070513516664505,True
outage_replay_fixed,94,edge0,intersection_00,False,16,0,16,0.06018536211922764,True
outage_replay_fixed,94,edge0,intersection_01,False,16,0,16,0.059407778549939394,True
outage_replay_fixed,94,edge0,intersection_02,False,16,0,16,0.061280191177502275,True
outage_replay_fixed,94,edge0,intersection_03,False,16,0,16,0.06020042533054947,True
outage_replay_fixed,94,edge0,intersection_04,False,16,0,16,0.06002939841710031,True
outage_replay_fixed,94,edge0,intersection_05,False,16,0,16,0.05110886367037892,True
outage_replay_fixed,94,edge0,intersection_06,False,16,0,16,0.1802725838497281,True
outage_replay_fixed,94,edge1,intersection_07,False,16,0,16,0.11887724651023746,True
outage_replay_fixed,94,edge1,intersection_08,False,16,0,16,0.14510242198593915,True
outage_replay_fixed,94,edge1,intersection_09,False,16,0,16,0.09531890018843114,True
outage_replay_fixed,94,edge1,intersection_10,False,16,0,16,0.11896838550455868,True
outage_replay_fixed,94,edge1,intersection_11,False,16,0,16,0.29576280643232167,True
outage_replay_fixed,94,edge1,intersection_12,False,16,0,16,0.0001681272406131029,True
outage_replay_fixed,94,edge1,intersection_13,False,16,0,16,0.05822308245114982,True
outage_replay_fixed,94,edge2,intersection_14,False,16,0,16,0.00021627405658364296,True
outage_replay_fixed,94,edge2,intersection_15,False,16,0,16,0.11662158672697842,True
outage_replay_fixed,94,edge2,intersection_16,False,16,0,16,0.06025015865452587,True
outage_replay_fixed,94,edge2,intersection_17,False,16,0,16,0.06025429745204746,True
outage_replay_fixed,94,edge2,intersection_18,False,16,0,16,0.05773332039825618,True
outage_replay_fixed,94,edge2,intersection_19,False,16,0,16,0.2983767903642729,True
outage_replay_fixed,94,edge2,intersection_20,False,16,0,16,0.11849671578966081,True
outage_replay_fixed,95,edge0,intersection_00,False,16,0,16,0.00022454513236880302,True
outage_replay_fixed,95,edge0,intersection_01,False,16,0,16,0.05808795406483114,True
outage_replay_fixed,95,edge0,intersection_02,False,16,0,16,0.12014188710600138,True
outage_replay_fixed,95,edge0,intersection_03,False,16,0,16,0.00016880035400390625,True
outage_replay_fixed,95,edge0,intersection_04,False,16,0,16,0.07167928572744131,True
outage_replay_fixed,95,edge0,intersection_05,False,16,0,16,0.11965020257048309,True
outage_replay_fixed,95,edge0,intersection_06,False,16,0,16,0.0001850405242294073,True
outage_replay_fixed,95,edge1,intersection_07,False,16,0,16,0.013235971564427018,True
outage_replay_fixed,95,edge1,intersection_08,False,16,0,16,0.06019835104234516,True
outage_replay_fixed,95,edge1,intersection_09,False,16,0,16,0.12031977879814802,True
outage_replay_fixed,95,edge1,intersection_10,False,16,0,16,0.046528862323611975,True
outage_replay_fixed,95,edge1,intersection_11,False,16,0,16,0.23649567505344748,True
outage_replay_fixed,95,edge1,intersection_12,False,16,0,16,0.1187386370729655,True
outage_replay_fixed,95,edge1,intersection_13,False,16,0,16,0.21726515772752464,True
outage_replay_fixed,95,edge2,intersection_14,False,16,0,16,0.06756029231473804,True
outage_replay_fixed,95,edge2,intersection_15,False,16,0,16,0.06010881625115871,True
outage_replay_fixed,95,edge2,intersection_16,False,16,0,16,0.2151288437889889,True
outage_replay_fixed,95,edge2,intersection_17,False,16,0,16,0.0886529425624758,True
outage_replay_fixed,95,edge2,intersection_18,False,16,0,16,0.00015140650793910027,True
outage_replay_fixed,95,edge2,intersection_19,False,16,0,16,0.11947233928367496,True
outage_replay_fixed,95,edge2,intersection_20,False,16,0,16,0.021744004683569074,True
outage_replay_fixed,96,edge0,intersection_00,False,16,0,16,0.11945844232104719,True
outage_replay_fixed,96,edge0,intersection_01,False,16,0,16,0.11238938430324197,True
outage_replay_fixed,96,edge0,intersection_02,False,16,0,16,0.09116878593340516,True
outage_replay_fixed,96,edge0,intersection_03,False,16,0,16,0.00019340263679623604,True
outage_replay_fixed,96,edge0,intersection_04,False,16,0,16,0.058711536694318056,True
outage_replay_fixed,96,edge0,intersection_05,False,16,0,16,0.01012372667901218,True
outage_replay_fixed,96,edge0,intersection_06,False,16,0,16,0.11830404261127114,True
outage_replay_fixed,96,edge1,intersection_07,False,16,0,16,0.2264431316871196,True
outage_replay_fixed,96,edge1,intersection_08,False,16,0,16,0.00017738970927894115,True
outage_replay_fixed,96,edge1,intersection_09,False,16,0,16,0.17928085080347955,True
outage_replay_fixed,96,edge1,intersection_10,False,16,0,16,0.1787318626884371,True
outage_replay_fixed,96,edge1,intersection_11,False,16,0,16,0.00021286401897668839,True
outage_replay_fixed,96,edge1,intersection_12,False,16,0,16,0.10550954611971974,True
outage_replay_fixed,96,edge1,intersection_13,False,16,0,16,0.05636608880013227,True
outage_replay_fixed,96,edge2,intersection_14,False,16,0,16,0.059680484235286706,True
outage_replay_fixed,96,edge2,intersection_15,False,16,0,16,0.05926663754507899,True
outage_replay_fixed,96,edge2,intersection_16,False,16,0,16,0.11921924725174904,True
outage_replay_fixed,96,edge2,intersection_17,False,16,0,16,0.058766712667420506,True
outage_replay_fixed,96,edge2,intersection_18,False,16,0,16,0.1628180497791618,True
outage_replay_fixed,96,edge2,intersection_19,False,16,0,16,0.060175582999363535,True
outage_replay_fixed,96,edge2,intersection_20,False,16,0,16,0.06019608932547272,True
outage_replay_fixed,97,edge0,intersection_00,False,16,0,16,0.1497511425986886,True
outage_replay_fixed,97,edge0,intersection_01,False,16,0,16,0.07790215918794274,True
outage_replay_fixed,97,edge0,intersection_02,False,16,0,16,0.2369550308212638,True
outage_replay_fixed,97,edge0,intersection_03,False,16,0,16,0.004540748428553343,True
outage_replay_fixed,97,edge0,intersection_04,False,16,0,16,0.06006234046071767,True
outage_replay_fixed,97,edge0,intersection_05,False,16,0,16,0.25113839446567,True
outage_replay_fixed,97,edge0,intersection_06,False,16,0,16,0.057736666640266776,True
outage_replay_fixed,97,edge1,intersection_07,False,16,0,16,0.17332810070365667,True
outage_replay_fixed,97,edge1,intersection_08,False,16,0,16,0.059013382298871875,True
outage_replay_fixed,97,edge1,intersection_09,False,16,0,16,0.2014066488482058,True
outage_replay_fixed,97,edge1,intersection_10,False,16,0,16,0.00021322304382920265,True
outage_replay_fixed,97,edge1,intersection_11,False,16,0,16,0.29630986764095724,True
outage_replay_fixed,97,edge1,intersection_12,False,16,0,16,0.12977960892021656,True
outage_replay_fixed,97,edge1,intersection_13,False,16,0,16,0.11678081494756043,True
outage_replay_fixed,97,edge2,intersection_14,False,16,0,16,0.17527831229381263,True
outage_replay_fixed,97,edge2,intersection_15,False,16,0,16,0.00020342040807008743,True
outage_replay_fixed,97,edge2,intersection_16,False,16,0,16,0.1771562162321061,True
outage_replay_fixed,97,edge2,intersection_17,False,16,0,16,0.11973748588934541,True
outage_replay_fixed,97,edge2,intersection_18,False,16,0,16,0.00018780725076794624,True
outage_replay_fixed,97,edge2,intersection_19,False,16,0,16,0.25691197952255607,True
outage_replay_fixed,97,edge2,intersection_20,False,16,0,16,0.049568781163543456,True
outage_replay_fixed,98,edge0,intersection_00,False,16,0,16,0.059910116251558065,True
outage_replay_fixed,98,edge0,intersection_01,False,16,0,16,0.4138158052228391,True
outage_replay_fixed,98,edge0,intersection_02,False,16,0,16,0.11876791901886463,True
outage_replay_fixed,98,edge0,intersection_03,False,16,0,16,0.13546539889648557,True
outage_replay_fixed,98,edge0,intersection_04,False,16,0,16,0.05004171538166702,True
outage_replay_fixed,98,edge0,intersection_05,False,16,0,16,0.07490353845059872,True
outage_replay_fixed,98,edge0,intersection_06,False,16,0,16,0.05937141284812241,True
outage_replay_fixed,98,edge1,intersection_07,False,16,0,16,0.05916547030210495,True
outage_replay_fixed,98,edge1,intersection_08,False,16,0,16,0.00017079501412808895,True
outage_replay_fixed,98,edge1,intersection_09,False,16,0,16,0.06022781017236411,True
outage_replay_fixed,98,edge1,intersection_10,False,16,0,16,0.17379923164844513,True
outage_replay_fixed,98,edge1,intersection_11,False,16,0,16,0.00023180758580565453,True
outage_replay_fixed,98,edge1,intersection_12,False,16,0,16,0.17505609686486423,True
outage_replay_fixed,98,edge1,intersection_13,False,16,0,16,0.06022716523148119,True
outage_replay_fixed,98,edge2,intersection_14,False,16,0,16,0.055891141062602394,True
outage_replay_fixed,98,edge2,intersection_15,False,16,0,16,0.11955836578272283,True
outage_replay_fixed,98,edge2,intersection_16,False,16,0,16,0.11610488756559789,True
outage_replay_fixed,98,edge2,intersection_17,False,16,0,16,0.1320696072652936,True
outage_replay_fixed,98,edge2,intersection_18,False,16,0,16,0.11999838473275304,True
outage_replay_fixed,98,edge2,intersection_19,False,16,0,16,0.10525574441999197,True
outage_replay_fixed,98,edge2,intersection_20,False,16,0,16,0.11924830125644803,True
outage_replay_fixed,99,edge0,intersection_00,False,16,0,16,0.12006079335696995,True
outage_replay_fixed,99,edge0,intersection_01,False,16,0,16,0.17912580049596727,True
outage_replay_fixed,99,edge0,intersection_02,False,16,0,16,0.17701567732729018,True
outage_replay_fixed,99,edge0,intersection_03,False,16,0,16,0.08711588359437883,True
outage_replay_fixed,99,edge0,intersection_04,False,16,0,16,0.1197828808799386,True
outage_replay_fixed,99,edge0,intersection_05,False,16,0,16,0.00023078522644937038,True
outage_replay_fixed,99,edge0,intersection_06,False,16,0,16,0.15465342614334077,True
outage_replay_fixed,99,edge1,intersection_07,False,16,0,16,0.0002459122333675623,True
outage_replay_fixed,99,edge1,intersection_08,False,16,0,16,0.11953438655473292,True
outage_replay_fixed,99,edge1,intersection_09,False,16,0,16,0.19703109213151038,True
outage_replay_fixed,99,edge1,intersection_10,False,16,0,16,0.17877269117161632,True
outage_replay_fixed,99,edge1,intersection_11,False,16,0,16,0.09333404945209622,True
outage_replay_fixed,99,edge1,intersection_12,False,16,0,16,0.058691935846582055,True
outage_replay_fixed,99,edge1,intersection_13,False,16,0,16,0.007444743765518069,True
outage_replay_fixed,99,edge2,intersection_14,False,16,0,16,0.060163181507959955,True
outage_replay_fixed,99,edge2,intersection_15,False,16,0,16,0.0002697780728340149,True
outage_replay_fixed,99,edge2,intersection_16,False,16,0,16,0.16082898317836225,True
outage_replay_fixed,99,edge2,intersection_17,False,16,0,16,0.060328109655529254,True
outage_replay_fixed,99,edge2,intersection_18,False,16,0,16,0.13837001263163984,True
outage_replay_fixed,99,edge2,intersection_19,False,16,0,16,0.0002992120571434498,True
outage_replay_fixed,99,edge2,intersection_20,False,16,0,16,0.00023628631606698036,True
outage_replay_fixed,100,edge0,intersection_00,False,16,0,16,0.17922080936841667,True
outage_replay_fixed,100,edge0,intersection_01,False,16,0,16,0.05993131571449339,True
outage_replay_fixed,100,edge0,intersection_02,False,16,0,16,0.11878359690308571,True
outage_replay_fixed,100,edge0,intersection_03,False,16,0,16,0.08157173031941056,True
outage_replay_fixed,100,edge0,intersection_04,False,16,0,16,0.2198352620471269,True
outage_replay_fixed,100,edge0,intersection_05,False,16,0,16,0.05928306397981942,True
outage_replay_fixed,100,edge0,intersection_06,False,16,0,16,0.00020554079674184322,True
outage_replay_fixed,100,edge1,intersection_07,False,16,0,16,0.11924354988150299,True
outage_replay_fixed,100,edge1,intersection_08,False,16,0,16,0.11903630010783672,True
outage_replay_fixed,100,edge1,intersection_09,False,16,0,16,0.11432666960172355,True
outage_replay_fixed,100,edge1,intersection_10,False,16,0,16,0.06015639821998775,True
outage_replay_fixed,100,edge1,intersection_11,False,16,0,16,0.00027045118622481823,True
outage_replay_fixed,100,edge1,intersection_12,False,16,0,16,0.08589584054425359,True
outage_replay_fixed,100,edge1,intersection_13,False,16,0,16,0.04940247884951532,True
outage_replay_fixed,100,edge2,intersection_14,False,16,0,16,0.179082911927253,True
outage_replay_fixed,100,edge2,intersection_15,False,16,0,16,0.05743436422199011,True
outage_replay_fixed,100,edge2,intersection_16,False,16,0,16,0.0002263330388814211,True
outage_replay_fixed,100,edge2,intersection_17,False,16,0,16,0.032432968728244305,True
outage_replay_fixed,100,edge2,intersection_18,False,16,0,16,0.17949145240709183,True
outage_replay_fixed,100,edge2,intersection_19,False,16,0,16,0.05921966605819762,True
outage_replay_fixed,100,edge2,intersection_20,False,16,0,16,0.29686084180139005,True
